ID,Warehouse_block,Mode_of_Shipment,Customer_care_calls,Customer_rating,Cost_of_the_Product,Prior_purchases,Product_importance,Gender,Discount_offered,Weight_in_gms,Reached.on.Time_Y.N
1,,,4,2,177,3,,,44,1233,1
2,,,4,5,216,2,,,59,3088,1
3,,,2,2,183,4,,,48,3374,1
4,,,3,3,176,4,,,10,1177,1
5,,,2,2,184,3,,,46,2484,1
6,,,3,1,162,3,,,12,1417,1
7,,,3,4,250,3,,,3,2371,1
8,,,4,1,233,2,,,48,2804,1
9,,,3,4,150,3,,,11,1861,1
10,,,3,2,164,3,,,29,1187,1
11,,,3,4,189,2,,,12,2888,1
12,,,4,5,232,3,,,32,3253,1
13,,,3,5,198,3,,,1,3667,1
14,,,4,4,275,3,,,29,2602,1
15,,,4,3,152,3,,,43,1009,1
16,,,4,3,227,3,,,45,2707,1
17,,,3,4,143,2,,,6,1194,1
18,,,5,5,227,3,,,36,3952,1
19,,,5,5,239,3,,,18,2495,1
20,,,4,5,145,3,,,45,1059,1
21,,,3,3,161,2,,,38,1521,1
22,,,3,1,232,4,,,51,2899,1
23,,,2,5,156,2,,,2,1750,1
24,,,4,3,211,3,,,12,3922,1
25,,,4,5,251,2,,,28,3561,1
26,,,3,1,225,4,,,29,3496,1
27,,,4,1,172,3,,,24,1066,1
28,,,5,1,162,3,,,31,1435,1
29,,,2,3,234,4,,,44,3134,1
30,,,5,4,183,2,,,36,3819,1
31,,,3,4,266,2,,,38,2741,1
32,,,5,3,257,2,,,61,3341,1
33,,,3,1,223,3,,,22,3795,1
34,,,4,2,234,3,,,4,3261,1
35,,,4,2,227,4,,,22,2460,1
36,,,5,4,149,3,,,44,1811,1
37,,,3,5,137,4,,,62,1477,1
38,,,2,4,181,6,,,16,3605,1
39,,,5,1,215,4,,,56,3905,1
40,,,4,2,269,5,,,45,2383,1
41,,,5,1,227,2,,,15,3798,1
42,,,5,5,139,4,,,61,1265,1
43,,,3,5,137,2,,,38,1647,1
44,,,3,1,174,2,,,44,1556,1
45,,,3,1,151,2,,,29,1328,1
46,,,5,1,210,3,,,9,2944,1
47,,,3,4,169,4,,,32,1245,1
48,,,5,1,160,2,,,32,1576,1
49,,,5,4,190,2,,,9,3753,1
50,,,5,3,216,3,,,40,2146,1
51,,,4,1,183,3,,,37,2042,1
52,,,4,4,141,3,,,22,1735,1
53,,,4,3,165,3,,,44,1320,1
54,,,2,1,170,3,,,41,1128,1
55,,,4,3,203,3,,,12,3539,1
56,,,2,5,246,5,,,46,2437,1
57,,,3,3,238,3,,,61,3096,1
58,,,3,3,193,3,,,29,3453,1
59,,,5,5,141,3,,,41,1367,1
60,,,4,1,150,3,,,17,1923,1
61,,,3,1,221,3,,,64,2794,1
62,,,3,3,179,3,,,52,1158,1
63,,,5,1,105,6,,,62,1292,1
64,,,3,1,177,3,,,61,1880,1
65,,,4,5,261,2,,,49,3045,1
66,,,3,2,202,3,,,49,2881,1
67,,,3,2,109,3,,,15,1710,1
68,,,3,3,158,3,,,6,1878,1
69,,,4,2,231,4,,,6,2512,1
70,,,3,5,206,3,,,39,2929,1
71,,,5,1,187,4,,,14,3849,1
72,,,5,5,230,2,,,2,2229,1
73,,,5,5,232,3,,,33,2998,1
74,,,4,5,215,3,,,21,3984,1
75,,,6,1,238,6,,,13,2442,1
76,,,4,1,266,3,,,23,3775,1
77,,,2,3,158,2,,,36,1788,1
78,,,3,3,113,3,,,43,1518,1
79,,,3,4,223,3,,,18,3959,1
80,,,3,5,257,2,,,56,3711,1
81,,,3,4,180,2,,,49,1942,1
82,,,2,5,132,3,,,18,1759,1
83,,,4,4,217,3,,,26,2875,1
84,,,5,5,162,3,,,31,1364,1
85,,,4,5,197,2,,,40,2710,1
86,,,3,4,197,3,,,13,2148,1
87,,,4,1,185,2,,,44,2910,1
88,,,6,2,278,3,,,3,2974,1
89,,,3,3,229,3,,,49,2339,1
90,,,4,1,186,4,,,57,3880,1
91,,,5,3,174,6,,,41,1085,1
92,,,5,5,286,3,,,18,3163,1
93,,,4,4,175,2,,,7,1188,1
94,,,3,3,219,3,,,17,3387,1
95,,,4,1,213,4,,,35,2343,1
96,,,2,3,235,3,,,57,2034,1
97,,,3,3,149,2,,,18,1225,1
98,,,4,1,271,2,,,8,2401,1
99,,,3,5,144,4,,,5,1104,1
100,,,4,2,145,2,,,21,1617,1
101,,,5,3,143,2,,,59,1837,1
102,,,5,5,227,4,,,53,2624,1
103,,,2,1,213,3,,,29,2732,1
104,,,5,1,144,4,,,37,1658,1
105,,,3,3,218,3,,,3,2255,1
106,,,4,2,144,3,,,59,1588,1
107,,,3,1,238,3,,,17,2624,1
108,,,4,5,216,3,,,26,2053,1
109,,,4,5,238,3,,,55,3257,1
110,,,4,1,141,3,,,47,1250,1
111,,,3,1,158,2,,,2,1284,1
112,,,4,2,239,3,,,65,3679,1
113,,,4,3,175,2,,,25,1816,1
114,,,3,2,263,3,,,41,2817,1
115,,,3,5,168,2,,,50,1616,1
116,,,3,4,176,3,,,36,1779,1
117,,,4,1,150,4,,,60,1024,1
118,,,4,3,265,2,,,31,2326,1
119,,,2,5,263,3,,,5,2947,1
120,,,5,1,145,3,,,20,1387,1
121,,,4,2,183,3,,,33,2741,1
122,,,3,3,205,3,,,19,2167,1
123,,,4,2,160,3,,,64,1714,1
124,,,3,3,252,2,,,48,2102,1
125,,,5,5,222,3,,,10,2280,1
126,,,3,3,203,2,,,25,3607,1
127,,,4,5,220,3,,,40,3516,1
128,,,3,3,147,4,,,60,1722,1
129,,,4,4,200,4,,,16,2060,1
130,,,4,5,224,4,,,21,2026,1
131,,,3,5,179,2,,,17,1364,1
132,,,3,4,144,3,,,50,1865,1
133,,,5,2,247,3,,,17,3889,1
134,,,5,4,280,6,,,51,3582,1
135,,,3,3,168,2,,,1,1829,1
136,,,3,5,157,3,,,4,1889,1
137,,,3,3,189,4,,,51,2208,1
138,,,3,5,162,2,,,7,1739,1
139,,,4,1,207,5,,,48,2399,1
140,,,5,1,237,2,,,10,3860,1
141,,,4,4,264,3,,,59,2020,1
142,,,5,4,149,3,,,51,1645,1
143,,,5,5,162,3,,,41,1462,1
144,,,2,1,205,4,,,63,2156,1
145,,,2,1,158,3,,,51,1540,1
146,,,2,2,248,2,,,46,3707,1
147,,,3,5,191,3,,,23,3750,1
148,,,4,3,146,4,,,24,1844,1
149,,,3,3,135,3,,,56,1490,1
150,,,5,1,149,3,,,40,1062,1
151,,,4,4,220,2,,,7,2551,1
152,,,5,3,98,5,,,44,1269,1
153,,,3,4,97,4,,,32,1238,1
154,,,3,3,183,2,,,53,3932,1
155,,,3,3,162,3,,,8,1869,1
156,,,5,1,114,4,,,47,1443,1
157,,,6,3,275,5,,,41,2491,1
158,,,3,2,203,2,,,39,3845,1
159,,,5,5,205,2,,,65,3671,1
160,,,3,3,149,3,,,63,1946,1
161,,,2,2,112,4,,,56,1138,1
162,,,3,1,207,3,,,56,3482,1
163,,,4,1,261,4,,,58,3427,1
164,,,5,2,274,3,,,6,3375,1
165,,,3,5,141,2,,,52,1692,1
166,,,3,3,166,4,,,17,1498,1
167,,,5,2,141,3,,,34,1020,1
168,,,4,5,152,3,,,43,1709,1
169,,,4,2,250,3,,,53,2478,1
170,,,4,3,161,3,,,28,1809,1
171,,,4,3,185,3,,,10,2263,1
172,,,4,4,176,4,,,52,1096,1
173,,,3,4,148,3,,,56,1550,1
174,,,3,2,270,3,,,63,2751,1
175,,,3,3,242,3,,,51,3935,1
176,,,4,4,150,2,,,3,1285,1
177,,,4,5,192,3,,,20,3872,1
178,,,4,5,116,3,,,54,1314,1
179,,,3,3,192,3,,,2,3995,1
180,,,5,5,255,4,,,3,3440,1
181,,,4,1,161,7,,,18,1294,1
182,,,4,5,157,3,,,20,1487,1
183,,,3,2,164,10,,,28,1940,1
184,,,3,5,162,7,,,16,1052,1
185,,,3,3,146,2,,,50,1486,1
186,,,3,2,209,3,,,54,3001,1
187,,,5,4,134,2,,,55,1386,1
188,,,2,1,222,2,,,5,3778,1
189,,,2,5,139,3,,,27,1233,1
190,,,2,4,134,3,,,42,1415,1
191,,,2,5,130,3,,,16,1092,1
192,,,2,5,133,3,,,62,1596,1
193,,,2,4,140,3,,,7,1411,1
194,,,2,2,158,3,,,28,1968,1
195,,,4,2,270,4,,,46,1736,1
196,,,2,5,140,3,,,30,1030,1
197,,,2,2,135,3,,,15,1339,1
198,,,2,3,136,3,,,19,1568,1
199,,,2,3,142,3,,,38,7640,1
200,,,2,2,154,3,,,38,7846,1
201,,,2,3,139,3,,,9,1471,1
202,,,2,3,160,3,,,43,1251,1
203,,,2,4,134,3,,,58,1067,1
204,,,5,3,161,5,,,48,1883,1
205,,,2,5,155,3,,,23,1602,1
206,,,2,3,145,3,,,24,7588,1
207,,,2,2,157,3,,,1,1477,1
208,,,2,2,160,3,,,48,1691,1
209,,,2,4,152,3,,,55,1498,1
210,,,2,5,148,3,,,11,1502,1
211,,,2,1,127,3,,,15,1522,1
212,,,2,5,154,3,,,21,1113,1
213,,,2,5,127,3,,,44,1341,1
214,,,2,5,160,3,,,31,7401,1
215,,,2,4,129,3,,,48,1219,1
216,,,2,5,158,3,,,40,1722,1
217,,,4,3,185,3,,,3,3131,1
218,,,4,4,176,4,,,63,1293,1
219,,,3,4,148,3,,,37,1523,1
220,,,3,5,270,3,,,60,3885,1
221,,,3,4,242,3,,,29,2381,1
222,,,4,3,150,2,,,31,1588,1
223,,,4,2,192,3,,,4,2061,1
224,,,4,5,116,3,,,9,1314,1
225,,,3,4,192,3,,,31,3331,1
226,,,5,4,255,4,,,38,2771,1
227,,,4,3,161,7,,,63,1496,1
228,,,4,2,157,3,,,48,1393,1
229,,,3,2,164,10,,,14,1375,1
230,,,3,3,162,7,,,42,1278,1
231,,,3,1,146,2,,,54,1528,1
232,,,3,4,209,3,,,60,2240,1
233,,,5,5,134,2,,,53,1088,1
234,,,2,1,222,2,,,58,3626,1
235,,,2,1,139,3,,,39,1582,1
236,,,2,2,134,3,,,38,1352,1
237,,,2,3,130,3,,,48,1801,1
238,,,2,2,133,3,,,5,1268,1
239,,,2,3,140,3,,,23,1372,1
240,,,2,3,158,3,,,10,1515,1
241,,,4,5,270,4,,,65,1818,1
242,,,2,4,140,3,,,33,1278,1
243,,,2,2,135,3,,,58,1734,1
244,,,2,4,136,3,,,43,1958,1
245,,,2,1,142,3,,,8,6064,1
246,,,2,4,154,3,,,48,7684,1
247,,,2,3,139,3,,,3,1788,1
248,,,2,4,160,3,,,50,1030,1
249,,,2,2,134,3,,,38,1530,1
250,,,5,5,161,5,,,54,1511,1
251,,,2,3,155,3,,,45,1639,1
252,,,2,2,145,3,,,5,6102,1
253,,,2,1,157,3,,,58,1930,1
254,,,2,5,160,3,,,19,1399,1
255,,,2,2,152,3,,,61,1800,1
256,,,2,2,148,3,,,35,1349,1
257,,,2,2,127,3,,,13,1128,1
258,,,2,2,129,3,,,22,6614,1
259,,,2,3,158,3,,,13,1245,1
260,,,2,4,147,3,,,5,1920,1
261,,,2,5,159,3,,,49,1621,1
262,,,2,3,151,3,,,23,1930,1
263,,,3,1,294,4,,,52,1089,1
264,,,3,2,226,2,,,45,1446,1
265,,,5,3,271,5,,,9,1813,1
266,,,7,2,203,5,,,61,1856,1
267,,,2,3,264,4,,,10,1648,1
268,,,4,1,258,3,,,36,2211,1
269,,,3,5,241,3,,,21,3078,1
270,,,4,5,208,3,,,23,2056,1
271,,,3,2,209,5,,,12,3054,1
272,,,5,1,182,2,,,23,2707,1
273,,,4,5,148,2,,,43,1087,1
274,,,2,3,183,2,,,52,3199,1
275,,,3,5,229,6,,,22,2717,1
276,,,5,5,115,5,,,26,1692,1
277,,,4,2,136,3,,,65,1962,1
278,,,4,4,212,3,,,21,3307,1
279,,,4,3,171,3,,,24,1304,1
280,,,3,1,151,2,,,60,1925,1
281,,,3,1,205,3,,,39,3062,1
282,,,5,4,147,3,,,23,1132,1
283,,,3,3,155,3,,,29,1712,1
284,,,5,4,165,3,,,20,1150,1
285,,,5,5,230,3,,,32,3249,1
286,,,2,4,181,4,,,13,2309,1
287,,,5,3,234,2,,,55,3308,1
288,,,4,4,149,3,,,34,1977,1
289,,,5,5,156,2,,,44,1561,1
290,,,4,2,172,3,,,59,1858,1
291,,,4,4,270,3,,,12,3279,1
292,,,4,1,206,3,,,23,3807,1
293,,,4,3,211,4,,,40,3106,1
294,,,3,2,136,4,,,62,1090,1
295,,,5,1,186,2,,,52,3981,1
296,,,3,1,202,2,,,62,3398,1
297,,,4,2,183,3,,,12,3646,1
298,,,4,4,232,2,,,36,2861,1
299,,,4,2,147,4,,,52,1129,1
300,,,4,3,136,3,,,20,1531,1
301,,,5,3,127,3,,,43,1446,1
302,,,4,5,202,2,,,35,3695,1
303,,,3,4,241,2,,,57,3671,1
304,,,4,3,222,2,,,55,3833,1
305,,,3,2,183,4,,,12,2777,1
306,,,4,4,249,3,,,36,3769,1
307,,,3,1,243,4,,,59,3838,1
308,,,3,3,163,3,,,9,1257,1
309,,,4,2,165,2,,,11,1596,1
310,,,5,5,266,3,,,53,3089,1
311,,,3,4,193,2,,,48,3909,1
312,,,3,2,154,3,,,56,1136,1
313,,,3,3,140,3,,,51,1046,1
314,,,4,3,272,3,,,38,3705,1
315,,,4,2,143,6,,,20,1654,1
316,,,4,2,138,3,,,30,1805,1
317,,,4,2,238,2,,,17,3358,1
318,,,4,5,273,4,,,31,2373,1
319,,,3,1,200,2,,,27,2551,1
320,,,4,5,213,4,,,39,2381,1
321,,,3,4,224,2,,,15,2701,1
322,,,4,5,141,3,,,12,1672,1
323,,,3,3,150,3,,,46,1040,1
324,,,3,1,192,2,,,33,2818,1
325,,,5,1,279,4,,,24,3440,1
326,,,3,4,246,3,,,30,3748,1
327,,,3,4,173,3,,,52,1587,1
328,,,4,4,233,4,,,59,2358,1
329,,,5,1,274,2,,,24,2423,1
330,,,4,5,243,4,,,41,2782,1
331,,,3,4,197,3,,,56,3427,1
332,,,4,3,140,3,,,46,1072,1
333,,,3,5,215,3,,,22,2585,1
334,,,3,4,211,3,,,8,3710,1
335,,,4,2,220,5,,,33,2854,1
336,,,3,1,194,4,,,64,2026,1
337,,,5,1,262,3,,,58,3599,1
338,,,4,4,201,2,,,1,3147,1
339,,,3,5,261,3,,,15,2989,1
340,,,4,4,191,6,,,60,3425,1
341,,,2,5,255,5,,,53,3775,1
342,,,3,2,169,2,,,30,1698,1
343,,,4,5,162,2,,,64,1918,1
344,,,2,5,248,6,,,62,2750,1
345,,,5,3,197,4,,,2,2222,1
346,,,5,1,264,3,,,6,2882,1
347,,,5,5,260,2,,,55,2791,1
348,,,5,3,186,2,,,58,2259,1
349,,,4,5,233,4,,,44,2551,1
350,,,5,1,161,3,,,47,1954,1
351,,,4,5,188,3,,,13,2409,1
352,,,5,5,171,2,,,22,1695,1
353,,,2,2,267,3,,,15,2481,1
354,,,4,3,255,2,,,47,2956,1
355,,,3,2,132,3,,,56,1303,1
356,,,5,1,266,3,,,31,3157,1
357,,,3,4,198,2,,,25,2774,1
358,,,2,3,247,2,,,62,3127,1
359,,,3,1,140,3,,,65,1291,1
360,,,4,3,131,5,,,6,1659,1
361,,,5,2,246,3,,,49,3236,1
362,,,3,2,159,3,,,4,1681,1
363,,,3,5,203,2,,,61,3642,1
364,,,4,3,187,4,,,29,3141,1
365,,,6,2,146,3,,,62,1936,1
366,,,3,2,234,3,,,39,2099,1
367,,,3,4,122,3,,,15,1354,1
368,,,3,3,135,3,,,8,1074,1
369,,,3,5,103,3,,,3,1403,1
370,,,3,5,257,3,,,19,2173,1
371,,,4,3,169,2,,,2,1399,1
372,,,4,5,159,3,,,18,1808,1
373,,,4,5,188,3,,,38,3031,1
374,,,5,1,136,3,,,19,1420,1
375,,,5,1,227,3,,,19,3007,1
376,,,3,5,262,2,,,53,3275,1
377,,,2,3,157,2,,,45,1965,1
378,,,5,3,238,2,,,21,2053,1
379,,,3,5,152,3,,,43,1282,1
380,,,3,2,201,3,,,5,2040,1
381,,,3,4,148,2,,,54,1778,1
382,,,5,2,199,4,,,59,2885,1
383,,,5,4,215,2,,,45,3501,1
384,,,4,5,175,2,,,40,1270,1
385,,,4,3,236,2,,,23,3123,1
386,,,2,5,182,2,,,57,2896,1
387,,,3,1,251,3,,,42,3698,1
388,,,5,2,173,3,,,7,1855,1
389,,,4,3,225,3,,,62,2587,1
390,,,4,2,167,4,,,20,1705,1
391,,,4,1,259,3,,,20,2154,1
392,,,4,1,178,3,,,63,1573,1
393,,,4,4,178,4,,,13,1614,1
394,,,5,4,169,2,,,20,1765,1
395,,,3,2,272,2,,,33,2321,1
396,,,4,4,183,3,,,29,3251,1
397,,,3,4,205,3,,,10,2728,1
398,,,2,1,123,4,,,53,1036,1
399,,,4,3,152,3,,,58,1453,1
400,,,3,1,220,2,,,40,3773,1
401,,,4,3,134,3,,,51,1965,1
402,,,3,2,217,2,,,19,2992,1
403,,,3,2,265,3,,,49,2791,1
404,,,4,2,249,5,,,36,3836,1
405,,,5,3,213,4,,,50,2003,1
406,,,2,2,124,3,,,56,1494,1
407,,,4,1,180,2,,,23,1193,1
408,,,4,5,193,3,,,65,2267,1
409,,,3,2,192,3,,,43,3339,1
410,,,2,5,166,3,,,3,1832,1
411,,,3,2,264,3,,,5,3861,1
412,,,3,4,200,2,,,14,3528,1
413,,,4,3,142,4,,,12,1396,1
414,,,4,1,215,2,,,32,3066,1
415,,,2,1,218,2,,,15,2745,1
416,,,3,2,115,3,,,27,1814,1
417,,,4,3,159,3,,,33,1330,1
418,,,5,5,133,3,,,63,1218,1
419,,,5,2,178,3,,,48,1517,1
420,,,4,2,134,2,,,43,1714,1
421,,,3,1,184,5,,,58,2544,1
422,,,4,2,251,2,,,24,2405,1
423,,,3,2,141,3,,,7,1933,1
424,,,4,4,229,2,,,45,3776,1
425,,,4,1,203,4,,,34,3813,1
426,,,4,3,158,3,,,57,1911,1
427,,,3,4,167,3,,,52,1755,1
428,,,5,4,197,4,,,40,3303,1
429,,,2,2,140,3,,,19,1806,1
430,,,5,1,205,2,,,27,3569,1
431,,,5,5,208,3,,,45,2018,1
432,,,4,2,96,3,,,22,1294,1
433,,,6,4,205,3,,,44,2064,1
434,,,4,2,215,3,,,48,2953,1
435,,,4,1,216,3,,,43,2643,1
436,,,3,1,112,2,,,22,1846,1
437,,,5,4,222,3,,,20,3632,1
438,,,5,2,186,3,,,15,2153,1
439,,,3,5,241,3,,,48,2841,1
440,,,3,3,172,3,,,58,1269,1
441,,,3,5,251,2,,,23,2426,1
442,,,5,3,190,3,,,45,2628,1
443,,,4,3,186,2,,,48,2805,1
444,,,4,4,207,2,,,35,2596,1
445,,,3,3,135,3,,,19,1366,1
446,,,4,4,189,2,,,18,2955,1
447,,,4,4,173,5,,,51,1691,1
448,,,3,4,194,3,,,3,2169,1
449,,,3,1,183,3,,,19,3018,1
450,,,4,3,140,2,,,22,1248,1
451,,,4,4,244,3,,,55,2782,1
452,,,2,3,189,4,,,34,3355,1
453,,,3,2,157,2,,,53,1390,1
454,,,4,1,275,10,,,23,2726,1
455,,,4,5,133,3,,,53,1467,1
456,,,4,1,149,3,,,54,1178,1
457,,,3,3,254,2,,,17,3153,1
458,,,3,4,145,8,,,15,1429,1
459,,,3,2,179,5,,,52,1991,1
460,,,5,2,168,3,,,26,1526,1
461,,,4,1,202,3,,,18,3940,1
462,,,3,4,220,7,,,43,2620,1
463,,,3,4,244,8,,,1,2703,1
464,,,4,2,186,7,,,40,3111,1
465,,,5,2,263,8,,,24,3139,1
466,,,3,2,294,4,,,15,1318,1
467,,,3,5,226,2,,,2,1043,1
468,,,4,4,173,5,,,2,1175,1
469,,,3,5,194,3,,,10,2277,1
470,,,3,5,183,3,,,2,3459,1
471,,,4,1,140,2,,,61,1770,1
472,,,4,3,244,3,,,8,3318,1
473,,,2,2,189,4,,,9,3413,1
474,,,3,1,157,2,,,39,1525,1
475,,,4,3,275,10,,,10,2093,1
476,,,4,5,133,3,,,59,1092,1
477,,,4,2,149,3,,,26,1863,1
478,,,3,4,254,2,,,41,3973,1
479,,,3,4,145,8,,,24,1594,1
480,,,3,5,179,5,,,56,1113,1
481,,,5,4,168,3,,,13,1317,1
482,,,4,5,202,3,,,46,3181,1
483,,,3,3,220,7,,,25,2141,1
484,,,3,2,244,8,,,50,3562,1
485,,,4,3,186,7,,,30,2062,1
486,,,5,5,263,8,,,9,2236,1
487,,,3,1,294,4,,,25,1498,1
488,,,4,1,139,3,,,56,1811,1
489,,,7,5,192,3,,,46,1550,1
490,,,3,3,235,3,,,5,3065,1
491,,,2,1,176,3,,,15,1996,1
492,,,5,4,224,3,,,34,2627,1
493,,,3,4,128,3,,,51,1524,1
494,,,5,4,226,5,,,47,2240,1
495,,,5,1,160,5,,,16,1526,1
496,,,3,1,197,5,,,45,2224,1
497,,,4,2,216,3,,,12,2273,1
498,,,4,4,199,2,,,9,3075,1
499,,,5,5,271,2,,,27,3957,1
500,,,5,1,201,3,,,47,2657,1
501,,,3,4,212,2,,,33,2021,1
502,,,3,2,177,3,,,10,1641,1
503,,,3,4,191,4,,,43,2903,1
504,,,3,2,174,3,,,30,1986,1
505,,,5,3,162,2,,,14,1045,1
506,,,3,1,219,2,,,39,2696,1
507,,,4,4,155,3,,,35,1421,1
508,,,5,3,230,3,,,3,2923,1
509,,,4,5,192,2,,,36,2497,1
510,,,5,2,235,3,,,14,2984,1
511,,,3,2,200,3,,,46,3642,1
512,,,5,2,172,3,,,65,1667,1
513,,,5,4,160,4,,,6,1603,1
514,,,5,3,250,5,,,12,2722,1
515,,,4,2,174,3,,,9,1682,1
516,,,3,2,204,3,,,54,3608,1
517,,,3,5,274,3,,,51,3476,1
518,,,5,5,262,2,,,62,3744,1
519,,,4,5,138,3,,,23,1785,1
520,,,3,1,215,3,,,2,3873,1
521,,,3,1,145,2,,,34,1773,1
522,,,4,5,149,2,,,56,1141,1
523,,,6,5,212,2,,,38,2359,1
524,,,3,1,155,3,,,47,1193,1
525,,,5,2,154,3,,,40,1238,1
526,,,3,3,249,3,,,51,2173,1
527,,,5,1,206,2,,,2,3490,1
528,,,4,5,235,3,,,22,2015,1
529,,,5,5,261,3,,,8,3257,1
530,,,6,1,243,4,,,22,3537,1
531,,,3,2,237,2,,,26,3103,1
532,,,2,4,179,2,,,19,1900,1
533,,,4,3,192,3,,,43,3498,1
534,,,3,1,141,3,,,39,1838,1
535,,,3,2,245,3,,,61,2188,1
536,,,4,4,177,4,,,32,1774,1
537,,,2,3,154,4,,,17,1897,1
538,,,4,4,228,3,,,12,3359,1
539,,,3,3,207,6,,,24,3702,1
540,,,4,4,266,4,,,33,2701,1
541,,,3,3,172,3,,,42,1707,1
542,,,4,3,142,3,,,35,1512,1
543,,,4,5,218,3,,,40,3200,1
544,,,3,3,231,2,,,46,2962,1
545,,,4,2,180,3,,,47,1434,1
546,,,3,1,168,3,,,46,1886,1
547,,,5,5,147,4,,,42,1642,1
548,,,5,4,245,5,,,6,3592,1
549,,,2,4,182,3,,,47,3792,1
550,,,3,4,176,3,,,8,1567,1
551,,,5,3,197,4,,,51,2917,1
552,,,3,5,233,3,,,52,3519,1
553,,,3,4,156,2,,,8,1145,1
554,,,2,3,257,4,,,52,2073,1
555,,,5,4,250,3,,,11,3373,1
556,,,5,4,189,5,,,3,3301,1
557,,,3,3,255,2,,,7,3311,1
558,,,2,3,198,2,,,28,3514,1
559,,,4,2,164,3,,,15,1489,1
560,,,5,2,271,3,,,32,3785,1
561,,,3,1,185,2,,,34,3299,1
562,,,2,5,157,6,,,17,1764,1
563,,,3,2,137,2,,,17,1673,1
564,,,3,3,229,3,,,14,2164,1
565,,,3,3,234,2,,,39,2449,1
566,,,4,3,216,2,,,52,3578,1
567,,,3,1,163,4,,,20,1940,1
568,,,5,2,268,3,,,19,2526,1
569,,,3,3,205,5,,,35,2988,1
570,,,4,5,265,2,,,18,2969,1
571,,,2,2,236,3,,,3,3416,1
572,,,4,1,132,3,,,63,1901,1
573,,,3,4,234,2,,,46,3108,1
574,,,4,3,108,6,,,22,1745,1
575,,,4,2,276,2,,,54,3706,1
576,,,4,2,179,4,,,1,1063,1
577,,,4,1,230,3,,,40,2225,1
578,,,3,2,210,3,,,43,2096,1
579,,,3,2,173,3,,,15,1992,1
580,,,2,5,201,3,,,29,3894,1
581,,,3,3,214,2,,,21,3342,1
582,,,4,2,216,2,,,22,3024,1
583,,,2,5,144,3,,,61,1313,1
584,,,5,5,182,3,,,27,3039,1
585,,,3,3,163,2,,,48,1369,1
586,,,3,3,234,3,,,8,2334,1
587,,,3,2,158,3,,,59,1307,1
588,,,3,5,194,2,,,4,3496,1
589,,,3,1,201,6,,,3,2497,1
590,,,3,2,178,2,,,59,1933,1
591,,,4,1,214,5,,,51,2669,1
592,,,3,3,281,2,,,55,3047,1
593,,,3,2,260,3,,,2,2176,1
594,,,3,2,200,2,,,46,3174,1
595,,,5,3,209,2,,,49,2581,1
596,,,3,1,185,3,,,61,3280,1
597,,,4,3,230,3,,,62,2236,1
598,,,3,4,134,3,,,31,1540,1
599,,,4,5,270,2,,,34,2821,1
600,,,4,1,140,3,,,1,1464,1
601,,,6,3,133,5,,,32,1367,1
602,,,3,4,145,3,,,44,1218,1
603,,,4,3,206,3,,,58,2135,1
604,,,3,1,162,2,,,52,1125,1
605,,,4,3,187,2,,,58,3665,1
606,,,4,4,166,5,,,54,1203,1
607,,,4,5,178,3,,,48,1819,1
608,,,3,1,167,2,,,34,1967,1
609,,,4,4,224,3,,,60,3145,1
610,,,4,4,158,3,,,11,1224,1
611,,,3,4,134,2,,,43,1198,1
612,,,4,2,147,2,,,20,1387,1
613,,,4,3,187,3,,,61,2207,1
614,,,4,5,247,2,,,18,2404,1
615,,,5,4,182,4,,,20,2212,1
616,,,4,1,177,4,,,33,1049,1
617,,,5,5,143,2,,,18,1066,1
618,,,5,3,245,2,,,8,3231,1
619,,,4,1,133,4,,,64,1834,1
620,,,3,5,224,2,,,13,3891,1
621,,,2,5,265,2,,,50,3859,1
622,,,4,1,138,2,,,28,1528,1
623,,,3,4,253,3,,,6,3788,1
624,,,4,1,165,3,,,51,1293,1
625,,,4,3,265,3,,,65,3578,1
626,,,3,2,238,3,,,54,3142,1
627,,,5,2,236,3,,,51,3402,1
628,,,4,2,190,5,,,38,3022,1
629,,,6,1,104,4,,,23,1442,1
630,,,4,5,245,2,,,19,2616,1
631,,,3,1,155,3,,,27,1022,1
632,,,3,2,233,3,,,63,2143,1
633,,,4,3,171,4,,,55,1539,1
634,,,2,3,164,2,,,56,1491,1
635,,,3,1,141,3,,,6,1361,1
636,,,5,3,266,2,,,61,2118,1
637,,,3,4,192,2,,,56,3765,1
638,,,3,3,229,6,,,61,2298,1
639,,,6,2,269,4,,,38,3171,1
640,,,3,4,247,4,,,59,2939,1
641,,,4,4,157,2,,,2,1087,1
642,,,3,2,148,3,,,64,1280,1
643,,,4,1,240,2,,,14,2437,1
644,,,4,3,197,4,,,58,3617,1
645,,,6,4,121,5,,,23,1734,1
646,,,4,2,124,3,,,60,1107,1
647,,,4,2,153,3,,,53,1185,1
648,,,5,2,105,4,,,1,1622,1
649,,,4,3,202,3,,,2,3962,1
650,,,5,4,162,2,,,54,1635,1
651,,,3,4,164,3,,,13,1158,1
652,,,3,2,231,4,,,48,3370,1
653,,,5,2,209,4,,,12,2933,1
654,,,3,1,157,2,,,19,1898,1
655,,,4,5,249,2,,,4,2725,1
656,,,2,3,264,2,,,63,2896,1
657,,,3,1,111,4,,,61,1844,1
658,,,3,1,242,3,,,10,3606,1
659,,,4,4,169,3,,,23,1058,1
660,,,5,3,138,2,,,13,1056,1
661,,,5,1,158,3,,,9,1483,1
662,,,5,3,146,4,,,5,1718,1
663,,,4,4,218,5,,,36,2995,1
664,,,3,2,178,2,,,22,1247,1
665,,,4,5,197,3,,,34,3784,1
666,,,3,3,243,2,,,17,3230,1
667,,,5,2,254,4,,,37,2608,1
668,,,3,1,237,4,,,33,2782,1
669,,,5,1,179,3,,,62,1945,1
670,,,3,2,189,3,,,38,2108,1
671,,,4,3,244,3,,,1,3982,1
672,,,3,3,266,2,,,46,3594,1
673,,,5,4,263,3,,,10,2538,1
674,,,3,2,247,2,,,39,3189,1
675,,,4,5,202,3,,,6,2616,1
676,,,4,4,227,3,,,1,2761,1
677,,,4,5,189,2,,,15,2457,1
678,,,6,4,160,2,,,31,1689,1
679,,,3,3,117,3,,,56,1618,1
680,,,3,1,202,2,,,52,2312,1
681,,,4,3,201,3,,,54,2487,1
682,,,3,4,273,2,,,39,2651,1
683,,,4,4,143,2,,,58,1038,1
684,,,4,5,137,4,,,29,1262,1
685,,,5,5,236,3,,,34,3455,1
686,,,4,2,241,2,,,17,3844,1
687,,,4,2,187,2,,,6,3625,1
688,,,4,5,273,2,,,63,3516,1
689,,,5,2,170,3,,,15,1314,1
690,,,3,5,138,3,,,37,1266,1
691,,,5,4,150,2,,,60,1034,1
692,,,5,5,140,3,,,42,1384,1
693,,,4,1,250,2,,,17,3544,1
694,,,3,3,207,7,,,19,2182,1
695,,,4,4,214,3,,,36,2684,1
696,,,4,1,179,3,,,63,1215,1
697,,,5,1,149,4,,,20,1110,1
698,,,3,5,151,2,,,16,1422,1
699,,,4,3,264,3,,,23,2376,1
700,,,6,5,113,3,,,31,1037,1
701,,,6,1,281,3,,,36,2536,1
702,,,4,2,197,7,,,43,3730,1
703,,,3,4,265,8,,,35,3299,1
704,,,4,2,259,3,,,47,3764,1
705,,,5,1,200,8,,,18,3806,1
706,,,2,4,111,2,,,60,1787,1
707,,,3,5,223,3,,,53,3670,1
708,,,3,3,241,3,,,5,2713,1
709,,,4,1,139,3,,,25,1152,1
710,,,7,1,192,3,,,38,1372,1
711,,,3,4,117,3,,,23,1527,1
712,,,3,1,202,2,,,21,3120,1
713,,,4,2,201,3,,,39,2066,1
714,,,3,3,273,2,,,16,2466,1
715,,,4,3,143,2,,,64,1910,1
716,,,4,1,137,4,,,15,1391,1
717,,,5,3,236,3,,,47,3519,1
718,,,4,1,241,2,,,39,2935,1
719,,,4,5,187,2,,,44,3218,1
720,,,4,3,273,2,,,43,3462,1
721,,,5,3,170,3,,,12,1018,1
722,,,3,4,138,3,,,54,1648,1
723,,,5,3,150,2,,,2,1682,1
724,,,5,4,140,3,,,56,1332,1
725,,,4,3,250,2,,,46,2878,1
726,,,3,4,207,7,,,46,2670,1
727,,,4,2,214,3,,,18,2574,1
728,,,4,3,179,3,,,45,1903,1
729,,,5,2,149,4,,,48,1068,1
730,,,3,1,151,2,,,4,1748,1
731,,,4,5,264,3,,,16,2245,1
732,,,6,5,113,3,,,35,1402,1
733,,,6,3,281,3,,,11,2135,1
734,,,4,4,197,7,,,22,2065,1
735,,,3,4,265,8,,,2,3622,1
736,,,4,1,259,3,,,39,2427,1
737,,,5,3,200,8,,,9,2741,1
738,,,2,1,111,2,,,10,1920,1
739,,,3,2,223,3,,,6,2127,1
740,,,3,2,241,3,,,22,3030,1
741,,,4,5,139,3,,,65,1277,1
742,,,7,4,192,3,,,33,1694,1
743,,,3,5,180,4,,,59,1481,1
744,,,3,3,153,5,,,35,1089,1
745,,,2,4,280,4,,,48,1463,1
746,,,7,5,243,5,,,28,1100,1
747,,,3,4,214,2,,,50,3881,1
748,,,4,4,177,2,,,6,1112,1
749,,,3,2,182,3,,,39,3828,1
750,,,4,5,185,3,,,17,2824,1
751,,,3,3,143,3,,,23,1281,1
752,,,3,3,162,3,,,7,1901,1
753,,,3,1,171,2,,,34,1999,1
754,,,5,1,227,3,,,14,2589,1
755,,,3,5,205,6,,,25,2232,1
756,,,3,5,258,3,,,17,3033,1
757,,,4,5,195,5,,,10,3537,1
758,,,4,1,224,2,,,8,3638,1
759,,,2,5,192,6,,,41,2673,1
760,,,3,3,202,3,,,35,3986,1
761,,,5,3,235,2,,,12,3358,1
762,,,3,4,218,3,,,22,3818,1
763,,,6,5,176,4,,,31,1262,1
764,,,3,3,221,2,,,26,3120,1
765,,,3,4,157,3,,,32,1370,1
766,,,4,2,259,4,,,13,2495,1
767,,,2,1,249,3,,,11,2534,1
768,,,4,1,263,5,,,62,2292,1
769,,,4,3,141,3,,,2,1915,1
770,,,4,1,114,3,,,9,1240,1
771,,,3,4,179,4,,,44,1004,1
772,,,4,3,179,3,,,40,1584,1
773,,,3,5,193,3,,,47,3523,1
774,,,3,2,137,3,,,23,1246,1
775,,,3,5,110,3,,,55,1875,1
776,,,3,1,270,3,,,61,3582,1
777,,,5,1,175,3,,,64,1110,1
778,,,5,1,234,2,,,12,2372,1
779,,,2,4,177,3,,,48,1113,1
780,,,3,4,153,2,,,24,1442,1
781,,,4,5,252,3,,,16,2332,1
782,,,2,4,122,2,,,32,1213,1
783,,,4,5,215,2,,,34,2258,1
784,,,3,3,140,4,,,47,1207,1
785,,,3,1,209,2,,,43,2237,1
786,,,2,3,144,3,,,40,1500,1
787,,,4,2,210,3,,,16,2046,1
788,,,5,1,160,3,,,22,1693,1
789,,,5,4,134,2,,,20,1549,1
790,,,3,2,138,3,,,34,1159,1
791,,,4,3,200,2,,,65,3485,1
792,,,5,4,133,2,,,30,1161,1
793,,,2,4,121,5,,,32,1788,1
794,,,4,3,257,3,,,5,2489,1
795,,,4,5,255,4,,,14,3099,1
796,,,4,1,158,3,,,32,1061,1
797,,,4,4,248,4,,,49,2322,1
798,,,2,3,194,4,,,65,3795,1
799,,,4,3,184,3,,,19,2774,1
800,,,5,5,249,4,,,38,2797,1
801,,,5,5,170,2,,,36,1278,1
802,,,3,4,261,2,,,1,3398,1
803,,,3,2,262,2,,,26,2370,1
804,,,4,4,224,3,,,9,2952,1
805,,,3,4,130,2,,,42,1213,1
806,,,4,1,133,3,,,57,1379,1
807,,,3,1,145,4,,,58,1751,1
808,,,2,4,136,6,,,53,1213,1
809,,,4,5,163,5,,,24,1658,1
810,,,3,3,183,3,,,45,2181,1
811,,,5,3,216,3,,,1,2434,1
812,,,4,1,182,3,,,28,2005,1
813,,,4,5,191,3,,,19,2392,1
814,,,3,2,140,2,,,7,1401,1
815,,,4,4,161,3,,,59,1165,1
816,,,4,2,200,4,,,43,2747,1
817,,,4,1,176,3,,,36,1891,1
818,,,5,2,247,3,,,32,3645,1
819,,,3,4,262,2,,,15,3287,1
820,,,4,5,154,2,,,49,1532,1
821,,,3,1,186,3,,,11,3800,1
822,,,2,1,98,3,,,29,1806,1
823,,,3,3,268,3,,,33,3872,1
824,,,5,3,178,2,,,60,1830,1
825,,,3,1,142,2,,,18,1428,1
826,,,4,5,160,3,,,33,1837,1
827,,,5,2,232,2,,,24,2174,1
828,,,4,2,209,2,,,23,2533,1
829,,,4,2,230,3,,,33,3602,1
830,,,5,4,223,3,,,40,2074,1
831,,,4,4,201,3,,,7,2644,1
832,,,3,5,224,3,,,20,2937,1
833,,,2,3,251,3,,,2,3351,1
834,,,3,4,145,6,,,57,1949,1
835,,,5,4,271,3,,,16,2563,1
836,,,3,5,218,4,,,60,3048,1
837,,,3,4,229,2,,,51,2628,1
838,,,5,2,278,2,,,17,2493,1
839,,,2,4,168,3,,,15,1886,1
840,,,5,2,151,6,,,12,1920,1
841,,,3,1,232,3,,,9,2958,1
842,,,3,2,140,2,,,16,1685,1
843,,,4,2,141,3,,,34,1619,1
844,,,5,4,182,5,,,23,3398,1
845,,,4,2,139,5,,,52,1977,1
846,,,5,2,145,5,,,22,1818,1
847,,,4,4,140,3,,,11,1911,1
848,,,3,4,267,3,,,62,3589,1
849,,,3,1,191,3,,,60,2069,1
850,,,4,2,133,4,,,52,1401,1
851,,,4,2,170,2,,,1,1446,1
852,,,4,5,170,2,,,57,1533,1
853,,,3,2,149,4,,,21,1636,1
854,,,5,4,279,2,,,1,3933,1
855,,,4,3,121,2,,,11,1906,1
856,,,3,2,139,2,,,63,1767,1
857,,,3,4,265,2,,,64,2493,1
858,,,5,2,239,5,,,24,2472,1
859,,,4,3,119,5,,,5,1841,1
860,,,4,1,265,4,,,30,3896,1
861,,,5,3,144,6,,,35,1009,1
862,,,3,2,148,2,,,58,1537,1
863,,,5,4,269,2,,,38,2770,1
864,,,2,3,188,3,,,51,3191,1
865,,,3,4,187,2,,,8,3725,1
866,,,6,1,168,5,,,65,1601,1
867,,,4,1,199,2,,,46,3371,1
868,,,4,3,261,3,,,10,2802,1
869,,,3,1,218,3,,,4,2304,1
870,,,3,1,196,3,,,64,2911,1
871,,,4,5,147,3,,,46,1469,1
872,,,4,2,208,3,,,17,2777,1
873,,,3,1,178,5,,,15,1242,1
874,,,4,4,197,3,,,20,3080,1
875,,,2,4,206,2,,,30,3955,1
876,,,4,1,222,3,,,45,3158,1
877,,,3,3,247,2,,,55,3461,1
878,,,4,1,222,3,,,25,2582,1
879,,,6,1,205,5,,,14,3213,1
880,,,5,2,244,3,,,8,3571,1
881,,,2,4,194,6,,,39,3770,1
882,,,4,5,190,2,,,36,3548,1
883,,,3,4,169,2,,,17,1242,1
884,,,3,2,251,2,,,5,3443,1
885,,,2,2,161,2,,,1,1642,1
886,,,3,2,252,4,,,29,2353,1
887,,,4,2,271,3,,,19,2693,1
888,,,5,3,150,3,,,21,1187,1
889,,,3,5,212,3,,,6,2069,1
890,,,5,3,198,4,,,65,3407,1
891,,,3,4,266,2,,,33,3798,1
892,,,3,4,255,4,,,12,2266,1
893,,,4,1,166,3,,,3,1453,1
894,,,3,2,232,2,,,39,2139,1
895,,,3,5,198,2,,,62,3015,1
896,,,4,3,170,3,,,21,1588,1
897,,,4,2,162,2,,,16,1014,1
898,,,3,4,135,3,,,22,1378,1
899,,,3,5,242,3,,,19,3753,1
900,,,4,3,206,3,,,20,2247,1
901,,,5,5,253,6,,,59,2627,1
902,,,5,3,208,3,,,35,3884,1
903,,,3,3,250,3,,,33,3463,1
904,,,4,1,143,2,,,3,1996,1
905,,,5,5,236,3,,,62,3365,1
906,,,4,4,147,3,,,13,1145,1
907,,,2,5,113,5,,,43,1638,1
908,,,5,1,165,2,,,54,1190,1
909,,,4,1,235,4,,,22,2066,1
910,,,4,5,186,10,,,42,3521,1
911,,,4,2,274,10,,,29,2949,1
912,,,2,5,163,3,,,37,1079,1
913,,,4,4,161,3,,,6,1386,1
914,,,4,4,264,2,,,35,2336,1
915,,,3,1,255,2,,,42,3459,1
916,,,4,1,258,3,,,3,3928,1
917,,,5,5,261,8,,,39,2103,1
918,,,5,3,188,7,,,3,3637,1
919,,,3,4,188,3,,,11,3072,1
920,,,3,2,160,10,,,25,1548,1
921,,,3,2,214,2,,,26,3503,1
922,,,4,4,209,8,,,46,3345,1
923,,,4,1,208,7,,,8,2193,1
924,,,3,3,265,4,,,47,2557,1
925,,,4,1,161,2,,,41,1992,1
926,,,5,3,217,3,,,61,3067,1
927,,,3,1,210,2,,,52,2444,1
928,,,3,3,179,2,,,60,1808,1
929,,,3,2,180,4,,,55,1165,1
930,,,3,3,153,5,,,12,1972,1
931,,,4,3,162,2,,,2,1714,1
932,,,3,2,135,3,,,27,1898,1
933,,,3,5,242,3,,,3,2268,1
934,,,4,4,206,3,,,33,2804,1
935,,,5,1,253,6,,,12,2486,1
936,,,5,2,208,3,,,8,3442,1
937,,,3,2,250,3,,,49,3798,1
938,,,4,5,143,2,,,20,1360,1
939,,,5,3,236,3,,,7,3589,1
940,,,4,1,147,3,,,15,1956,1
941,,,2,1,113,5,,,9,1957,1
942,,,5,4,165,2,,,46,1482,1
943,,,4,4,235,4,,,50,2020,1
944,,,4,2,186,10,,,45,3722,1
945,,,4,5,274,10,,,5,3910,1
946,,,2,2,163,3,,,35,1547,1
947,,,4,2,161,3,,,22,1819,1
948,,,4,1,264,2,,,8,2436,1
949,,,3,3,255,2,,,3,2894,1
950,,,4,1,258,3,,,53,2428,1
951,,,5,2,261,8,,,1,3308,1
952,,,5,4,188,7,,,48,2466,1
953,,,3,5,188,3,,,9,3206,1
954,,,3,1,160,10,,,29,1952,1
955,,,3,1,214,2,,,50,2720,1
956,,,4,5,209,8,,,59,2948,1
957,,,4,1,208,7,,,65,2674,1
958,,,3,1,265,4,,,50,2249,1
959,,,4,1,161,2,,,21,1075,1
960,,,5,2,217,3,,,21,2600,1
961,,,3,4,210,2,,,35,2741,1
962,,,3,3,179,2,,,62,1765,1
963,,,3,2,180,4,,,52,1329,1
964,,,4,5,158,5,,,55,1936,1
965,,,6,1,291,5,,,53,1682,1
966,,,5,2,231,2,,,55,3894,1
967,,,4,5,163,4,,,49,1470,1
968,,,5,3,146,3,,,41,1204,1
969,,,2,5,272,2,,,24,3638,1
970,,,2,1,121,2,,,18,1839,1
971,,,6,2,118,2,,,40,1014,1
972,,,3,5,173,2,,,14,1638,1
973,,,4,5,243,2,,,23,2686,1
974,,,5,4,229,3,,,29,2505,1
975,,,5,3,96,4,,,12,1655,1
976,,,5,5,249,3,,,55,3558,1
977,,,3,2,165,2,,,24,1966,1
978,,,4,5,223,3,,,63,2427,1
979,,,3,3,267,2,,,52,2949,1
980,,,4,4,140,2,,,47,1831,1
981,,,4,4,209,3,,,44,2075,1
982,,,3,5,243,3,,,4,3189,1
983,,,3,2,175,4,,,17,1276,1
984,,,5,4,133,3,,,9,1051,1
985,,,3,3,167,3,,,24,1111,1
986,,,6,1,172,6,,,50,1052,1
987,,,5,4,257,2,,,55,2257,1
988,,,3,3,202,2,,,39,3857,1
989,,,3,1,223,3,,,31,3942,1
990,,,3,2,182,2,,,40,2592,1
991,,,3,2,234,3,,,33,2789,1
992,,,3,5,140,3,,,30,1035,1
993,,,4,3,136,3,,,9,1548,1
994,,,4,3,210,3,,,6,2568,1
995,,,5,1,259,3,,,37,3023,1
996,,,4,2,141,2,,,52,1012,1
997,,,4,3,151,4,,,13,1583,1
998,,,3,5,164,3,,,43,1423,1
999,,,3,3,141,2,,,48,1758,1
1000,,,3,3,271,2,,,15,3542,1
1001,,,4,3,191,4,,,15,2544,1
1002,,,3,1,181,3,,,22,3266,1
1003,,,3,3,241,5,,,8,2182,1
1004,,,3,3,254,3,,,3,2837,1
1005,,,3,2,146,6,,,62,1162,1
1006,,,5,1,271,2,,,46,2744,1
1007,,,3,1,185,2,,,42,2803,1
1008,,,4,5,170,3,,,9,1138,1
1009,,,4,1,265,2,,,18,3327,1
1010,,,4,4,142,4,,,8,1777,1
1011,,,2,5,228,2,,,49,3024,1
1012,,,4,5,262,4,,,16,2871,1
1013,,,3,3,205,2,,,54,2427,1
1014,,,4,1,178,2,,,39,1362,1
1015,,,2,2,153,2,,,46,1130,1
1016,,,3,4,186,2,,,63,3447,1
1017,,,4,1,167,3,,,22,1403,1
1018,,,3,3,148,2,,,42,1950,1
1019,,,3,2,167,2,,,2,1010,1
1020,,,3,2,261,5,,,45,2488,1
1021,,,3,4,166,3,,,43,1095,1
1022,,,3,1,226,2,,,18,2319,1
1023,,,3,4,260,3,,,21,2003,1
1024,,,5,1,246,3,,,44,3993,1
1025,,,3,2,221,3,,,21,3686,1
1026,,,5,4,191,4,,,63,2039,1
1027,,,3,1,138,5,,,8,1349,1
1028,,,3,1,146,3,,,16,1714,1
1029,,,3,3,193,3,,,11,3188,1
1030,,,3,1,229,2,,,12,3111,1
1031,,,4,1,239,2,,,16,2504,1
1032,,,6,2,103,4,,,37,1093,1
1033,,,5,4,254,5,,,36,2039,1
1034,,,2,2,198,2,,,11,3686,1
1035,,,3,3,208,3,,,61,3783,1
1036,,,3,5,253,2,,,17,2205,1
1037,,,4,3,261,2,,,47,2336,1
1038,,,3,1,156,3,,,49,1253,1
1039,,,4,3,97,2,,,26,1598,1
1040,,,2,5,275,2,,,41,2546,1
1041,,,2,1,189,2,,,48,2429,1
1042,,,3,1,236,3,,,28,3290,1
1043,,,5,1,170,3,,,60,1883,1
1044,,,4,2,251,2,,,53,2673,1
1045,,,3,3,205,2,,,58,2187,1
1046,,,4,5,135,3,,,53,1744,1
1047,,,3,3,231,2,,,24,2177,1
1048,,,3,4,257,3,,,56,2941,1
1049,,,5,2,162,3,,,57,1233,1
1050,,,6,5,237,5,,,63,2573,1
1051,,,3,4,134,4,,,53,1887,1
1052,,,2,1,163,3,,,24,1119,1
1053,,,5,5,264,3,,,27,2019,1
1054,,,5,2,173,4,,,21,1674,1
1055,,,2,4,191,3,,,58,2586,1
1056,,,3,3,152,3,,,5,1385,1
1057,,,3,4,272,4,,,23,2048,1
1058,,,4,2,198,2,,,60,3368,1
1059,,,4,3,260,4,,,40,3668,1
1060,,,4,3,158,6,,,43,1478,1
1061,,,5,3,252,4,,,63,3729,1
1062,,,4,2,199,3,,,64,2470,1
1063,,,4,2,272,4,,,62,2307,1
1064,,,3,4,209,3,,,37,2215,1
1065,,,3,2,147,4,,,13,1657,1
1066,,,4,2,166,4,,,63,1759,1
1067,,,3,4,165,2,,,48,1706,1
1068,,,4,5,162,2,,,57,1715,1
1069,,,3,3,255,3,,,23,3764,1
1070,,,5,5,179,5,,,38,1437,1
1071,,,3,4,250,2,,,61,3207,1
1072,,,3,5,251,2,,,28,3936,1
1073,,,4,4,198,2,,,5,2270,1
1074,,,3,1,148,2,,,34,1053,1
1075,,,4,5,268,3,,,3,2758,1
1076,,,5,2,239,3,,,47,3673,1
1077,,,3,4,195,3,,,10,2021,1
1078,,,4,3,252,2,,,51,2658,1
1079,,,3,5,272,3,,,48,3780,1
1080,,,2,4,141,3,,,27,1628,1
1081,,,3,1,224,3,,,45,3624,1
1082,,,6,3,270,3,,,56,3251,1
1083,,,6,3,236,3,,,6,2639,1
1084,,,3,1,227,3,,,47,3512,1
1085,,,3,4,262,3,,,7,2424,1
1086,,,3,1,228,2,,,45,2257,1
1087,,,4,2,176,3,,,23,1909,1
1088,,,4,2,147,3,,,44,1873,1
1089,,,5,2,196,3,,,44,2085,1
1090,,,3,1,112,5,,,41,1249,1
1091,,,4,2,221,2,,,54,3065,1
1092,,,3,5,154,3,,,46,1312,1
1093,,,4,4,200,3,,,19,2976,1
1094,,,2,5,216,2,,,57,3807,1
1095,,,3,1,185,3,,,3,3051,1
1096,,,4,2,199,3,,,23,2994,1
1097,,,5,2,265,3,,,12,2892,1
1098,,,3,2,263,3,,,57,2113,1
1099,,,4,2,181,2,,,28,2815,1
1100,,,4,3,163,2,,,12,1092,1
1101,,,5,2,260,2,,,23,3962,1
1102,,,6,2,159,5,,,22,1247,1
1103,,,4,1,227,3,,,54,3043,1
1104,,,3,3,104,5,,,41,1936,1
1105,,,3,4,188,4,,,49,3067,1
1106,,,5,3,202,3,,,41,3536,1
1107,,,3,3,213,6,,,17,2424,1
1108,,,3,1,211,2,,,45,3332,1
1109,,,4,4,232,3,,,61,2484,1
1110,,,4,3,143,2,,,39,1727,1
1111,,,5,1,196,3,,,24,2957,1
1112,,,4,1,150,6,,,42,1070,1
1113,,,5,1,222,3,,,21,2351,1
1114,,,3,2,203,3,,,3,2791,1
1115,,,5,2,178,3,,,60,1176,1
1116,,,4,2,272,2,,,21,3271,1
1117,,,4,2,182,3,,,58,3943,1
1118,,,4,4,205,3,,,11,2255,1
1119,,,3,2,171,3,,,11,1282,1
1120,,,4,1,172,2,,,48,1993,1
1121,,,3,2,210,2,,,30,3928,1
1122,,,2,1,264,3,,,10,3409,1
1123,,,4,1,181,4,,,46,2399,1
1124,,,3,5,240,3,,,54,2919,1
1125,,,4,4,140,4,,,46,1442,1
1126,,,6,4,283,5,,,35,2686,1
1127,,,4,3,263,4,,,23,2960,1
1128,,,4,4,136,3,,,35,1234,1
1129,,,4,4,145,4,,,35,1210,1
1130,,,3,3,162,2,,,42,1763,1
1131,,,5,1,230,6,,,60,2067,1
1132,,,3,3,148,5,,,61,1452,1
1133,,,3,3,175,3,,,45,1212,1
1134,,,4,2,227,2,,,35,3583,1
1135,,,4,1,177,4,,,13,1569,1
1136,,,6,1,257,3,,,60,3416,1
1137,,,5,5,198,5,,,36,2803,1
1138,,,3,5,251,3,,,59,3651,1
1139,,,5,5,158,3,,,47,1246,1
1140,,,4,5,171,6,,,27,1840,1
1141,,,4,1,260,2,,,2,2980,1
1142,,,3,4,263,3,,,42,2992,1
1143,,,6,3,269,2,,,43,2300,1
1144,,,3,3,224,2,,,37,3220,1
1145,,,4,1,118,5,,,50,1413,1
1146,,,5,1,186,10,,,64,2529,1
1147,,,5,5,191,2,,,34,2708,1
1148,,,5,5,174,6,,,26,1184,1
1149,,,3,1,140,2,,,55,1339,1
1150,,,4,2,193,2,,,48,2371,1
1151,,,3,4,148,10,,,12,1779,1
1152,,,2,2,176,5,,,55,1211,1
1153,,,4,1,135,10,,,35,1989,1
1154,,,6,5,154,10,,,48,1990,1
1155,,,4,5,143,8,,,44,1756,1
1156,,,4,3,173,2,,,10,1179,1
1157,,,4,5,262,3,,,38,3139,1
1158,,,4,1,171,3,,,58,1516,1
1159,,,4,3,246,2,,,55,2387,1
1160,,,3,4,266,2,,,55,2779,1
1161,,,4,5,127,8,,,39,1411,1
1162,,,5,2,167,8,,,28,1921,1
1163,,,4,2,187,4,,,37,2200,1
1164,,,3,2,162,2,,,54,1614,1
1165,,,5,2,230,6,,,10,3604,1
1166,,,3,4,148,5,,,50,1540,1
1167,,,3,3,175,3,,,55,1229,1
1168,,,4,1,227,2,,,60,3080,1
1169,,,4,3,177,4,,,38,1767,1
1170,,,6,1,257,3,,,37,2239,1
1171,,,5,1,198,5,,,49,3187,1
1172,,,3,1,251,3,,,18,2240,1
1173,,,5,2,158,3,,,16,1499,1
1174,,,4,3,171,6,,,9,1909,1
1175,,,4,3,260,2,,,38,2526,1
1176,,,3,1,263,3,,,25,3689,1
1177,,,6,4,269,2,,,47,4000,1
1178,,,3,2,224,2,,,49,3749,1
1179,,,4,3,118,5,,,15,1601,1
1180,,,5,4,186,10,,,24,3621,1
1181,,,5,2,191,2,,,6,2059,1
1182,,,5,1,174,6,,,44,1635,1
1183,,,3,3,140,2,,,55,1847,1
1184,,,4,1,193,2,,,37,3510,1
1185,,,3,5,148,10,,,35,1597,1
1186,,,2,3,176,5,,,29,1254,1
1187,,,4,4,135,10,,,57,1361,1
1188,,,6,5,154,10,,,14,1204,1
1189,,,4,5,143,8,,,38,1095,1
1190,,,4,2,173,2,,,30,1336,1
1191,,,4,3,262,3,,,46,2904,1
1192,,,4,5,171,3,,,21,1683,1
1193,,,4,4,246,2,,,11,2282,1
1194,,,3,4,266,2,,,49,2643,1
1195,,,4,1,127,8,,,12,1519,1
1196,,,5,5,167,8,,,44,1547,1
1197,,,4,2,187,4,,,49,3225,1
1198,,,6,2,294,4,,,35,1625,1
1199,,,4,2,158,4,,,13,1785,1
1200,,,6,5,135,5,,,55,1078,1
1201,,,4,2,238,3,,,28,1915,1
1202,,,6,1,213,3,,,63,1548,1
1203,,,4,4,237,2,,,21,1495,1
1204,,,4,1,257,3,,,47,1308,1
1205,,,5,2,198,5,,,65,1994,1
1206,,,3,3,218,3,,,48,3425,1
1207,,,4,4,236,4,,,65,2280,1
1208,,,3,1,100,3,,,17,1129,1
1209,,,3,1,154,2,,,44,1994,1
1210,,,5,1,238,3,,,32,3832,1
1211,,,5,5,128,5,,,34,1008,1
1212,,,4,1,140,3,,,9,1431,1
1213,,,2,4,187,3,,,50,3878,1
1214,,,4,3,256,3,,,15,3155,1
1215,,,3,3,270,4,,,18,2397,1
1216,,,4,2,202,2,,,45,3008,1
1217,,,3,5,256,3,,,62,2971,1
1218,,,4,3,135,2,,,37,1597,1
1219,,,4,4,184,4,,,8,2306,1
1220,,,5,5,169,4,,,23,1922,1
1221,,,3,2,178,4,,,48,1079,1
1222,,,4,5,265,3,,,41,3101,1
1223,,,4,3,217,2,,,22,2138,1
1224,,,3,1,258,2,,,11,2791,1
1225,,,3,3,218,2,,,9,2069,1
1226,,,3,1,135,2,,,7,1316,1
1227,,,3,3,150,2,,,61,1053,1
1228,,,3,4,200,3,,,49,2942,1
1229,,,6,1,136,3,,,12,1592,1
1230,,,3,2,119,2,,,32,1791,1
1231,,,5,4,212,6,,,5,2041,1
1232,,,4,2,272,2,,,57,2377,1
1233,,,4,2,166,3,,,5,1610,1
1234,,,3,5,176,3,,,1,1982,1
1235,,,2,3,280,4,,,17,3555,1
1236,,,3,2,169,2,,,19,1922,1
1237,,,3,1,231,6,,,64,3627,1
1238,,,4,1,140,2,,,5,1274,1
1239,,,3,5,183,3,,,44,3158,1
1240,,,4,5,157,3,,,28,1557,1
1241,,,4,5,210,4,,,28,3905,1
1242,,,4,5,227,4,,,20,2217,1
1243,,,4,1,250,2,,,45,3021,1
1244,,,6,3,171,5,,,61,1947,1
1245,,,4,2,136,2,,,17,1285,1
1246,,,4,3,258,3,,,58,2579,1
1247,,,6,2,271,5,,,14,2514,1
1248,,,4,4,197,3,,,29,2915,1
1249,,,5,2,217,3,,,27,2999,1
1250,,,4,1,247,3,,,9,2414,1
1251,,,4,4,192,4,,,46,3599,1
1252,,,3,1,254,3,,,6,3496,1
1253,,,5,5,226,3,,,65,3840,1
1254,,,5,3,197,2,,,48,2481,1
1255,,,3,1,203,4,,,12,2779,1
1256,,,4,5,196,3,,,16,3722,1
1257,,,2,2,180,3,,,33,1217,1
1258,,,3,5,219,3,,,54,3145,1
1259,,,4,4,266,2,,,15,3425,1
1260,,,5,1,144,2,,,20,1082,1
1261,,,5,3,197,2,,,12,3400,1
1262,,,4,1,258,3,,,4,3686,1
1263,,,3,3,187,3,,,63,2481,1
1264,,,5,4,184,3,,,9,3332,1
1265,,,4,3,142,2,,,63,1615,1
1266,,,3,5,283,5,,,50,2848,1
1267,,,4,2,221,2,,,13,3097,1
1268,,,3,2,233,5,,,44,2010,1
1269,,,6,4,129,5,,,58,1463,1
1270,,,3,4,154,2,,,43,1542,1
1271,,,4,4,158,3,,,63,1387,1
1272,,,5,3,236,6,,,9,3715,1
1273,,,3,5,257,3,,,52,2170,1
1274,,,4,5,160,3,,,50,1511,1
1275,,,4,2,255,4,,,62,3198,1
1276,,,4,3,210,2,,,22,3124,1
1277,,,5,3,169,4,,,37,1290,1
1278,,,3,1,275,2,,,1,2597,1
1279,,,3,2,185,3,,,47,2467,1
1280,,,3,2,213,2,,,54,2809,1
1281,,,3,4,179,3,,,57,1582,1
1282,,,3,3,110,3,,,7,1235,1
1283,,,3,4,216,3,,,41,2042,1
1284,,,4,1,267,3,,,37,2716,1
1285,,,5,4,214,2,,,1,3709,1
1286,,,5,2,196,3,,,38,2211,1
1287,,,2,2,192,2,,,8,3127,1
1288,,,4,1,191,3,,,4,2724,1
1289,,,3,4,222,3,,,57,2714,1
1290,,,3,3,141,3,,,10,1751,1
1291,,,4,3,242,3,,,1,2808,1
1292,,,3,4,212,2,,,13,2733,1
1293,,,5,5,133,3,,,21,1648,1
1294,,,5,5,254,5,,,35,2508,1
1295,,,4,3,190,3,,,2,2125,1
1296,,,5,3,185,3,,,25,2503,1
1297,,,3,5,191,3,,,54,3890,1
1298,,,4,4,158,2,,,15,1030,1
1299,,,3,5,171,3,,,49,1333,1
1300,,,3,4,160,2,,,32,1085,1
1301,,,4,2,235,3,,,21,3088,1
1302,,,4,4,247,3,,,55,2361,1
1303,,,4,1,152,3,,,65,1706,1
1304,,,4,3,138,3,,,15,1080,1
1305,,,5,4,270,2,,,43,2971,1
1306,,,6,1,193,4,,,8,2952,1
1307,,,4,3,252,2,,,1,2336,1
1308,,,3,1,203,2,,,51,3976,1
1309,,,5,4,141,3,,,64,1677,1
1310,,,4,3,197,3,,,20,3617,1
1311,,,6,2,142,3,,,54,1332,1
1312,,,3,4,161,3,,,25,1048,1
1313,,,2,2,139,3,,,23,1283,1
1314,,,2,5,186,2,,,17,3896,1
1315,,,5,3,190,3,,,52,2611,1
1316,,,5,3,186,4,,,23,3981,1
1317,,,3,2,181,3,,,29,2164,1
1318,,,4,4,111,6,,,8,1145,1
1319,,,2,3,159,3,,,62,1124,1
1320,,,4,3,205,3,,,44,2291,1
1321,,,5,1,134,3,,,12,1775,1
1322,,,3,1,191,3,,,4,3947,1
1323,,,2,3,141,2,,,28,1624,1
1324,,,5,1,225,2,,,31,3454,1
1325,,,3,5,171,3,,,24,1300,1
1326,,,4,3,286,5,,,37,2938,1
1327,,,3,1,255,5,,,1,2713,1
1328,,,4,5,113,6,,,25,1538,1
1329,,,5,1,201,3,,,65,2488,1
1330,,,3,1,184,3,,,49,2823,1
1331,,,3,1,199,2,,,18,3346,1
1332,,,4,4,255,2,,,29,2267,1
1333,,,4,5,269,4,,,60,3456,1
1334,,,5,5,260,2,,,23,3065,1
1335,,,3,1,198,4,,,44,2848,1
1336,,,4,2,256,2,,,10,3128,1
1337,,,3,1,140,4,,,27,1184,1
1338,,,3,4,165,4,,,7,1627,1
1339,,,3,3,144,3,,,1,1274,1
1340,,,2,2,240,3,,,53,2980,1
1341,,,4,2,183,4,,,15,3632,1
1342,,,5,3,201,2,,,4,3757,1
1343,,,4,4,216,2,,,6,3255,1
1344,,,4,5,218,3,,,25,2682,1
1345,,,3,4,147,3,,,2,1307,1
1346,,,3,5,264,2,,,1,3947,1
1347,,,4,4,145,3,,,43,1651,1
1348,,,3,5,264,6,,,30,2751,1
1349,,,4,5,253,2,,,43,2589,1
1350,,,2,4,257,6,,,5,3986,1
1351,,,4,1,202,3,,,59,2563,1
1352,,,5,5,245,4,,,12,2225,1
1353,,,4,1,162,2,,,47,1540,1
1354,,,3,2,158,3,,,39,1512,1
1355,,,3,1,182,3,,,40,3536,1
1356,,,3,4,218,3,,,4,3534,1
1357,,,4,5,201,3,,,41,3563,1
1358,,,5,1,184,4,,,38,2232,1
1359,,,4,1,241,3,,,61,3812,1
1360,,,5,5,263,2,,,59,3238,1
1361,,,5,5,230,2,,,36,3381,1
1362,,,3,4,240,3,,,28,2356,1
1363,,,4,5,233,3,,,43,3856,1
1364,,,4,3,237,2,,,22,2912,1
1365,,,5,4,144,3,,,59,1178,1
1366,,,3,1,167,3,,,1,1252,1
1367,,,4,5,138,3,,,64,1708,1
1368,,,5,3,165,2,,,51,1429,1
1369,,,4,3,247,4,,,19,3838,1
1370,,,3,2,152,6,,,7,1674,1
1371,,,5,3,199,4,,,24,3473,1
1372,,,5,4,268,3,,,6,2206,1
1373,,,4,5,150,2,,,30,1782,1
1374,,,5,5,190,4,,,47,3644,1
1375,,,4,3,153,4,,,36,1171,1
1376,,,4,2,185,3,,,27,3410,1
1377,,,5,1,274,3,,,58,2098,1
1378,,,4,3,258,2,,,11,2252,1
1379,,,3,1,110,3,,,54,1155,1
1380,,,3,5,240,6,,,21,3559,1
1381,,,6,5,118,2,,,6,1726,1
1382,,,3,2,243,2,,,38,3850,1
1383,,,6,2,225,6,,,44,2057,1
1384,,,3,2,238,4,,,49,3179,1
1385,,,4,4,127,5,,,16,1955,1
1386,,,3,5,166,2,,,45,1665,1
1387,,,3,1,180,3,,,29,1414,1
1388,,,4,4,161,2,,,59,1941,1
1389,,,5,1,230,3,,,43,2994,1
1390,,,5,3,167,3,,,51,1573,1
1391,,,4,5,186,3,,,16,2693,1
1392,,,4,4,150,3,,,9,1620,1
1393,,,4,1,253,7,,,37,2955,1
1394,,,5,2,239,2,,,59,2897,1
1395,,,6,2,294,4,,,57,1265,1
1396,,,4,2,158,4,,,45,1758,1
1397,,,6,3,135,5,,,20,1266,1
1398,,,4,2,238,3,,,28,1040,1
1399,,,6,3,213,3,,,17,1656,1
1400,,,5,2,165,2,,,18,1918,1
1401,,,4,3,247,4,,,16,2362,1
1402,,,3,5,152,6,,,32,1158,1
1403,,,5,4,199,4,,,24,3443,1
1404,,,5,2,268,3,,,41,3716,1
1405,,,4,3,150,2,,,51,1491,1
1406,,,5,1,190,4,,,24,3446,1
1407,,,4,1,153,4,,,7,1130,1
1408,,,4,4,185,3,,,13,2080,1
1409,,,5,3,274,3,,,54,2905,1
1410,,,4,5,258,2,,,5,3512,1
1411,,,3,4,110,3,,,55,1281,1
1412,,,3,2,240,6,,,26,2683,1
1413,,,6,2,118,2,,,2,1744,1
1414,,,3,4,243,2,,,14,3693,1
1415,,,6,5,225,6,,,55,2052,1
1416,,,3,3,238,4,,,57,3537,1
1417,,,4,3,127,5,,,5,1205,1
1418,,,3,3,166,2,,,45,1791,1
1419,,,3,5,180,3,,,6,1228,1
1420,,,4,5,161,2,,,55,1457,1
1421,,,5,4,230,3,,,39,3989,1
1422,,,5,5,167,3,,,53,1564,1
1423,,,4,3,186,3,,,25,3851,1
1424,,,4,2,150,3,,,32,1689,1
1425,,,4,5,253,7,,,11,3825,1
1426,,,5,2,239,2,,,15,2471,1
1427,,,6,3,294,4,,,52,1667,1
1428,,,4,5,158,4,,,4,1595,1
1429,,,6,2,135,5,,,26,1585,1
1430,,,4,5,238,3,,,9,1724,1
1431,,,6,2,265,3,,,3,1904,1
1432,,,5,5,180,5,,,35,1725,1
1433,,,7,2,229,3,,,43,1793,1
1434,,,3,2,176,3,,,51,1297,1
1435,,,3,5,172,2,,,60,1840,1
1436,,,6,5,100,4,,,3,1440,1
1437,,,4,3,142,6,,,6,1459,1
1438,,,4,3,153,3,,,2,1095,1
1439,,,3,4,160,4,,,56,1408,1
1440,,,4,3,217,3,,,16,3444,1
1441,,,3,2,273,3,,,41,3464,1
1442,,,3,4,133,3,,,17,1187,1
1443,,,3,4,155,4,,,54,1885,1
1444,,,5,3,184,4,,,2,3798,1
1445,,,5,5,230,3,,,43,3609,1
1446,,,3,4,254,3,,,53,3538,1
1447,,,4,5,108,6,,,46,1882,1
1448,,,4,4,154,3,,,52,1367,1
1449,,,5,3,177,3,,,1,1916,1
1450,,,3,3,162,2,,,65,1184,1
1451,,,3,4,285,6,,,27,2249,1
1452,,,3,2,257,3,,,6,3620,1
1453,,,4,5,143,3,,,48,1922,1
1454,,,6,3,223,6,,,29,2980,1
1455,,,3,5,230,2,,,27,3840,1
1456,,,4,5,241,4,,,58,2874,1
1457,,,3,5,156,3,,,44,1424,1
1458,,,4,4,232,4,,,27,3436,1
1459,,,3,2,231,3,,,55,3952,1
1460,,,3,4,183,2,,,52,2078,1
1461,,,4,1,240,3,,,50,2430,1
1462,,,4,4,218,2,,,27,2824,1
1463,,,5,1,248,3,,,37,3830,1
1464,,,4,3,170,2,,,33,1980,1
1465,,,3,2,226,3,,,11,3708,1
1466,,,4,3,232,3,,,11,2624,1
1467,,,4,1,192,3,,,15,3460,1
1468,,,3,5,250,4,,,11,3464,1
1469,,,5,5,224,3,,,48,2298,1
1470,,,3,3,167,3,,,42,1363,1
1471,,,2,3,123,2,,,11,1383,1
1472,,,5,2,243,2,,,4,3681,1
1473,,,4,3,233,2,,,45,2732,1
1474,,,3,3,201,2,,,36,3340,1
1475,,,3,1,230,2,,,18,2832,1
1476,,,4,3,271,3,,,59,2996,1
1477,,,4,1,159,3,,,13,1445,1
1478,,,3,3,249,3,,,55,3375,1
1479,,,3,4,137,3,,,17,1212,1
1480,,,3,5,225,3,,,8,3813,1
1481,,,4,1,226,3,,,28,2211,1
1482,,,4,4,174,3,,,49,1141,1
1483,,,5,2,264,5,,,27,3118,1
1484,,,4,4,151,3,,,6,1930,1
1485,,,3,1,180,2,,,65,1321,1
1486,,,3,4,149,2,,,37,1080,1
1487,,,3,1,209,3,,,20,3181,1
1488,,,6,1,219,6,,,10,2385,1
1489,,,4,3,164,3,,,28,1880,1
1490,,,3,1,268,3,,,3,3040,1
1491,,,4,4,204,4,,,35,2513,1
1492,,,5,5,226,3,,,23,2626,1
1493,,,5,1,105,5,,,1,1101,1
1494,,,4,5,153,3,,,10,1183,1
1495,,,3,5,192,2,,,5,2339,1
1496,,,4,3,199,2,,,28,2607,1
1497,,,5,2,156,4,,,39,1204,1
1498,,,3,2,180,2,,,53,1853,1
1499,,,4,5,162,2,,,62,1650,1
1500,,,5,5,284,6,,,9,3912,1
1501,,,4,1,271,2,,,33,3269,1
1502,,,3,1,269,2,,,38,2195,1
1503,,,3,4,135,3,,,11,1740,1
1504,,,5,2,200,2,,,2,2075,1
1505,,,5,2,206,6,,,23,2016,1
1506,,,4,2,229,4,,,32,3518,1
1507,,,5,3,267,3,,,48,3393,1
1508,,,4,1,135,2,,,64,1471,1
1509,,,4,5,259,2,,,15,2381,1
1510,,,3,3,223,2,,,30,3622,1
1511,,,3,4,245,4,,,20,2534,1
1512,,,4,4,207,3,,,20,2637,1
1513,,,5,3,171,3,,,62,1304,1
1514,,,3,5,130,5,,,27,1891,1
1515,,,3,2,241,3,,,60,3922,1
1516,,,4,4,261,3,,,33,3678,1
1517,,,3,5,182,3,,,34,3595,1
1518,,,3,2,270,4,,,29,3768,1
1519,,,3,5,157,4,,,26,1969,1
1520,,,3,3,172,4,,,33,1989,1
1521,,,3,3,205,2,,,2,2910,1
1522,,,4,5,268,3,,,7,3622,1
1523,,,3,1,156,3,,,1,1517,1
1524,,,3,5,202,2,,,4,3372,1
1525,,,3,1,249,3,,,43,3277,1
1526,,,3,2,141,3,,,41,1801,1
1527,,,3,1,230,2,,,28,3646,1
1528,,,5,5,229,2,,,59,3844,1
1529,,,4,5,146,4,,,25,1606,1
1530,,,3,3,162,2,,,26,1659,1
1531,,,5,2,241,3,,,39,3743,1
1532,,,3,4,271,2,,,14,2163,1
1533,,,3,5,166,3,,,31,1117,1
1534,,,3,1,171,3,,,28,1075,1
1535,,,3,5,169,2,,,20,1021,1
1536,,,3,1,137,3,,,47,1611,1
1537,,,3,4,211,3,,,56,3654,1
1538,,,4,5,171,3,,,2,1114,1
1539,,,4,4,142,4,,,2,1461,1
1540,,,3,2,184,4,,,10,2972,1
1541,,,6,5,111,6,,,28,1216,1
1542,,,2,5,278,4,,,34,3416,1
1543,,,3,5,160,2,,,41,1495,1
1544,,,3,4,212,2,,,56,3976,1
1545,,,3,5,175,2,,,59,1051,1
1546,,,4,3,251,3,,,46,2632,1
1547,,,3,3,205,2,,,15,3231,1
1548,,,5,5,163,3,,,54,1536,1
1549,,,4,1,272,2,,,27,2030,1
1550,,,4,1,134,3,,,37,1818,1
1551,,,5,5,259,2,,,63,2583,1
1552,,,3,3,246,3,,,45,3945,1
1553,,,4,1,211,2,,,44,3099,1
1554,,,4,2,190,2,,,6,3595,1
1555,,,4,5,233,5,,,44,2648,1
1556,,,5,4,199,2,,,20,2553,1
1557,,,5,2,191,3,,,52,2028,1
1558,,,4,1,148,3,,,30,1731,1
1559,,,2,5,177,6,,,41,1772,1
1560,,,3,1,171,2,,,1,1629,1
1561,,,3,3,237,3,,,57,3761,1
1562,,,4,4,265,3,,,47,3307,1
1563,,,4,2,136,2,,,19,1387,1
1564,,,3,1,145,2,,,25,1851,1
1565,,,4,1,238,2,,,3,2241,1
1566,,,4,4,210,3,,,14,3666,1
1567,,,5,1,159,4,,,38,1277,1
1568,,,4,1,232,2,,,26,3300,1
1569,,,3,2,174,3,,,4,1337,1
1570,,,5,1,129,5,,,35,1458,1
1571,,,3,3,201,4,,,7,2299,1
1572,,,5,2,151,4,,,12,1145,1
1573,,,2,1,252,3,,,12,2800,1
1574,,,5,3,156,3,,,58,1218,1
1575,,,6,3,215,5,,,13,3899,1
1576,,,4,4,153,3,,,13,1402,1
1577,,,5,1,261,3,,,25,3494,1
1578,,,5,4,263,3,,,61,2606,1
1579,,,5,4,153,6,,,35,1082,1
1580,,,3,5,137,3,,,28,1815,1
1581,,,3,5,270,5,,,31,3737,1
1582,,,5,1,167,2,,,62,1884,1
1583,,,3,3,143,3,,,64,1630,1
1584,,,5,5,214,3,,,31,2033,1
1585,,,2,2,182,2,,,14,3751,1
1586,,,3,5,234,2,,,4,2701,1
1587,,,4,5,181,2,,,59,2239,1
1588,,,2,4,162,3,,,34,1558,1
1589,,,5,4,185,4,,,31,3565,1
1590,,,4,2,199,2,,,4,3351,1
1591,,,4,1,272,3,,,49,2803,1
1592,,,5,3,252,2,,,11,3036,1
1593,,,4,5,156,3,,,2,1127,1
1594,,,4,2,173,3,,,63,1220,1
1595,,,3,2,148,4,,,38,1322,1
1596,,,4,3,158,3,,,27,1207,1
1597,,,5,2,261,3,,,62,3352,1
1598,,,2,4,105,2,,,54,1707,1
1599,,,3,5,193,3,,,57,3364,1
1600,,,3,3,198,3,,,49,2446,1
1601,,,4,5,213,3,,,42,3121,1
1602,,,4,1,244,3,,,59,3073,1
1603,,,6,4,241,6,,,61,2806,1
1604,,,4,5,278,6,,,4,3909,1
1605,,,2,2,145,2,,,1,1126,1
1606,,,5,2,140,4,,,58,1175,1
1607,,,4,4,209,3,,,37,3026,1
1608,,,3,3,233,3,,,35,2204,1
1609,,,3,1,227,3,,,52,3336,1
1610,,,5,1,258,2,,,22,3713,1
1611,,,5,4,259,3,,,38,3720,1
1612,,,3,5,153,2,,,44,1585,1
1613,,,3,5,181,3,,,22,3575,1
1614,,,4,4,143,8,,,39,1345,1
1615,,,5,2,111,5,,,3,1711,1
1616,,,4,5,198,2,,,51,2820,1
1617,,,3,4,121,3,,,63,1611,1
1618,,,3,2,204,3,,,48,2792,1
1619,,,4,4,203,5,,,36,3912,1
1620,,,4,1,167,3,,,10,1616,1
1621,,,4,1,270,3,,,64,2406,1
1622,,,5,2,260,2,,,58,2018,1
1623,,,3,1,180,3,,,21,1047,1
1624,,,3,4,157,2,,,12,1694,1
1625,,,3,3,156,6,,,45,1602,1
1626,,,4,4,236,7,,,62,2280,1
1627,,,5,2,240,7,,,57,2708,1
1628,,,4,2,104,7,,,46,1438,1
1629,,,4,2,140,3,,,49,1820,1
1630,,,3,2,150,3,,,29,1354,1
1631,,,6,2,286,7,,,65,3362,1
1632,,,5,5,224,8,,,49,3282,1
1633,,,3,4,204,3,,,49,3225,1
1634,,,5,2,266,7,,,12,2056,1
1635,,,6,3,241,6,,,8,3878,1
1636,,,4,2,278,6,,,36,2330,1
1637,,,2,1,145,2,,,49,1177,1
1638,,,5,4,140,4,,,5,1130,1
1639,,,4,4,209,3,,,52,2740,1
1640,,,3,1,233,3,,,1,2744,1
1641,,,3,2,227,3,,,21,2351,1
1642,,,5,4,258,2,,,24,2878,1
1643,,,5,3,259,3,,,45,3335,1
1644,,,3,3,153,2,,,39,1328,1
1645,,,3,2,181,3,,,45,3786,1
1646,,,4,4,143,8,,,12,1326,1
1647,,,5,4,111,5,,,42,1587,1
1648,,,4,4,198,2,,,64,3787,1
1649,,,3,5,121,3,,,10,1701,1
1650,,,3,4,204,3,,,27,2772,1
1651,,,4,2,203,5,,,20,3098,1
1652,,,4,1,167,3,,,57,1782,1
1653,,,4,5,270,3,,,20,3185,1
1654,,,5,3,260,2,,,63,2715,1
1655,,,3,3,180,3,,,56,1684,1
1656,,,3,3,157,2,,,62,1366,1
1657,,,3,5,156,6,,,65,1308,1
1658,,,4,5,236,7,,,44,3808,1
1659,,,5,2,240,7,,,47,2174,1
1660,,,4,1,104,7,,,52,1083,1
1661,,,4,4,140,3,,,4,1467,1
1662,,,3,2,150,3,,,4,1910,1
1663,,,6,1,286,7,,,7,2338,1
1664,,,5,5,224,8,,,48,2627,1
1665,,,3,5,204,3,,,45,2513,1
1666,,,5,2,266,7,,,40,2304,1
1667,,,4,5,268,3,,,59,2083,1
1668,,,4,5,267,4,,,20,3132,1
1669,,,3,5,223,4,,,46,3938,1
1670,,,5,5,164,5,,,52,1644,1
1671,,,4,2,209,4,,,10,3370,1
1672,,,3,2,192,3,,,19,3183,1
1673,,,3,2,260,3,,,52,2874,1
1674,,,2,1,137,5,,,3,1037,1
1675,,,3,3,267,2,,,18,2435,1
1676,,,3,3,111,3,,,54,1712,1
1677,,,3,4,240,2,,,2,3729,1
1678,,,5,1,234,3,,,40,3340,1
1679,,,4,2,190,2,,,37,2563,1
1680,,,5,2,265,2,,,24,2415,1
1681,,,3,4,189,3,,,37,3492,1
1682,,,2,1,121,3,,,25,1124,1
1683,,,4,3,101,6,,,37,1344,1
1684,,,3,3,250,3,,,9,2752,1
1685,,,4,2,247,3,,,64,2198,1
1686,,,4,4,162,3,,,41,1104,1
1687,,,2,2,219,3,,,56,3608,1
1688,,,5,1,258,2,,,48,3717,1
1689,,,5,4,221,2,,,59,3444,1
1690,,,2,4,137,3,,,41,1176,1
1691,,,3,4,174,2,,,51,1430,1
1692,,,4,2,189,3,,,6,3671,1
1693,,,4,4,212,4,,,2,3830,1
1694,,,6,1,183,2,,,57,3966,1
1695,,,3,1,180,2,,,26,1715,1
1696,,,5,5,150,5,,,61,1091,1
1697,,,4,3,246,3,,,52,2440,1
1698,,,3,2,263,3,,,44,3802,1
1699,,,4,4,204,2,,,29,2941,1
1700,,,3,2,223,4,,,20,3955,1
1701,,,3,3,193,2,,,60,2581,1
1702,,,3,1,138,3,,,41,1914,1
1703,,,5,2,188,3,,,50,3992,1
1704,,,4,3,201,3,,,46,3641,1
1705,,,3,3,245,2,,,16,2577,1
1706,,,3,2,262,3,,,54,3150,1
1707,,,4,4,147,5,,,33,1886,1
1708,,,3,1,254,3,,,35,2965,1
1709,,,4,2,213,4,,,37,2184,1
1710,,,3,3,152,2,,,32,1665,1
1711,,,4,1,227,3,,,54,3972,1
1712,,,2,5,206,3,,,46,2944,1
1713,,,3,4,242,5,,,5,2307,1
1714,,,4,2,200,3,,,45,2486,1
1715,,,4,1,142,2,,,26,1683,1
1716,,,3,3,275,3,,,61,2123,1
1717,,,6,1,222,5,,,26,3137,1
1718,,,3,1,101,2,,,56,1184,1
1719,,,4,5,178,3,,,22,1907,1
1720,,,3,2,243,3,,,31,3943,1
1721,,,2,1,177,4,,,63,1058,1
1722,,,3,2,270,3,,,31,2377,1
1723,,,5,3,186,4,,,11,3676,1
1724,,,5,3,133,4,,,29,1094,1
1725,,,3,2,263,4,,,8,2599,1
1726,,,5,3,248,3,,,4,2207,1
1727,,,5,2,150,3,,,63,1807,1
1728,,,3,4,203,4,,,46,3640,1
1729,,,2,3,249,2,,,1,2905,1
1730,,,3,3,238,3,,,54,2860,1
1731,,,5,3,181,4,,,32,3893,1
1732,,,3,3,138,4,,,56,1440,1
1733,,,4,3,139,3,,,47,1323,1
1734,,,2,3,192,2,,,31,2621,1
1735,,,5,4,241,3,,,40,3484,1
1736,,,3,2,188,3,,,33,3335,1
1737,,,6,1,278,2,,,12,2112,1
1738,,,4,1,144,2,,,35,1072,1
1739,,,4,5,208,2,,,33,2170,1
1740,,,3,2,208,2,,,41,2036,1
1741,,,4,3,210,3,,,11,2655,1
1742,,,3,3,237,3,,,47,3625,1
1743,,,4,4,192,3,,,25,2443,1
1744,,,6,2,143,5,,,17,1955,1
1745,,,3,1,234,3,,,60,2596,1
1746,,,4,5,147,2,,,17,1057,1
1747,,,5,1,226,2,,,18,2582,1
1748,,,4,5,263,2,,,62,2267,1
1749,,,4,1,147,3,,,11,1434,1
1750,,,3,1,174,4,,,18,1072,1
1751,,,3,1,142,4,,,4,1583,1
1752,,,4,4,136,3,,,6,1900,1
1753,,,3,1,192,3,,,35,2258,1
1754,,,3,2,184,5,,,26,3336,1
1755,,,6,5,260,4,,,10,2756,1
1756,,,5,3,160,3,,,25,1977,1
1757,,,3,1,262,2,,,28,2940,1
1758,,,4,3,217,3,,,51,3144,1
1759,,,3,2,267,5,,,48,2622,1
1760,,,5,4,195,2,,,4,3108,1
1761,,,4,3,152,2,,,18,1537,1
1762,,,4,5,178,3,,,23,1695,1
1763,,,4,2,190,4,,,61,2077,1
1764,,,3,5,286,3,,,12,3817,1
1765,,,2,1,167,2,,,46,1023,1
1766,,,2,2,148,6,,,63,1279,1
1767,,,4,3,218,4,,,50,3990,1
1768,,,5,2,272,2,,,37,2226,1
1769,,,4,3,147,2,,,52,1570,1
1770,,,4,5,263,3,,,32,3723,1
1771,,,5,5,189,4,,,16,3564,1
1772,,,3,3,242,3,,,7,3127,1
1773,,,5,3,204,2,,,40,2181,1
1774,,,3,1,229,3,,,2,3963,1
1775,,,3,5,180,2,,,33,1444,1
1776,,,5,5,190,4,,,12,2947,1
1777,,,6,1,154,5,,,19,1842,1
1778,,,4,3,134,3,,,21,1955,1
1779,,,3,3,206,2,,,62,3558,1
1780,,,3,2,169,2,,,61,1511,1
1781,,,4,2,237,2,,,6,2965,1
1782,,,4,4,146,2,,,52,1459,1
1783,,,5,2,187,3,,,11,2936,1
1784,,,5,4,206,3,,,53,2182,1
1785,,,5,3,208,4,,,10,2419,1
1786,,,4,2,149,4,,,40,1102,1
1787,,,6,2,148,4,,,56,1511,1
1788,,,4,2,135,2,,,54,1011,1
1789,,,4,1,242,3,,,35,3556,1
1790,,,5,2,231,4,,,41,2992,1
1791,,,6,2,205,5,,,61,2018,1
1792,,,4,4,137,2,,,37,1447,1
1793,,,3,4,202,4,,,20,3655,1
1794,,,3,1,163,3,,,59,1005,1
1795,,,2,2,128,2,,,17,1824,1
1796,,,3,3,165,3,,,35,1459,1
1797,,,4,1,242,2,,,34,3966,1
1798,,,5,4,229,2,,,9,3667,1
1799,,,5,1,191,3,,,56,3538,1
1800,,,3,5,231,2,,,49,2341,1
1801,,,3,1,183,3,,,51,3863,1
1802,,,3,1,195,3,,,5,3251,1
1803,,,3,5,249,2,,,26,2029,1
1804,,,3,4,151,3,,,16,1020,1
1805,,,4,1,140,2,,,60,1950,1
1806,,,4,1,151,2,,,6,1114,1
1807,,,2,5,109,3,,,12,1715,1
1808,,,5,1,180,2,,,35,1204,1
1809,,,4,1,151,5,,,28,1148,1
1810,,,2,1,188,3,,,62,2106,1
1811,,,4,2,274,2,,,11,3013,1
1812,,,3,5,187,2,,,50,2598,1
1813,,,4,2,185,2,,,4,2212,1
1814,,,3,4,187,2,,,54,3290,1
1815,,,5,4,260,3,,,43,2143,1
1816,,,3,3,191,3,,,5,2007,1
1817,,,3,4,203,2,,,15,2281,1
1818,,,4,1,144,4,,,63,1881,1
1819,,,5,2,281,4,,,5,3357,1
1820,,,2,3,169,3,,,48,1279,1
1821,,,4,3,201,2,,,18,3461,1
1822,,,4,4,226,5,,,12,2708,1
1823,,,6,3,176,5,,,7,1767,1
1824,,,3,5,228,4,,,57,2243,1
1825,,,4,5,260,3,,,14,2071,1
1826,,,4,5,268,3,,,17,3085,1
1827,,,4,5,188,3,,,6,3361,1
1828,,,4,4,213,3,,,11,2037,1
1829,,,4,4,259,2,,,44,2132,1
1830,,,3,2,257,2,,,46,2848,1
1831,,,4,5,163,3,,,38,1146,1
1832,,,2,3,211,3,,,12,3296,1
1833,,,3,4,166,2,,,58,1319,1
1834,,,3,5,245,4,,,26,2072,1
1835,,,5,5,234,2,,,44,2548,1
1836,,,4,2,234,2,,,27,3393,1
1837,,,3,1,180,3,,,52,1838,1
1838,,,4,5,217,4,,,37,2128,1
1839,,,4,1,253,3,,,31,3632,1
1840,,,3,2,188,3,,,3,3837,1
1841,,,2,3,274,3,,,24,3829,1
1842,,,3,4,136,2,,,54,1056,1
1843,,,3,5,143,2,,,17,1422,1
1844,,,3,1,267,3,,,57,3257,1
1845,,,3,4,198,2,,,20,2266,1
1846,,,4,4,201,10,,,17,2059,1
1847,,,3,5,241,10,,,31,2724,1
1848,,,5,1,269,3,,,2,2136,1
1849,,,5,5,123,2,,,60,1653,1
1850,,,3,2,178,2,,,32,1329,1
1851,,,3,4,203,3,,,18,3127,1
1852,,,3,1,169,10,,,15,1107,1
1853,,,3,5,190,10,,,27,2739,1
1854,,,3,3,190,7,,,7,2400,1
1855,,,4,5,238,10,,,38,3556,1
1856,,,5,5,247,10,,,61,2206,1
1857,,,4,1,190,10,,,35,3819,1
1858,,,3,5,168,3,,,5,1143,1
1859,,,2,2,190,3,,,51,2380,1
1860,,,2,5,170,8,,,14,1396,1
1861,,,4,4,226,7,,,9,2182,1
1862,,,5,1,256,7,,,50,3837,1
1863,,,2,1,104,7,,,30,1870,1
1864,,,4,1,192,3,,,29,3347,1
1865,,,4,3,213,3,,,57,3599,1
1866,,,4,2,259,2,,,54,2244,1
1867,,,3,4,257,2,,,15,3981,1
1868,,,4,3,163,3,,,52,1891,1
1869,,,2,3,211,3,,,55,3842,1
1870,,,3,2,166,2,,,45,1741,1
1871,,,3,1,245,4,,,47,3111,1
1872,,,5,5,234,2,,,43,3822,1
1873,,,4,4,234,2,,,2,2008,1
1874,,,3,4,180,3,,,52,1727,1
1875,,,4,5,217,4,,,12,2217,1
1876,,,4,5,253,3,,,58,3096,1
1877,,,3,4,188,3,,,49,3221,1
1878,,,2,2,274,3,,,60,2053,1
1879,,,3,1,136,2,,,61,1509,1
1880,,,3,1,143,2,,,63,1246,1
1881,,,3,4,267,3,,,55,2923,1
1882,,,3,1,198,2,,,49,3573,1
1883,,,4,1,201,10,,,37,3402,1
1884,,,3,5,241,10,,,41,3015,1
1885,,,5,4,269,3,,,51,3415,1
1886,,,5,3,123,2,,,30,1068,1
1887,,,3,4,178,2,,,35,1183,1
1888,,,3,5,203,3,,,58,3231,1
1889,,,3,2,169,10,,,4,1665,1
1890,,,3,4,190,10,,,38,2018,1
1891,,,3,4,190,7,,,51,2391,1
1892,,,4,5,238,10,,,44,3860,1
1893,,,5,1,247,10,,,57,2377,1
1894,,,4,3,190,10,,,34,3935,1
1895,,,3,2,168,3,,,15,1862,1
1896,,,2,1,190,3,,,59,2108,1
1897,,,2,3,170,8,,,61,1240,1
1898,,,4,1,226,7,,,41,2964,1
1899,,,5,2,256,7,,,41,2758,1
1900,,,2,5,104,7,,,12,1064,1
1901,,,4,4,192,3,,,39,2943,1
1902,,,5,2,195,6,,,38,1338,1
1903,,,3,5,271,4,,,51,1134,1
1904,,,2,1,296,5,,,29,1648,1
1905,,,4,5,277,5,,,32,1055,1
1906,,,2,4,140,3,,,32,1819,1
1907,,,4,1,148,3,,,23,1814,1
1908,,,4,5,238,2,,,1,2644,1
1909,,,5,3,220,3,,,37,2294,1
1910,,,4,4,224,3,,,29,3623,1
1911,,,4,5,162,3,,,31,1170,1
1912,,,4,2,202,4,,,1,3602,1
1913,,,3,5,226,3,,,5,3914,1
1914,,,4,3,246,2,,,60,2086,1
1915,,,5,2,223,3,,,51,3687,1
1916,,,5,2,156,2,,,19,1311,1
1917,,,2,5,189,2,,,38,3708,1
1918,,,5,4,242,3,,,2,3564,1
1919,,,4,5,207,2,,,49,3736,1
1920,,,3,3,161,3,,,24,1920,1
1921,,,4,5,232,2,,,21,3128,1
1922,,,6,4,194,3,,,10,2554,1
1923,,,5,5,161,3,,,59,1037,1
1924,,,4,1,269,3,,,23,3652,1
1925,,,3,3,219,2,,,41,3932,1
1926,,,5,2,161,2,,,59,1859,1
1927,,,3,1,264,4,,,33,3561,1
1928,,,5,2,151,3,,,20,1395,1
1929,,,5,5,177,2,,,31,2000,1
1930,,,2,5,193,5,,,13,2882,1
1931,,,4,4,212,4,,,16,2494,1
1932,,,4,1,210,2,,,7,3405,1
1933,,,4,2,164,2,,,43,1976,1
1934,,,4,2,219,3,,,2,3402,1
1935,,,4,4,216,4,,,27,3740,1
1936,,,5,2,174,2,,,54,1091,1
1937,,,3,5,199,2,,,46,2728,1
1938,,,3,4,181,3,,,45,2486,1
1939,,,3,2,220,3,,,22,2818,1
1940,,,3,1,215,2,,,47,3678,1
1941,,,4,5,248,4,,,56,2840,1
1942,,,3,2,183,4,,,49,2414,1
1943,,,4,2,194,4,,,26,3818,1
1944,,,4,4,224,2,,,31,2084,1
1945,,,4,4,184,3,,,52,3128,1
1946,,,4,1,160,2,,,28,1276,1
1947,,,5,1,182,3,,,8,3580,1
1948,,,3,2,116,2,,,22,1430,1
1949,,,4,4,170,4,,,39,1868,1
1950,,,5,1,201,2,,,54,2158,1
1951,,,4,3,148,2,,,29,1809,1
1952,,,5,1,165,3,,,27,1905,1
1953,,,3,5,135,3,,,20,1772,1
1954,,,4,4,263,2,,,41,3955,1
1955,,,5,4,228,3,,,20,3382,1
1956,,,6,5,275,5,,,51,3569,1
1957,,,4,1,224,3,,,27,3400,1
1958,,,3,1,202,3,,,1,3738,1
1959,,,4,2,163,3,,,11,1926,1
1960,,,4,5,268,3,,,64,2386,1
1961,,,3,3,207,3,,,62,3277,1
1962,,,2,3,117,2,,,36,1210,1
1963,,,2,1,165,4,,,57,1881,1
1964,,,3,3,181,2,,,65,3234,1
1965,,,6,5,212,4,,,13,3676,1
1966,,,3,4,226,3,,,26,2299,1
1967,,,4,1,195,3,,,43,2849,1
1968,,,4,5,263,2,,,13,2779,1
1969,,,4,4,136,2,,,16,1131,1
1970,,,3,5,163,2,,,49,1034,1
1971,,,5,2,144,3,,,49,1202,1
1972,,,4,4,240,3,,,62,3478,1
1973,,,4,5,243,2,,,19,2829,1
1974,,,5,1,201,3,,,19,2696,1
1975,,,5,3,242,3,,,58,3411,1
1976,,,3,1,187,2,,,56,3774,1
1977,,,4,3,162,3,,,53,1194,1
1978,,,3,3,147,3,,,16,1563,1
1979,,,3,4,268,2,,,39,2822,1
1980,,,4,3,237,3,,,57,3952,1
1981,,,3,2,157,2,,,29,1115,1
1982,,,4,2,176,3,,,12,1750,1
1983,,,4,5,134,4,,,36,1191,1
1984,,,3,4,234,2,,,52,3543,1
1985,,,3,3,154,2,,,57,1096,1
1986,,,2,1,209,5,,,64,2016,1
1987,,,5,4,138,2,,,38,1803,1
1988,,,2,3,151,3,,,22,1024,1
1989,,,4,4,252,6,,,44,2676,1
1990,,,3,1,155,2,,,6,1490,1
1991,,,3,3,139,4,,,17,1137,1
1992,,,4,5,258,3,,,37,2289,1
1993,,,4,2,172,3,,,1,1182,1
1994,,,4,3,239,3,,,28,2741,1
1995,,,3,1,165,3,,,1,1417,1
1996,,,4,5,177,2,,,47,1536,1
1997,,,5,1,187,2,,,17,3513,1
1998,,,6,2,172,2,,,41,1006,1
1999,,,4,4,168,3,,,35,1434,1
2000,,,3,4,249,3,,,31,3489,1
2001,,,4,3,135,3,,,11,1322,1
2002,,,4,3,134,3,,,13,1985,1
2003,,,3,1,269,2,,,35,3524,1
2004,,,6,5,210,5,,,37,3236,1
2005,,,5,4,285,6,,,63,3151,1
2006,,,4,2,244,2,,,15,2857,1
2007,,,3,2,209,2,,,24,2748,1
2008,,,4,3,154,3,,,52,1432,1
2009,,,3,2,134,3,,,54,1932,1
2010,,,3,5,168,4,,,23,1347,1
2011,,,4,5,264,3,,,57,3753,1
2012,,,4,2,276,6,,,36,2843,1
2013,,,3,4,195,3,,,23,3499,1
2014,,,5,3,174,5,,,47,1909,1
2015,,,3,4,241,3,,,50,3074,1
2016,,,5,5,166,3,,,20,1267,1
2017,,,3,2,190,3,,,37,3315,1
2018,,,3,1,231,2,,,12,2123,1
2019,,,5,4,206,4,,,3,3755,1
2020,,,4,4,212,3,,,50,2073,1
2021,,,3,5,212,3,,,2,2456,1
2022,,,4,5,246,6,,,64,2271,1
2023,,,4,4,264,2,,,12,2203,1
2024,,,3,4,208,2,,,37,2537,1
2025,,,3,4,210,3,,,7,2878,1
2026,,,3,2,183,3,,,44,2896,1
2027,,,4,2,265,3,,,41,3498,1
2028,,,3,5,187,3,,,20,2374,1
2029,,,2,4,183,3,,,12,3090,1
2030,,,3,3,176,2,,,58,1730,1
2031,,,4,5,266,3,,,5,3718,1
2032,,,3,2,143,4,,,22,1249,1
2033,,,3,4,195,2,,,32,3719,1
2034,,,3,2,264,4,,,32,2754,1
2035,,,3,5,243,2,,,42,3421,1
2036,,,5,2,142,2,,,55,1758,1
2037,,,4,2,172,2,,,23,1019,1
2038,,,4,1,280,3,,,2,3366,1
2039,,,3,2,254,2,,,37,2469,1
2040,,,5,2,202,3,,,34,3885,1
2041,,,5,3,110,5,,,21,1011,1
2042,,,4,4,162,2,,,30,1158,1
2043,,,3,3,183,3,,,21,2585,1
2044,,,4,2,260,2,,,31,2805,1
2045,,,3,5,109,5,,,27,1581,1
2046,,,3,3,273,4,,,12,2151,1
2047,,,5,2,262,6,,,10,3164,1
2048,,,2,4,239,5,,,59,2181,1
2049,,,3,2,185,2,,,49,3864,1
2050,,,4,4,248,3,,,59,2868,1
2051,,,5,4,180,2,,,52,1122,1
2052,,,4,5,221,3,,,43,3561,1
2053,,,3,5,162,2,,,28,1948,1
2054,,,2,5,162,4,,,49,1671,1
2055,,,3,1,145,2,,,28,1313,1
2056,,,5,3,228,3,,,38,3631,1
2057,,,3,4,196,3,,,47,2447,1
2058,,,3,4,254,2,,,56,3266,1
2059,,,5,2,215,2,,,46,3942,1
2060,,,5,2,265,3,,,33,2734,1
2061,,,3,2,173,3,,,60,1582,1
2062,,,4,2,233,7,,,64,3146,1
2063,,,4,3,213,2,,,27,2034,1
2064,,,4,1,124,2,,,22,1714,1
2065,,,3,4,156,4,,,7,1492,1
2066,,,3,1,265,3,,,11,2194,1
2067,,,3,1,139,3,,,6,1269,1
2068,,,2,4,225,10,,,46,2690,1
2069,,,5,4,178,7,,,36,1179,1
2070,,,3,4,190,10,,,32,2064,1
2071,,,3,4,272,10,,,63,2455,1
2072,,,3,1,153,2,,,51,1841,1
2073,,,3,1,235,10,,,7,2991,1
2074,,,5,1,214,3,,,33,2562,1
2075,,,3,4,175,2,,,2,1072,1
2076,,,3,1,176,3,,,63,1420,1
2077,,,3,4,172,10,,,23,1875,1
2078,,,5,2,195,6,,,35,1852,1
2079,,,3,5,271,4,,,10,1679,1
2080,,,5,4,228,3,,,42,3145,1
2081,,,3,4,196,3,,,52,2129,1
2082,,,3,1,254,2,,,60,3590,1
2083,,,5,4,215,2,,,34,2713,1
2084,,,5,5,265,3,,,46,3997,1
2085,,,3,2,173,3,,,40,1723,1
2086,,,4,2,233,7,,,56,3925,1
2087,,,4,4,213,2,,,27,2938,1
2088,,,4,2,124,2,,,50,1592,1
2089,,,3,5,156,4,,,26,1769,1
2090,,,3,1,265,3,,,61,3010,1
2091,,,3,2,139,3,,,4,1546,1
2092,,,2,4,225,10,,,56,3384,1
2093,,,5,4,178,7,,,52,1824,1
2094,,,3,3,190,10,,,4,3062,1
2095,,,3,5,272,10,,,59,2182,1
2096,,,3,4,153,2,,,37,1740,1
2097,,,3,1,235,10,,,56,2175,1
2098,,,5,4,214,3,,,52,3403,1
2099,,,3,5,175,2,,,40,1460,1
2100,,,3,2,176,3,,,29,1953,1
2101,,,3,1,172,10,,,30,1294,1
2102,,,5,1,195,6,,,29,1039,1
2103,,,3,5,164,3,,,61,1473,1
2104,,,3,1,231,3,,,33,2755,1
2105,,,5,5,248,3,,,9,3873,1
2106,,,4,5,237,2,,,60,3427,1
2107,,,3,1,111,4,,,8,1620,1
2108,,,5,5,106,5,,,46,1275,1
2109,,,4,2,139,3,,,29,1365,1
2110,,,4,3,149,2,,,58,1657,1
2111,,,4,5,180,3,,,24,1513,1
2112,,,3,2,212,2,,,65,3776,1
2113,,,4,2,183,3,,,5,3716,1
2114,,,6,4,164,5,,,20,1555,1
2115,,,4,1,143,3,,,28,1197,1
2116,,,3,3,162,2,,,5,1202,1
2117,,,4,2,202,4,,,56,3098,1
2118,,,3,2,135,2,,,2,1150,1
2119,,,3,2,232,2,,,58,2054,1
2120,,,3,3,218,3,,,19,3770,1
2121,,,5,4,177,2,,,14,1735,1
2122,,,4,4,168,2,,,63,1474,1
2123,,,3,4,181,2,,,45,3448,1
2124,,,3,2,238,2,,,29,3728,1
2125,,,3,2,250,5,,,36,2717,1
2126,,,3,1,152,2,,,25,1848,1
2127,,,4,5,242,4,,,35,3215,1
2128,,,3,1,236,2,,,2,3949,1
2129,,,4,1,238,4,,,22,3950,1
2130,,,4,4,165,5,,,21,1727,1
2131,,,4,2,271,3,,,50,3448,1
2132,,,3,3,109,2,,,18,1661,1
2133,,,4,1,235,3,,,22,3695,1
2134,,,3,3,186,3,,,49,2356,1
2135,,,4,1,202,2,,,40,2327,1
2136,,,3,3,188,4,,,3,3075,1
2137,,,5,3,224,2,,,52,3824,1
2138,,,5,3,239,4,,,3,3734,1
2139,,,2,3,140,2,,,20,1832,1
2140,,,6,3,272,3,,,39,2518,1
2141,,,3,3,160,3,,,65,1228,1
2142,,,3,3,261,3,,,14,3479,1
2143,,,3,5,199,3,,,62,3259,1
2144,,,3,1,154,2,,,56,1300,1
2145,,,3,5,237,3,,,55,2451,1
2146,,,4,4,181,3,,,44,2070,1
2147,,,3,3,133,6,,,10,1686,1
2148,,,3,4,150,3,,,47,1511,1
2149,,,6,5,152,3,,,62,1325,1
2150,,,6,1,142,5,,,30,1464,1
2151,,,4,3,214,2,,,57,2078,1
2152,,,5,1,155,2,,,40,1024,1
2153,,,4,2,191,2,,,11,3985,1
2154,,,4,5,133,2,,,39,1106,1
2155,,,3,3,211,4,,,22,2942,1
2156,,,4,3,212,4,,,28,2422,1
2157,,,3,1,150,2,,,9,1158,1
2158,,,3,5,208,3,,,41,3977,1
2159,,,4,2,157,2,,,15,1724,1
2160,,,4,4,228,3,,,60,2715,1
2161,,,3,4,254,2,,,44,3786,1
2162,,,4,2,270,2,,,65,3599,1
2163,,,6,2,195,3,,,30,3462,1
2164,,,4,5,193,4,,,33,2173,1
2165,,,5,4,165,3,,,48,1240,1
2166,,,3,1,177,2,,,38,1099,1
2167,,,3,4,244,3,,,46,2844,1
2168,,,3,2,151,2,,,26,1793,1
2169,,,3,1,164,2,,,2,1104,1
2170,,,5,1,165,3,,,37,1228,1
2171,,,3,4,256,2,,,55,2247,1
2172,,,4,4,150,4,,,5,1263,1
2173,,,2,3,255,3,,,27,3484,1
2174,,,4,3,268,3,,,23,2996,1
2175,,,3,5,166,3,,,1,1366,1
2176,,,3,5,230,3,,,49,3477,1
2177,,,4,3,163,3,,,45,1395,1
2178,,,4,4,139,3,,,64,1415,1
2179,,,3,5,161,3,,,10,1978,1
2180,,,6,2,181,4,,,6,3003,1
2181,,,4,1,242,3,,,47,3489,1
2182,,,3,3,151,3,,,24,1139,1
2183,,,3,4,167,3,,,50,1068,1
2184,,,3,2,257,3,,,25,2334,1
2185,,,3,2,204,2,,,35,2090,1
2186,,,5,3,219,3,,,1,2027,1
2187,,,3,4,202,3,,,28,3707,1
2188,,,4,5,155,2,,,41,1367,1
2189,,,3,3,183,3,,,6,3364,1
2190,,,5,1,184,3,,,19,2625,1
2191,,,4,5,230,2,,,38,2890,1
2192,,,4,2,139,4,,,41,1511,1
2193,,,4,4,252,3,,,7,2477,1
2194,,,3,2,272,3,,,40,3766,1
2195,,,3,2,134,3,,,20,1391,1
2196,,,3,5,169,3,,,13,1934,1
2197,,,4,2,214,2,,,49,3416,1
2198,,,3,3,163,3,,,65,1614,1
2199,,,4,2,150,3,,,48,1193,1
2200,,,5,5,216,2,,,33,3202,1
2201,,,5,2,116,5,,,56,1130,1
2202,,,3,4,144,2,,,33,1811,1
2203,,,5,3,266,3,,,19,2508,1
2204,,,3,3,154,4,,,62,1616,1
2205,,,4,3,255,5,,,18,3644,1
2206,,,6,2,229,3,,,13,2322,1
2207,,,2,1,111,3,,,16,1882,1
2208,,,3,3,160,2,,,32,1718,1
2209,,,3,1,184,2,,,31,3191,1
2210,,,4,4,218,4,,,45,3234,1
2211,,,5,1,137,2,,,52,1012,1
2212,,,4,2,204,3,,,14,3829,1
2213,,,6,1,105,5,,,57,1784,1
2214,,,3,1,256,2,,,63,3046,1
2215,,,4,2,182,2,,,54,3261,1
2216,,,3,4,260,4,,,17,2666,1
2217,,,4,2,166,3,,,62,1944,1
2218,,,5,2,160,4,,,43,1479,1
2219,,,4,2,243,3,,,13,2850,1
2220,,,6,5,240,4,,,62,2400,1
2221,,,6,1,229,6,,,35,3239,1
2222,,,3,1,164,2,,,2,1304,1
2223,,,3,4,234,3,,,37,2111,1
2224,,,4,1,97,2,,,15,1836,1
2225,,,4,3,258,3,,,12,2017,1
2226,,,3,1,147,2,,,52,1934,1
2227,,,4,3,180,4,,,14,1686,1
2228,,,5,1,212,3,,,11,2073,1
2229,,,3,4,198,2,,,19,2373,1
2230,,,3,1,239,3,,,63,2154,1
2231,,,4,3,158,2,,,46,1374,1
2232,,,4,3,218,3,,,57,3311,1
2233,,,4,4,156,3,,,20,1523,1
2234,,,3,4,235,3,,,52,3447,1
2235,,,4,5,168,3,,,4,1363,1
2236,,,3,1,178,3,,,36,1297,1
2237,,,4,2,275,3,,,26,2449,1
2238,,,3,4,139,2,,,45,1192,1
2239,,,2,5,236,3,,,13,2171,1
2240,,,3,4,155,2,,,37,1780,1
2241,,,3,3,168,3,,,11,1008,1
2242,,,4,1,151,2,,,42,1367,1
2243,,,3,4,113,4,,,56,1154,1
2244,,,4,3,133,3,,,50,1861,1
2245,,,5,4,163,4,,,57,1613,1
2246,,,5,3,206,2,,,59,3278,1
2247,,,3,2,177,2,,,23,1929,1
2248,,,3,2,206,2,,,3,2261,1
2249,,,5,1,189,3,,,13,3492,1
2250,,,3,4,270,2,,,39,3690,1
2251,,,4,1,238,3,,,33,2013,1
2252,,,5,1,143,2,,,46,1387,1
2253,,,4,1,173,2,,,53,1251,1
2254,,,3,5,134,3,,,38,1169,1
2255,,,4,4,176,3,,,34,1283,1
2256,,,4,3,160,2,,,38,1961,1
2257,,,3,4,230,3,,,22,3546,1
2258,,,4,5,178,3,,,5,1012,1
2259,,,3,2,256,4,,,18,2699,1
2260,,,3,4,256,4,,,11,3030,1
2261,,,3,2,208,4,,,52,2900,1
2262,,,4,3,119,3,,,40,1233,1
2263,,,3,3,114,6,,,26,1825,1
2264,,,3,5,225,3,,,1,2864,1
2265,,,4,5,155,4,,,48,1972,1
2266,,,4,4,223,3,,,51,3895,1
2267,,,5,3,194,3,,,6,2736,1
2268,,,5,4,281,4,,,40,3381,1
2269,,,4,1,132,4,,,10,1343,1
2270,,,4,1,229,3,,,53,3423,1
2271,,,4,2,251,3,,,10,3517,1
2272,,,4,1,113,3,,,60,1200,1
2273,,,5,5,234,6,,,52,2615,1
2274,,,3,3,181,2,,,58,3719,1
2275,,,5,2,157,2,,,32,1497,1
2276,,,3,1,155,3,,,49,1203,1
2277,,,3,4,209,2,,,62,2935,1
2278,,,4,3,264,3,,,39,2213,1
2279,,,3,1,268,3,,,47,2479,1
2280,,,6,1,224,3,,,64,2705,1
2281,,,4,4,223,10,,,24,3271,1
2282,,,3,2,191,3,,,42,2374,1
2283,,,4,1,184,3,,,47,3081,1
2284,,,6,5,174,3,,,32,1921,1
2285,,,6,3,134,8,,,12,1371,1
2286,,,4,1,135,2,,,25,1009,1
2287,,,5,4,234,2,,,61,3084,1
2288,,,3,1,215,6,,,5,3432,1
2289,,,5,4,187,2,,,10,3549,1
2290,,,3,1,238,2,,,50,3438,1
2291,,,4,2,273,4,,,26,3223,1
2292,,,5,4,192,3,,,46,3709,1
2293,,,3,5,268,4,,,5,3446,1
2294,,,3,5,225,3,,,12,2721,1
2295,,,4,5,155,4,,,54,1408,1
2296,,,4,2,223,3,,,56,3158,1
2297,,,5,1,194,3,,,32,3003,1
2298,,,5,4,281,4,,,56,3709,1
2299,,,4,5,132,4,,,28,1715,1
2300,,,4,1,229,3,,,20,2891,1
2301,,,4,1,251,3,,,33,2502,1
2302,,,4,5,113,3,,,52,1741,1
2303,,,5,2,234,6,,,58,2448,1
2304,,,3,3,181,2,,,52,3236,1
2305,,,5,2,157,2,,,58,1654,1
2306,,,3,3,155,3,,,20,1830,1
2307,,,3,5,209,2,,,33,2603,1
2308,,,4,1,264,3,,,13,3015,1
2309,,,3,2,268,3,,,30,2867,1
2310,,,6,2,224,3,,,26,3247,1
2311,,,4,3,223,10,,,21,2943,1
2312,,,3,5,191,3,,,17,2235,1
2313,,,4,4,184,3,,,27,3967,1
2314,,,6,4,174,3,,,14,1651,1
2315,,,6,2,134,8,,,42,1054,1
2316,,,4,5,135,2,,,22,1195,1
2317,,,5,5,234,2,,,50,3914,1
2318,,,3,1,215,6,,,42,3715,1
2319,,,5,2,187,2,,,29,2863,1
2320,,,3,2,238,2,,,32,3274,1
2321,,,4,1,273,4,,,54,2611,1
2322,,,5,5,192,3,,,37,2197,1
2323,,,3,5,268,4,,,19,2893,1
2324,,,3,4,164,3,,,5,1408,1
2325,,,2,2,255,3,,,59,1514,1
2326,,,4,4,141,2,,,30,1130,1
2327,,,2,5,202,3,,,50,2587,1
2328,,,4,4,282,6,,,52,3009,1
2329,,,6,4,190,3,,,7,3175,1
2330,,,4,2,192,4,,,61,2256,1
2331,,,3,4,179,2,,,51,1041,1
2332,,,4,3,238,2,,,43,2200,1
2333,,,3,2,181,4,,,18,3696,1
2334,,,5,2,128,5,,,45,1707,1
2335,,,5,1,285,5,,,51,2063,1
2336,,,5,5,273,3,,,18,2415,1
2337,,,2,2,242,6,,,63,3144,1
2338,,,3,4,226,3,,,22,3593,1
2339,,,2,5,255,4,,,36,2093,1
2340,,,5,1,198,2,,,37,3025,1
2341,,,5,4,263,3,,,59,3978,1
2342,,,3,5,186,2,,,39,2197,1
2343,,,5,2,260,3,,,22,2935,1
2344,,,4,2,167,2,,,5,1169,1
2345,,,4,3,210,3,,,46,2344,1
2346,,,4,5,216,3,,,20,3549,1
2347,,,3,2,273,3,,,12,2154,1
2348,,,5,1,153,2,,,55,1414,1
2349,,,3,2,183,3,,,44,3809,1
2350,,,4,1,224,3,,,36,3499,1
2351,,,5,1,170,3,,,58,1651,1
2352,,,5,1,237,4,,,33,2605,1
2353,,,5,5,234,6,,,60,2443,1
2354,,,3,2,264,3,,,43,3439,1
2355,,,2,2,153,3,,,55,1273,1
2356,,,4,3,228,4,,,61,3583,1
2357,,,3,5,264,2,,,33,2021,1
2358,,,4,3,267,3,,,42,2332,1
2359,,,3,2,213,2,,,22,3248,1
2360,,,4,1,181,3,,,38,3258,1
2361,,,6,4,209,5,,,53,3169,1
2362,,,3,2,165,3,,,19,1111,1
2363,,,3,4,164,3,,,55,1293,1
2364,,,5,5,141,2,,,14,1114,1
2365,,,3,2,164,4,,,2,1701,1
2366,,,3,3,178,2,,,4,1778,1
2367,,,5,4,200,3,,,24,2078,1
2368,,,4,5,185,2,,,47,3974,1
2369,,,2,1,180,2,,,31,1078,1
2370,,,4,5,144,3,,,9,1526,1
2371,,,4,4,161,4,,,14,1194,1
2372,,,4,5,152,3,,,25,1222,1
2373,,,2,3,129,3,,,50,1111,1
2374,,,5,2,140,3,,,16,1969,1
2375,,,4,1,270,4,,,64,3312,1
2376,,,3,2,183,3,,,25,2023,1
2377,,,4,1,264,3,,,39,3719,1
2378,,,3,2,167,4,,,49,1973,1
2379,,,5,1,219,3,,,14,2447,1
2380,,,4,2,225,3,,,52,3189,1
2381,,,4,1,228,3,,,53,2021,1
2382,,,3,5,119,3,,,7,1021,1
2383,,,3,5,244,3,,,8,3154,1
2384,,,4,3,163,5,,,29,1349,1
2385,,,4,5,260,3,,,59,3951,1
2386,,,4,3,135,2,,,53,1073,1
2387,,,5,2,167,3,,,7,1939,1
2388,,,4,4,233,3,,,14,2522,1
2389,,,4,5,147,2,,,19,1940,1
2390,,,2,4,159,2,,,17,1686,1
2391,,,4,2,139,3,,,5,1674,1
2392,,,3,1,200,2,,,44,2651,1
2393,,,4,1,221,3,,,3,2546,1
2394,,,4,3,158,3,,,18,1036,1
2395,,,4,5,227,3,,,65,3984,1
2396,,,3,3,179,3,,,12,1125,1
2397,,,3,2,232,3,,,64,3131,1
2398,,,3,3,139,2,,,9,1177,1
2399,,,6,3,195,2,,,21,3869,1
2400,,,6,2,276,6,,,7,2437,1
2401,,,2,5,171,3,,,13,1101,1
2402,,,5,4,259,3,,,43,2685,1
2403,,,3,2,123,4,,,7,1596,1
2404,,,3,2,199,4,,,47,2208,1
2405,,,4,3,226,2,,,32,2912,1
2406,,,4,2,149,3,,,54,1506,1
2407,,,3,5,115,3,,,60,1122,1
2408,,,3,2,243,2,,,26,2719,1
2409,,,2,4,136,6,,,58,1479,1
2410,,,3,2,180,2,,,6,1811,1
2411,,,4,1,274,4,,,57,3332,1
2412,,,6,5,233,6,,,48,3341,1
2413,,,3,2,254,2,,,2,3239,1
2414,,,4,5,153,3,,,3,1347,1
2415,,,6,3,175,5,,,64,1860,1
2416,,,5,2,207,2,,,35,2184,1
2417,,,3,1,153,2,,,6,1314,1
2418,,,3,4,228,2,,,65,3943,1
2419,,,5,2,96,2,,,50,1186,1
2420,,,4,4,241,3,,,39,3798,1
2421,,,5,2,249,5,,,28,2846,1
2422,,,3,3,188,5,,,25,3992,1
2423,,,3,2,154,2,,,4,1009,1
2424,,,4,4,226,2,,,53,3154,1
2425,,,5,3,250,2,,,14,2064,1
2426,,,3,1,150,2,,,46,1431,1
2427,,,3,5,267,2,,,16,2913,1
2428,,,4,3,223,3,,,35,2715,1
2429,,,4,5,192,3,,,41,3873,1
2430,,,3,2,143,3,,,58,1785,1
2431,,,3,5,113,2,,,19,1660,1
2432,,,4,1,135,3,,,39,1549,1
2433,,,4,4,189,4,,,56,2646,1
2434,,,3,2,245,3,,,13,3775,1
2435,,,3,5,181,2,,,29,2217,1
2436,,,3,2,207,2,,,37,2460,1
2437,,,3,1,169,2,,,19,1183,1
2438,,,4,5,206,3,,,65,2598,1
2439,,,2,5,117,3,,,44,1192,1
2440,,,2,1,115,3,,,42,1247,1
2441,,,3,3,149,3,,,63,1196,1
2442,,,4,5,133,3,,,3,1403,1
2443,,,4,3,271,2,,,22,2595,1
2444,,,2,5,116,3,,,3,1688,1
2445,,,3,5,139,2,,,64,1857,1
2446,,,4,3,216,3,,,35,2567,1
2447,,,3,5,165,2,,,37,1234,1
2448,,,6,5,286,4,,,31,3774,1
2449,,,5,3,136,3,,,13,1446,1
2450,,,4,5,225,4,,,48,2767,1
2451,,,4,2,163,3,,,27,1639,1
2452,,,4,3,272,4,,,61,2857,1
2453,,,4,3,135,2,,,24,1292,1
2454,,,4,5,184,3,,,64,3812,1
2455,,,4,5,219,2,,,28,2164,1
2456,,,3,3,249,2,,,53,2323,1
2457,,,2,3,142,3,,,46,1694,1
2458,,,5,2,137,3,,,47,1023,1
2459,,,2,5,168,3,,,37,1717,1
2460,,,5,5,165,3,,,32,1798,1
2461,,,3,3,199,2,,,4,3553,1
2462,,,3,3,246,3,,,27,3648,1
2463,,,5,2,224,4,,,43,2336,1
2464,,,5,5,216,6,,,54,2075,1
2465,,,5,3,167,2,,,3,1140,1
2466,,,4,2,182,3,,,14,3413,1
2467,,,6,1,126,3,,,37,1697,1
2468,,,5,1,170,3,,,48,1299,1
2469,,,4,2,148,3,,,2,1805,1
2470,,,4,2,141,3,,,61,1875,1
2471,,,5,5,169,2,,,14,1497,1
2472,,,5,2,143,3,,,12,1802,1
2473,,,4,5,156,3,,,60,1553,1
2474,,,5,1,241,4,,,19,2193,1
2475,,,3,4,212,3,,,13,2307,1
2476,,,5,3,265,3,,,30,2293,1
2477,,,3,4,243,3,,,60,2980,1
2478,,,5,2,209,4,,,15,3330,1
2479,,,4,5,229,3,,,21,2688,1
2480,,,3,1,257,2,,,45,3496,1
2481,,,5,5,209,3,,,49,3893,1
2482,,,3,3,142,3,,,23,1897,1
2483,,,3,5,208,4,,,12,3181,1
2484,,,6,3,167,6,,,15,1278,1
2485,,,3,5,266,3,,,16,2334,1
2486,,,5,3,210,2,,,44,3382,1
2487,,,2,2,147,2,,,49,1447,1
2488,,,5,2,132,2,,,8,1665,1
2489,,,3,4,269,3,,,21,3716,1
2490,,,5,3,148,3,,,48,1099,1
2491,,,4,5,268,2,,,32,3675,1
2492,,,3,5,156,2,,,43,1301,1
2493,,,5,1,222,4,,,63,3506,1
2494,,,4,5,151,3,,,31,1365,1
2495,,,3,3,236,3,,,28,3652,1
2496,,,3,5,229,3,,,12,3049,1
2497,,,4,3,261,3,,,42,2664,1
2498,,,2,1,229,4,,,6,3757,1
2499,,,4,5,205,3,,,60,2317,1
2500,,,3,4,240,2,,,8,3883,1
2501,,,4,3,209,6,,,59,2622,1
2502,,,2,1,252,2,,,35,2526,1
2503,,,3,4,140,2,,,48,1102,1
2504,,,5,4,156,2,,,57,1842,1
2505,,,2,2,190,8,,,33,3448,1
2506,,,3,4,138,6,,,5,1853,1
2507,,,5,4,243,3,,,35,2899,1
2508,,,3,1,183,2,,,58,3027,1
2509,,,3,5,190,10,,,26,3244,1
2510,,,5,1,235,2,,,27,2451,1
2511,,,3,2,143,6,,,63,1953,1
2512,,,3,1,176,2,,,45,1470,1
2513,,,3,5,178,3,,,39,1498,1
2514,,,3,2,270,2,,,59,3706,1
2515,,,4,4,141,2,,,7,1479,1
2516,,,4,3,220,3,,,8,3342,1
2517,,,5,5,264,3,,,56,3482,1
2518,,,3,5,150,2,,,48,1256,1
2519,,,3,4,175,3,,,4,1519,1
2520,,,2,4,223,3,,,19,3356,1
2521,,,4,4,162,10,,,12,1583,1
2522,,,6,4,221,10,,,42,2972,1
2523,,,5,1,216,3,,,40,2668,1
2524,,,5,5,133,10,,,9,1724,1
2525,,,4,2,191,3,,,3,2353,1
2526,,,4,5,156,3,,,39,1483,1
2527,,,4,1,252,3,,,30,2669,1
2528,,,3,5,198,3,,,2,3417,1
2529,,,2,3,139,8,,,21,1033,1
2530,,,2,1,255,3,,,19,1551,1
2531,,,4,1,141,2,,,23,1689,1
2532,,,4,1,151,3,,,39,1458,1
2533,,,3,5,236,3,,,54,3976,1
2534,,,3,4,229,3,,,46,3223,1
2535,,,4,3,261,3,,,6,2787,1
2536,,,2,1,229,4,,,11,3614,1
2537,,,4,4,205,3,,,58,2522,1
2538,,,3,4,240,2,,,33,3489,1
2539,,,4,4,209,6,,,62,3532,1
2540,,,2,5,252,2,,,21,2070,1
2541,,,3,3,140,2,,,30,1547,1
2542,,,5,3,156,2,,,1,1147,1
2543,,,2,5,190,8,,,11,2976,1
2544,,,3,3,138,6,,,49,1078,1
2545,,,5,4,243,3,,,43,2866,1
2546,,,3,5,183,2,,,10,2621,1
2547,,,3,5,190,10,,,32,2931,1
2548,,,5,2,235,2,,,61,3451,1
2549,,,3,1,143,6,,,2,1323,1
2550,,,3,3,176,2,,,34,1856,1
2551,,,3,1,178,3,,,11,1481,1
2552,,,3,5,270,2,,,46,2716,1
2553,,,4,1,141,2,,,10,1340,1
2554,,,4,5,220,3,,,63,3109,1
2555,,,5,5,264,3,,,23,2837,1
2556,,,3,5,150,2,,,29,1934,1
2557,,,3,3,175,3,,,32,1848,1
2558,,,2,5,223,3,,,35,3437,1
2559,,,4,3,162,10,,,25,1764,1
2560,,,6,3,221,10,,,13,2219,1
2561,,,5,5,216,3,,,5,3137,1
2562,,,5,2,133,10,,,53,1674,1
2563,,,4,3,191,3,,,45,3714,1
2564,,,4,5,156,3,,,33,1836,1
2565,,,4,2,252,3,,,43,3273,1
2566,,,3,2,198,3,,,15,3250,1
2567,,,2,4,139,8,,,62,1180,1
2568,,,2,4,255,3,,,55,1663,1
2569,,,4,2,141,2,,,8,1495,1
2570,,,5,2,263,2,,,63,1254,1
2571,,,3,3,179,3,,,41,1892,1
2572,,,4,5,212,4,,,21,1014,1
2573,,,2,1,282,5,,,51,1362,1
2574,,,3,5,165,3,,,33,1500,1
2575,,,4,1,189,2,,,63,3474,1
2576,,,5,5,157,4,,,60,1407,1
2577,,,3,4,167,3,,,14,1420,1
2578,,,3,1,175,2,,,42,1668,1
2579,,,3,4,150,2,,,64,1777,1
2580,,,4,2,128,5,,,28,1247,1
2581,,,5,2,236,2,,,24,3679,1
2582,,,4,3,162,2,,,58,1708,1
2583,,,5,4,230,2,,,48,3743,1
2584,,,5,3,225,4,,,60,2130,1
2585,,,2,2,285,2,,,16,2223,1
2586,,,4,5,246,2,,,31,2415,1
2587,,,4,4,196,2,,,6,2718,1
2588,,,5,4,211,6,,,33,3955,1
2589,,,3,1,197,2,,,4,3621,1
2590,,,5,3,203,2,,,37,3531,1
2591,,,4,2,161,3,,,10,1928,1
2592,,,5,5,266,4,,,62,2201,1
2593,,,4,1,190,3,,,32,2774,1
2594,,,3,2,140,3,,,42,1465,1
2595,,,4,1,274,4,,,61,3402,1
2596,,,4,2,168,3,,,59,1717,1
2597,,,3,5,189,3,,,61,2203,1
2598,,,3,2,231,3,,,56,2714,1
2599,,,5,1,189,3,,,14,3318,1
2600,,,4,1,220,2,,,38,2368,1
2601,,,5,4,190,2,,,23,3960,1
2602,,,4,2,238,3,,,30,3423,1
2603,,,4,4,220,2,,,33,2897,1
2604,,,4,5,194,2,,,44,2651,1
2605,,,3,3,203,3,,,29,3261,1
2606,,,3,5,258,3,,,21,3446,1
2607,,,3,5,151,3,,,3,1273,1
2608,,,3,2,218,3,,,52,2149,1
2609,,,5,1,265,3,,,6,2452,1
2610,,,4,1,157,3,,,31,1712,1
2611,,,4,2,214,3,,,20,2009,1
2612,,,4,4,221,4,,,14,2932,1
2613,,,3,2,149,2,,,37,1699,1
2614,,,4,2,273,5,,,6,2126,1
2615,,,5,1,253,5,,,31,3836,1
2616,,,3,5,102,6,,,3,1341,1
2617,,,4,1,258,2,,,56,3186,1
2618,,,4,2,273,2,,,9,3383,1
2619,,,4,2,187,2,,,54,2191,1
2620,,,5,1,151,2,,,30,1377,1
2621,,,2,4,120,2,,,13,1240,1
2622,,,3,1,254,2,,,56,3463,1
2623,,,5,3,149,3,,,43,1005,1
2624,,,4,1,152,3,,,26,1464,1
2625,,,5,4,187,3,,,53,3172,1
2626,,,4,4,170,2,,,34,1512,1
2627,,,3,3,156,3,,,20,1305,1
2628,,,4,5,228,2,,,63,3401,1
2629,,,3,1,272,2,,,51,2719,1
2630,,,3,1,140,2,,,6,1435,1
2631,,,3,5,185,2,,,27,3624,1
2632,,,5,3,167,3,,,5,1772,1
2633,,,4,5,244,3,,,49,3914,1
2634,,,3,4,229,6,,,33,2815,1
2635,,,4,1,273,3,,,25,3717,1
2636,,,4,3,204,3,,,30,3774,1
2637,,,4,3,154,3,,,10,1711,1
2638,,,3,1,254,4,,,33,2542,1
2639,,,3,2,151,3,,,40,1173,1
2640,,,3,5,242,5,,,61,3688,1
2641,,,4,5,137,2,,,14,1796,1
2642,,,4,4,163,2,,,41,1634,1
2643,,,3,3,143,3,,,16,1343,1
2644,,,4,4,196,3,,,11,3244,1
2645,,,4,3,264,2,,,38,3877,1
2646,,,4,1,217,3,,,2,2692,1
2647,,,3,3,124,3,,,59,1959,1
2648,,,3,1,269,3,,,61,3542,1
2649,,,3,1,135,4,,,47,1840,1
2650,,,2,1,192,3,,,46,3206,1
2651,,,4,1,274,4,,,42,2430,1
2652,,,3,2,162,4,,,25,1316,1
2653,,,3,3,158,3,,,20,1431,1
2654,,,5,3,225,3,,,59,2270,1
2655,,,2,5,150,3,,,16,1738,1
2656,,,6,3,154,5,,,57,1117,1
2657,,,3,1,181,3,,,34,3306,1
2658,,,3,4,272,3,,,44,2548,1
2659,,,3,3,160,4,,,58,1496,1
2660,,,5,5,145,3,,,37,1993,1
2661,,,4,4,143,5,,,5,1027,1
2662,,,4,1,201,4,,,59,2925,1
2663,,,4,3,242,4,,,62,3997,1
2664,,,4,4,151,2,,,38,1001,1
2665,,,4,4,199,2,,,25,3705,1
2666,,,4,1,178,3,,,9,1006,1
2667,,,3,2,138,3,,,49,1923,1
2668,,,5,3,162,4,,,38,1407,1
2669,,,4,3,154,3,,,33,1101,1
2670,,,3,1,206,2,,,56,2069,1
2671,,,5,2,246,2,,,4,3617,1
2672,,,4,3,233,2,,,47,3606,1
2673,,,4,1,251,4,,,33,2906,1
2674,,,3,1,165,3,,,61,1313,1
2675,,,4,3,183,2,,,32,3709,1
2676,,,3,2,109,3,,,30,1597,1
2677,,,5,3,209,4,,,7,2675,1
2678,,,5,2,168,3,,,50,1486,1
2679,,,5,3,210,2,,,19,3920,1
2680,,,3,1,185,2,,,41,3787,1
2681,,,5,2,243,2,,,58,2758,1
2682,,,3,4,258,3,,,55,2777,1
2683,,,4,4,279,5,,,56,2697,1
2684,,,3,1,160,3,,,57,1833,1
2685,,,3,1,185,4,,,35,3648,1
2686,,,4,3,271,4,,,24,3499,1
2687,,,4,2,273,2,,,31,2229,1
2688,,,3,4,208,3,,,23,2100,1
2689,,,2,2,137,3,,,20,1823,1
2690,,,4,1,198,3,,,56,3135,1
2691,,,5,1,236,4,,,64,3231,1
2692,,,5,5,133,2,,,18,1134,1
2693,,,4,2,191,3,,,12,3676,1
2694,,,3,1,202,3,,,51,3551,1
2695,,,5,1,162,5,,,47,1727,1
2696,,,5,1,224,2,,,14,2959,1
2697,,,4,2,191,2,,,65,3082,1
2698,,,3,5,272,2,,,31,2438,1
2699,,,4,3,269,3,,,7,2538,1
2700,,,4,2,179,3,,,30,1076,1
2701,,,3,5,225,2,,,56,2596,1
2702,,,3,2,132,2,,,6,1185,1
2703,,,5,3,244,3,,,52,3118,1
2704,,,3,4,185,2,,,62,2849,1
2705,,,3,3,257,3,,,64,3103,1
2706,,,3,3,253,5,,,63,3788,1
2707,,,4,3,174,3,,,5,1502,1
2708,,,2,1,200,3,,,34,2199,1
2709,,,3,1,150,3,,,8,1745,1
2710,,,3,2,137,3,,,9,1347,1
2711,,,3,1,181,3,,,29,2981,1
2712,,,5,2,246,2,,,13,2652,1
2713,,,3,3,237,5,,,48,2057,1
2714,,,3,5,226,3,,,55,2465,1
2715,,,4,4,225,3,,,51,2892,1
2716,,,3,2,268,2,,,20,2731,1
2717,,,4,3,146,3,,,41,1140,1
2718,,,4,5,159,3,,,2,1048,1
2719,,,3,1,135,3,,,38,1829,1
2720,,,3,2,134,2,,,45,1946,1
2721,,,4,3,210,3,,,3,2742,1
2722,,,4,4,238,3,,,13,2042,1
2723,,,4,3,214,4,,,34,3446,1
2724,,,4,2,204,4,,,35,2725,1
2725,,,4,1,227,3,,,5,3100,1
2726,,,4,3,253,3,,,18,2849,1
2727,,,2,3,126,4,,,3,1364,1
2728,,,4,4,208,2,,,20,2759,1
2729,,,4,4,179,3,,,48,1943,1
2730,,,3,1,132,2,,,62,1909,1
2731,,,3,4,144,3,,,56,1496,1
2732,,,3,3,236,2,,,58,3360,1
2733,,,4,4,235,3,,,17,3715,1
2734,,,4,5,254,3,,,29,3885,1
2735,,,3,2,144,5,,,43,1027,1
2736,,,5,1,272,3,,,27,2415,1
2737,,,3,3,191,4,,,17,3675,1
2738,,,5,3,177,4,,,60,1159,1
2739,,,5,4,226,3,,,46,3149,1
2740,,,3,4,132,2,,,12,1493,1
2741,,,3,1,121,5,,,60,1577,1
2742,,,4,2,171,3,,,40,1021,1
2743,,,3,3,178,3,,,12,1900,1
2744,,,4,3,132,4,,,10,1767,1
2745,,,6,4,249,5,,,43,3078,1
2746,,,2,4,159,3,,,47,1547,1
2747,,,5,2,171,3,,,34,1029,1
2748,,,3,3,150,3,,,6,1775,1
2749,,,4,4,178,3,,,1,1165,1
2750,,,3,3,192,7,,,25,2152,1
2751,,,3,5,214,8,,,50,3628,1
2752,,,5,3,225,7,,,45,3162,1
2753,,,5,4,167,7,,,23,1691,1
2754,,,3,5,245,4,,,4,2769,1
2755,,,4,5,138,7,,,60,1366,1
2756,,,4,4,173,3,,,64,1847,1
2757,,,3,5,98,3,,,48,1635,1
2758,,,3,1,231,2,,,44,3688,1
2759,,,5,5,149,7,,,50,1346,1
2760,,,3,1,206,3,,,28,2892,1
2761,,,5,3,264,10,,,34,3441,1
2762,,,3,1,193,2,,,23,2728,1
2763,,,5,1,263,2,,,4,1092,1
2764,,,3,2,191,4,,,16,2277,1
2765,,,5,4,177,4,,,48,1920,1
2766,,,5,5,226,3,,,50,2348,1
2767,,,3,1,132,2,,,16,1731,1
2768,,,3,1,121,5,,,62,1505,1
2769,,,4,2,171,3,,,34,1352,1
2770,,,3,3,178,3,,,43,1517,1
2771,,,4,4,132,4,,,44,1692,1
2772,,,6,5,249,5,,,26,3897,1
2773,,,2,3,159,3,,,39,1477,1
2774,,,5,5,171,3,,,14,1554,1
2775,,,3,1,150,3,,,43,1831,1
2776,,,4,1,178,3,,,19,1906,1
2777,,,3,3,192,7,,,36,3634,1
2778,,,3,4,214,8,,,6,2924,1
2779,,,5,3,225,7,,,17,3516,1
2780,,,5,4,167,7,,,43,1619,1
2781,,,3,2,245,4,,,60,2178,1
2782,,,4,4,138,7,,,65,1530,1
2783,,,4,4,173,3,,,61,1609,1
2784,,,3,2,98,3,,,60,1057,1
2785,,,3,1,231,2,,,24,3811,1
2786,,,5,3,149,7,,,51,1425,1
2787,,,3,5,206,3,,,21,3746,1
2788,,,5,4,264,10,,,34,2960,1
2789,,,3,5,193,2,,,12,3730,1
2790,,,5,2,263,2,,,51,1657,1
2791,,,2,5,282,5,,,63,1173,1
2792,,,5,4,193,3,,,55,2758,1
2793,,,4,4,171,3,,,11,1594,1
2794,,,3,5,212,3,,,19,2703,1
2795,,,2,1,159,2,,,44,1213,1
2796,,,3,2,102,4,,,57,1220,1
2797,,,3,2,145,2,,,29,1690,1
2798,,,3,1,225,2,,,43,2585,1
2799,,,2,1,174,3,,,12,1358,1
2800,,,4,3,223,4,,,25,3148,1
2801,,,3,5,185,2,,,36,3501,1
2802,,,4,5,245,3,,,6,2717,1
2803,,,3,3,99,3,,,63,1223,1
2804,,,3,3,141,4,,,35,1417,1
2805,,,4,2,222,2,,,16,2518,1
2806,,,3,2,192,3,,,64,3233,1
2807,,,3,1,187,4,,,42,3621,1
2808,,,4,2,216,2,,,26,2431,1
2809,,,3,2,146,4,,,13,1790,1
2810,,,3,2,207,2,,,20,3419,1
2811,,,4,2,225,2,,,6,2010,1
2812,,,3,4,230,2,,,15,2302,1
2813,,,3,2,173,3,,,37,1990,1
2814,,,4,4,127,4,,,54,1239,1
2815,,,3,3,214,2,,,28,3869,1
2816,,,4,1,161,3,,,59,1454,1
2817,,,4,2,262,2,,,37,3523,1
2818,,,5,2,157,3,,,1,1798,1
2819,,,3,1,164,3,,,9,1803,1
2820,,,4,4,174,2,,,11,1577,1
2821,,,2,2,188,4,,,39,2424,1
2822,,,3,1,141,2,,,4,1297,1
2823,,,5,5,134,2,,,64,1785,1
2824,,,2,4,147,2,,,65,1738,1
2825,,,4,1,180,3,,,27,1551,1
2826,,,3,3,225,2,,,55,2259,1
2827,,,2,3,172,3,,,11,1522,1
2828,,,6,2,131,5,,,5,1718,1
2829,,,3,1,270,4,,,47,3487,1
2830,,,3,4,172,3,,,56,1103,1
2831,,,4,5,198,3,,,33,2129,1
2832,,,4,2,167,3,,,21,1637,1
2833,,,2,2,168,5,,,1,1885,1
2834,,,4,1,165,4,,,34,1831,1
2835,,,4,5,149,6,,,40,1974,1
2836,,,3,3,186,3,,,24,3262,1
2837,,,4,1,151,2,,,47,1682,1
2838,,,3,5,146,3,,,30,1569,1
2839,,,4,5,232,2,,,54,2526,1
2840,,,4,1,177,2,,,22,1698,1
2841,,,4,4,149,2,,,19,1665,1
2842,,,4,2,180,3,,,3,1518,1
2843,,,5,5,172,2,,,40,1446,1
2844,,,5,2,160,3,,,44,1054,1
2845,,,3,2,206,2,,,28,2822,1
2846,,,4,5,146,3,,,9,1685,1
2847,,,2,1,257,2,,,24,2130,1
2848,,,5,5,219,3,,,27,3430,1
2849,,,4,2,274,2,,,55,3416,1
2850,,,2,2,177,5,,,36,1249,1
2851,,,4,3,209,2,,,57,3741,1
2852,,,4,1,207,2,,,2,3242,1
2853,,,4,4,153,3,,,27,1613,1
2854,,,4,4,158,3,,,61,1507,1
2855,,,3,4,261,2,,,52,3340,1
2856,,,4,1,182,6,,,41,2047,1
2857,,,2,3,128,2,,,53,1530,1
2858,,,2,1,178,3,,,6,1184,1
2859,,,2,4,198,3,,,37,2555,1
2860,,,4,3,137,3,,,46,1299,1
2861,,,4,1,168,2,,,41,1515,1
2862,,,3,3,248,4,,,36,3276,1
2863,,,5,2,225,3,,,29,2411,1
2864,,,5,4,239,2,,,35,2107,1
2865,,,5,4,256,3,,,43,3658,1
2866,,,5,1,109,2,,,23,1479,1
2867,,,3,3,274,2,,,59,3436,1
2868,,,5,4,157,4,,,65,1951,1
2869,,,3,2,125,3,,,12,1212,1
2870,,,4,5,203,2,,,20,2421,1
2871,,,3,3,120,3,,,55,1534,1
2872,,,3,5,194,4,,,21,2695,1
2873,,,4,2,257,4,,,58,2269,1
2874,,,4,4,233,2,,,39,2291,1
2875,,,5,2,193,2,,,1,2775,1
2876,,,5,3,202,6,,,34,2936,1
2877,,,4,5,270,3,,,30,2720,1
2878,,,5,5,240,3,,,12,2723,1
2879,,,3,2,224,3,,,63,2085,1
2880,,,4,1,195,2,,,19,2878,1
2881,,,3,2,165,3,,,47,1639,1
2882,,,4,1,164,2,,,3,1124,1
2883,,,3,1,105,3,,,58,1304,1
2884,,,3,1,248,3,,,9,2616,1
2885,,,4,3,269,6,,,62,3950,1
2886,,,4,1,253,3,,,36,2591,1
2887,,,3,1,231,4,,,60,3755,1
2888,,,3,1,164,2,,,39,1532,1
2889,,,3,3,176,3,,,14,1705,1
2890,,,4,3,149,3,,,17,1990,1
2891,,,4,5,187,5,,,16,3781,1
2892,,,3,2,150,2,,,53,1319,1
2893,,,3,2,190,3,,,18,2715,1
2894,,,4,1,226,3,,,42,3077,1
2895,,,3,4,98,2,,,32,1539,1
2896,,,3,5,152,2,,,6,1800,1
2897,,,2,2,173,2,,,34,1575,1
2898,,,4,1,160,2,,,65,1861,1
2899,,,4,2,180,3,,,22,1261,1
2900,,,3,2,175,2,,,12,1817,1
2901,,,3,3,274,3,,,6,2986,1
2902,,,4,1,216,4,,,4,2263,1
2903,,,6,2,283,2,,,18,3077,1
2904,,,6,4,192,3,,,19,2944,1
2905,,,3,4,236,4,,,43,2584,1
2906,,,4,2,232,3,,,46,2835,1
2907,,,2,3,204,4,,,20,3135,1
2908,,,3,2,138,2,,,46,1436,1
2909,,,3,4,154,2,,,29,1016,1
2910,,,4,3,244,2,,,17,3125,1
2911,,,3,2,144,3,,,48,1867,1
2912,,,3,4,274,3,,,19,3076,1
2913,,,3,2,182,3,,,54,3972,1
2914,,,6,1,250,5,,,53,3352,1
2915,,,4,4,207,2,,,14,2945,1
2916,,,3,4,242,3,,,54,3011,1
2917,,,5,1,154,2,,,37,1671,1
2918,,,4,4,176,3,,,53,1472,1
2919,,,3,5,252,3,,,18,3701,1
2920,,,4,1,147,3,,,32,1666,1
2921,,,5,3,157,4,,,1,1306,1
2922,,,3,1,257,2,,,37,3517,1
2923,,,4,3,172,3,,,6,1261,1
2924,,,4,3,134,3,,,22,1629,1
2925,,,2,2,152,4,,,48,1212,1
2926,,,3,1,161,3,,,57,1918,1
2927,,,3,1,269,3,,,47,3033,1
2928,,,2,3,164,2,,,64,1689,1
2929,,,5,3,114,6,,,60,1746,1
2930,,,6,5,213,6,,,7,2709,1
2931,,,4,4,255,3,,,60,2777,1
2932,,,3,3,135,3,,,28,1329,1
2933,,,3,2,155,3,,,7,1434,1
2934,,,6,3,273,4,,,32,2532,1
2935,,,4,3,135,3,,,15,1008,1
2936,,,4,4,170,3,,,29,1188,1
2937,,,6,4,138,5,,,15,1181,1
2938,,,3,2,213,4,,,53,3502,1
2939,,,4,5,156,5,,,55,1619,1
2940,,,3,1,139,2,,,47,1241,1
2941,,,3,1,263,3,,,6,2715,1
2942,,,2,3,160,4,,,53,1850,1
2943,,,3,3,148,2,,,39,1402,1
2944,,,4,3,259,3,,,45,3761,1
2945,,,5,4,273,3,,,60,3384,1
2946,,,3,2,212,3,,,9,2521,1
2947,,,3,5,144,6,,,46,1110,1
2948,,,2,2,193,3,,,64,2867,1
2949,,,5,2,198,3,,,44,3706,1
2950,,,3,5,207,4,,,45,3770,1
2951,,,6,1,236,4,,,10,2030,1
2952,,,4,2,165,3,,,7,1702,1
2953,,,3,3,162,3,,,3,1693,1
2954,,,4,2,184,3,,,63,3609,1
2955,,,5,5,145,2,,,48,1834,1
2956,,,3,3,228,2,,,27,3473,1
2957,,,5,5,213,2,,,12,2522,1
2958,,,2,2,146,3,,,1,1162,1
2959,,,4,2,220,3,,,39,2459,1
2960,,,3,4,231,3,,,49,3441,1
2961,,,3,4,212,8,,,56,3337,1
2962,,,4,3,202,3,,,48,2213,1
2963,,,5,5,208,8,,,39,2905,1
2964,,,3,3,200,3,,,46,2460,1
2965,,,3,2,250,3,,,37,2736,1
2966,,,3,5,126,2,,,29,1192,1
2967,,,4,1,222,4,,,42,2762,1
2968,,,6,2,236,4,,,61,3140,1
2969,,,4,3,165,3,,,4,1484,1
2970,,,3,4,162,3,,,17,1700,1
2971,,,4,3,184,3,,,37,3436,1
2972,,,5,3,145,2,,,6,1965,1
2973,,,3,4,228,2,,,46,3306,1
2974,,,5,3,213,2,,,27,2581,1
2975,,,2,3,146,3,,,18,1289,1
2976,,,4,1,220,3,,,2,3886,1
2977,,,3,4,231,3,,,39,3792,1
2978,,,3,4,212,8,,,34,2750,1
2979,,,4,5,202,3,,,38,2651,1
2980,,,5,2,208,8,,,62,3450,1
2981,,,3,3,200,3,,,4,3791,1
2982,,,3,1,250,3,,,8,3617,1
2983,,,3,5,126,2,,,63,1141,1
2984,,,4,3,222,4,,,49,3697,1
2985,,,3,3,273,6,,,6,1771,1
2986,,,6,5,161,4,,,20,1338,1
2987,,,5,1,236,3,,,10,1347,1
2988,,,6,3,281,5,,,8,1864,1
2989,,,5,3,168,4,,,7,1298,1
2990,,,5,1,206,4,,,62,1137,1
2991,,,4,1,144,4,,,5,1294,1
2992,,,5,3,239,5,,,19,2988,1
2993,,,3,5,129,3,,,52,1513,1
2994,,,4,5,201,4,,,46,3498,1
2995,,,5,5,160,3,,,55,1911,1
2996,,,6,5,130,6,,,60,1971,1
2997,,,3,1,132,4,,,58,1067,1
2998,,,4,2,185,4,,,36,2583,1
2999,,,5,1,271,4,,,4,2718,1
3000,,,5,2,168,2,,,20,1539,1
3001,,,5,5,154,3,,,50,1389,1
3002,,,3,3,203,3,,,4,3114,1
3003,,,3,1,274,3,,,4,2087,1
3004,,,5,4,280,4,,,19,3298,1
3005,,,4,5,196,2,,,51,3151,1
3006,,,5,2,159,3,,,63,1675,1
3007,,,5,4,269,3,,,15,2522,1
3008,,,4,3,161,3,,,52,1199,1
3009,,,3,1,159,2,,,44,1806,1
3010,,,5,4,147,6,,,21,1145,1
3011,,,3,3,214,2,,,4,3754,1
3012,,,4,5,157,4,,,12,1038,1
3013,,,5,5,147,2,,,19,1936,1
3014,,,5,4,182,3,,,11,3545,1
3015,,,3,5,188,2,,,12,2711,1
3016,,,3,1,104,2,,,1,1021,1
3017,,,5,5,195,3,,,55,2641,1
3018,,,4,1,235,2,,,64,2107,1
3019,,,4,5,219,2,,,21,3830,1
3020,,,4,5,253,2,,,36,3389,1
3021,,,3,3,253,4,,,57,2489,1
3022,,,4,1,167,3,,,42,1197,1
3023,,,4,2,211,2,,,39,2520,1
3024,,,3,4,155,3,,,4,1548,1
3025,,,6,1,231,4,,,23,2455,1
3026,,,5,4,182,4,,,61,3063,1
3027,,,3,5,212,2,,,56,3547,1
3028,,,3,1,107,3,,,13,1861,1
3029,,,5,2,172,4,,,61,1161,1
3030,,,3,2,224,3,,,40,2180,1
3031,,,3,4,209,3,,,37,3650,1
3032,,,4,5,268,2,,,46,3076,1
3033,,,3,2,141,4,,,9,1909,1
3034,,,4,4,260,2,,,17,3068,1
3035,,,5,4,151,4,,,10,1441,1
3036,,,5,2,184,2,,,27,3276,1
3037,,,5,1,270,3,,,52,3908,1
3038,,,5,4,135,2,,,20,1908,1
3039,,,4,3,276,4,,,3,3889,1
3040,,,4,4,177,3,,,23,1142,1
3041,,,3,2,149,3,,,64,1920,1
3042,,,4,3,220,4,,,19,3602,1
3043,,,4,5,267,3,,,53,3742,1
3044,,,3,2,274,3,,,50,3958,1
3045,,,4,4,243,3,,,10,3327,1
3046,,,5,1,166,2,,,44,1647,1
3047,,,5,2,225,3,,,1,2049,1
3048,,,3,3,138,2,,,40,1117,1
3049,,,4,3,141,4,,,38,1599,1
3050,,,3,4,271,4,,,16,2693,1
3051,,,6,5,243,3,,,35,2374,1
3052,,,3,3,231,3,,,53,2333,1
3053,,,5,4,168,3,,,34,1779,1
3054,,,5,3,264,2,,,61,2025,1
3055,,,4,3,233,3,,,26,2624,1
3056,,,4,2,247,5,,,17,3630,1
3057,,,3,4,176,3,,,4,1095,1
3058,,,5,5,257,4,,,31,2040,1
3059,,,3,1,147,4,,,18,1613,1
3060,,,5,5,195,2,,,6,3936,1
3061,,,2,4,153,2,,,57,1264,1
3062,,,3,5,237,4,,,28,3903,1
3063,,,6,4,217,5,,,7,3725,1
3064,,,5,1,140,4,,,48,1322,1
3065,,,2,5,164,4,,,2,1439,1
3066,,,3,3,243,3,,,27,2052,1
3067,,,3,4,158,3,,,41,1137,1
3068,,,5,5,180,4,,,10,1200,1
3069,,,4,3,139,3,,,64,1814,1
3070,,,4,4,162,2,,,8,1386,1
3071,,,5,3,206,4,,,18,3104,1
3072,,,3,2,238,2,,,19,2196,1
3073,,,5,3,254,2,,,4,3297,1
3074,,,5,3,270,3,,,38,3669,1
3075,,,3,2,255,2,,,18,3732,1
3076,,,4,4,182,2,,,13,3332,1
3077,,,3,3,149,2,,,7,1145,1
3078,,,4,1,221,5,,,22,3075,1
3079,,,4,5,135,2,,,60,1026,1
3080,,,3,1,188,2,,,14,2074,1
3081,,,5,5,194,3,,,47,2256,1
3082,,,4,3,134,2,,,29,1010,1
3083,,,3,4,210,2,,,29,3142,1
3084,,,4,2,169,2,,,22,1322,1
3085,,,3,3,147,2,,,52,1040,1
3086,,,4,1,213,3,,,21,3585,1
3087,,,3,2,223,2,,,64,3595,1
3088,,,4,1,233,2,,,60,2671,1
3089,,,4,2,218,2,,,1,2990,1
3090,,,4,5,219,3,,,27,3684,1
3091,,,3,2,145,2,,,44,1212,1
3092,,,3,3,257,3,,,44,3370,1
3093,,,3,1,238,6,,,59,3375,1
3094,,,4,1,145,6,,,32,1673,1
3095,,,4,4,243,3,,,36,2111,1
3096,,,4,4,179,2,,,18,1369,1
3097,,,2,3,188,2,,,25,2033,1
3098,,,4,4,168,3,,,53,1782,1
3099,,,5,4,157,4,,,58,1252,1
3100,,,3,4,172,3,,,32,1943,1
3101,,,5,1,195,3,,,37,3690,1
3102,,,3,2,225,3,,,59,3488,1
3103,,,3,3,227,2,,,24,2749,1
3104,,,3,5,159,3,,,46,1857,1
3105,,,2,2,273,3,,,56,2633,1
3106,,,5,2,214,6,,,3,3234,1
3107,,,4,2,175,3,,,34,1005,1
3108,,,3,5,213,2,,,39,2857,1
3109,,,4,3,190,4,,,12,3115,1
3110,,,4,2,265,4,,,40,2637,1
3111,,,4,4,146,4,,,12,1899,1
3112,,,5,4,229,2,,,44,2419,1
3113,,,3,5,195,3,,,47,2439,1
3114,,,2,5,151,3,,,34,1652,1
3115,,,4,2,217,3,,,1,3133,1
3116,,,4,4,134,3,,,14,1716,1
3117,,,3,5,195,2,,,42,3814,1
3118,,,4,3,142,4,,,29,1420,1
3119,,,2,4,182,4,,,1,3624,1
3120,,,4,2,155,5,,,48,1043,1
3121,,,3,5,238,2,,,34,2726,1
3122,,,4,1,182,3,,,49,3198,1
3123,,,4,1,237,4,,,22,2231,1
3124,,,4,4,222,3,,,24,3503,1
3125,,,5,4,177,2,,,45,1664,1
3126,,,4,4,197,3,,,41,3280,1
3127,,,3,1,224,3,,,48,3672,1
3128,,,3,3,193,2,,,19,3097,1
3129,,,3,1,169,3,,,24,1740,1
3130,,,3,4,248,2,,,15,2983,1
3131,,,6,5,246,4,,,50,3618,1
3132,,,4,1,232,3,,,55,2686,1
3133,,,3,5,251,3,,,21,2476,1
3134,,,3,4,163,3,,,58,1443,1
3135,,,6,4,201,2,,,4,5916,1
3136,,,6,5,141,3,,,8,5031,0
3137,,,3,3,219,3,,,4,5956,0
3138,,,4,3,161,3,,,7,4245,0
3139,,,4,5,225,4,,,5,4622,0
3140,,,5,3,277,3,,,1,4186,1
3141,,,3,3,256,4,,,3,4732,0
3142,,,6,2,153,5,,,1,4597,1
3143,,,4,4,135,3,,,4,4651,1
3144,,,3,3,253,3,,,7,5085,0
3145,,,4,5,139,3,,,5,5335,0
3146,,,3,5,136,2,,,1,4971,0
3147,,,4,1,172,3,,,7,4883,0
3148,,,4,2,272,3,,,6,4559,0
3149,,,3,3,207,3,,,1,5632,1
3150,,,2,3,134,3,,,4,5958,0
3151,,,3,3,238,8,,,3,4943,0
3152,,,2,4,274,10,,,3,4167,1
3153,,,4,2,237,6,,,8,5695,0
3154,,,3,2,153,10,,,2,5455,0
3155,,,4,1,223,3,,,8,4974,1
3156,,,3,4,149,3,,,1,5040,1
3157,,,3,5,132,3,,,7,4013,1
3158,,,4,2,246,3,,,7,5616,0
3159,,,4,2,159,5,,,4,5547,1
3160,,,3,1,162,8,,,10,5429,0
3161,,,3,3,123,5,,,5,4292,0
3162,,,5,1,231,7,,,9,5558,0
3163,,,3,1,213,10,,,9,4862,0
3164,,,5,2,160,3,,,1,5834,0
3165,,,4,4,225,5,,,5,5060,1
3166,,,3,1,178,3,,,3,4811,0
3167,,,4,1,273,3,,,5,5055,0
3168,,,3,2,129,3,,,9,4342,1
3169,,,3,1,273,6,,,9,1198,1
3170,,,6,3,161,4,,,8,1247,0
3171,,,4,5,139,3,,,3,5824,1
3172,,,3,2,136,2,,,6,4002,1
3173,,,4,4,172,3,,,1,4201,0
3174,,,4,2,272,3,,,7,5927,0
3175,,,3,2,207,3,,,3,4909,1
3176,,,2,3,134,3,,,6,4444,1
3177,,,3,2,238,8,,,3,4388,1
3178,,,2,1,274,10,,,1,5622,0
3179,,,4,3,237,6,,,8,5588,0
3180,,,3,2,153,10,,,7,5305,0
3181,,,4,2,223,3,,,7,4026,1
3182,,,3,5,149,3,,,9,5412,0
3183,,,3,3,132,3,,,6,5721,1
3184,,,4,3,246,3,,,5,4710,0
3185,,,4,3,159,5,,,4,4666,1
3186,,,3,3,162,8,,,10,4842,0
3187,,,3,1,123,5,,,10,4231,0
3188,,,5,5,231,7,,,6,5755,0
3189,,,3,3,213,10,,,2,4847,0
3190,,,5,1,160,3,,,2,5141,1
3191,,,4,3,225,5,,,8,4195,0
3192,,,3,5,178,3,,,3,5540,0
3193,,,4,5,273,3,,,2,4374,0
3194,,,3,3,129,3,,,7,5197,1
3195,,,3,1,273,6,,,1,1293,0
3196,,,6,4,161,4,,,3,1747,1
3197,,,5,2,206,4,,,5,1149,0
3198,,,4,5,296,2,,,1,1678,0
3199,,,3,2,249,5,,,6,1887,0
3200,,,4,4,301,5,,,6,1931,0
3201,,,4,3,296,3,,,4,1991,0
3202,,,3,5,205,4,,,2,1648,0
3203,,,3,3,132,2,,,9,4355,1
3204,,,4,2,223,3,,,5,4282,0
3205,,,3,1,190,3,,,2,4312,0
3206,,,5,3,194,3,,,1,4331,0
3207,,,2,4,176,2,,,2,5138,0
3208,,,6,4,227,5,,,8,4388,0
3209,,,5,1,149,2,,,9,5435,0
3210,,,5,2,173,2,,,7,5836,0
3211,,,3,2,181,2,,,6,5410,0
3212,,,3,5,251,2,,,4,4015,0
3213,,,4,5,243,3,,,2,4909,0
3214,,,3,4,210,3,,,10,4398,1
3215,,,5,2,145,4,,,9,4028,0
3216,,,3,1,196,3,,,10,4546,0
3217,,,3,4,154,2,,,5,5735,1
3218,,,4,1,164,4,,,6,4432,1
3219,,,4,2,210,3,,,1,4379,1
3220,,,5,3,212,2,,,7,5219,0
3221,,,3,1,263,2,,,9,4868,1
3222,,,3,4,155,2,,,3,5481,1
3223,,,3,4,223,2,,,9,4211,0
3224,,,5,4,269,3,,,3,4489,0
3225,,,3,4,117,3,,,6,4046,0
3226,,,4,4,151,2,,,3,4105,1
3227,,,4,2,271,3,,,4,4743,1
3228,,,3,3,205,3,,,10,5714,0
3229,,,5,3,210,5,,,9,5431,1
3230,,,4,1,133,2,,,8,4277,0
3231,,,5,2,215,6,,,5,5195,1
3232,,,2,3,140,3,,,2,4691,0
3233,,,3,3,255,2,,,8,5955,1
3234,,,2,5,159,3,,,5,4190,0
3235,,,5,3,169,2,,,8,5352,1
3236,,,5,4,182,2,,,2,4554,1
3237,,,2,5,231,2,,,10,4406,1
3238,,,3,4,177,3,,,6,4445,0
3239,,,4,3,250,3,,,3,5055,1
3240,,,4,2,145,3,,,4,5122,1
3241,,,2,5,117,3,,,2,4268,1
3242,,,3,4,170,3,,,5,4716,1
3243,,,4,4,173,3,,,9,5382,1
3244,,,4,2,232,3,,,8,4658,1
3245,,,3,2,231,4,,,4,5510,0
3246,,,3,4,136,3,,,2,4524,1
3247,,,4,1,189,3,,,5,4496,1
3248,,,5,4,222,3,,,7,5340,0
3249,,,4,3,148,3,,,7,5034,1
3250,,,5,2,265,2,,,7,5464,1
3251,,,4,1,181,2,,,3,5877,0
3252,,,6,5,189,2,,,4,5898,1
3253,,,3,2,160,3,,,6,4808,1
3254,,,3,3,235,3,,,10,4186,0
3255,,,3,4,100,3,,,4,4191,0
3256,,,5,5,135,4,,,7,5765,1
3257,,,5,2,137,3,,,6,4883,0
3258,,,4,2,222,3,,,9,5337,0
3259,,,5,1,246,3,,,10,4078,1
3260,,,3,3,202,3,,,8,5486,1
3261,,,4,5,273,3,,,1,5043,1
3262,,,5,1,248,2,,,9,5881,1
3263,,,4,4,199,4,,,5,4194,0
3264,,,4,3,209,3,,,7,4104,1
3265,,,4,5,216,2,,,2,4905,0
3266,,,4,2,227,3,,,2,4318,1
3267,,,3,1,216,4,,,4,4416,0
3268,,,2,3,242,2,,,1,5892,1
3269,,,5,4,217,3,,,8,4949,1
3270,,,2,2,160,3,,,9,4613,0
3271,,,5,3,141,2,,,4,5257,0
3272,,,5,4,263,2,,,5,4595,0
3273,,,5,4,171,4,,,7,5359,1
3274,,,3,5,195,2,,,4,4864,0
3275,,,3,5,237,3,,,4,5561,1
3276,,,2,5,241,4,,,4,5693,1
3277,,,3,4,134,3,,,9,4230,1
3278,,,5,5,156,3,,,5,5398,1
3279,,,3,4,211,2,,,6,6000,0
3280,,,3,2,243,2,,,5,4769,0
3281,,,4,3,196,2,,,7,4116,1
3282,,,3,3,242,2,,,7,4960,0
3283,,,3,4,175,3,,,3,4449,0
3284,,,2,2,155,3,,,1,5154,0
3285,,,4,1,200,2,,,9,4808,1
3286,,,3,3,191,3,,,4,4586,0
3287,,,4,5,221,3,,,6,5895,0
3288,,,3,1,135,3,,,9,4511,0
3289,,,3,2,152,4,,,7,5943,1
3290,,,2,5,172,2,,,7,4649,0
3291,,,5,2,253,2,,,2,5643,1
3292,,,5,1,270,2,,,10,5360,0
3293,,,2,4,139,4,,,3,5041,0
3294,,,5,2,257,4,,,9,5088,0
3295,,,4,1,155,3,,,5,4283,1
3296,,,3,5,125,2,,,5,4933,1
3297,,,5,4,233,2,,,7,4597,1
3298,,,3,3,205,2,,,6,4989,1
3299,,,5,4,243,3,,,4,4420,1
3300,,,4,4,208,3,,,10,4919,0
3301,,,3,1,230,3,,,6,4392,0
3302,,,4,5,205,3,,,5,4949,1
3303,,,3,4,170,2,,,2,5664,0
3304,,,4,2,222,2,,,5,4268,0
3305,,,5,4,186,2,,,3,4213,0
3306,,,5,1,208,2,,,8,5218,0
3307,,,4,3,223,3,,,9,5897,0
3308,,,5,3,154,2,,,8,4006,0
3309,,,5,3,235,4,,,10,4011,0
3310,,,4,3,271,3,,,1,4137,0
3311,,,4,5,250,3,,,2,5206,0
3312,,,4,2,206,2,,,4,5159,0
3313,,,3,1,153,3,,,10,5121,1
3314,,,4,4,212,2,,,6,4117,1
3315,,,6,4,168,2,,,6,5686,0
3316,,,3,1,171,2,,,10,5379,1
3317,,,3,5,132,2,,,10,4462,1
3318,,,5,3,141,3,,,9,4857,0
3319,,,3,2,254,2,,,1,4334,0
3320,,,4,4,159,2,,,6,5221,0
3321,,,2,4,194,2,,,4,4803,1
3322,,,4,3,178,6,,,6,4203,0
3323,,,3,4,151,3,,,2,5712,1
3324,,,5,1,244,2,,,5,4125,1
3325,,,3,2,237,3,,,8,5287,1
3326,,,3,1,241,3,,,9,5184,0
3327,,,4,2,156,3,,,3,5923,0
3328,,,4,3,243,3,,,1,5021,0
3329,,,5,5,219,2,,,4,4289,0
3330,,,4,5,168,2,,,2,5776,0
3331,,,6,3,224,6,,,8,5661,0
3332,,,4,4,216,2,,,2,5840,1
3333,,,3,1,187,5,,,6,4698,0
3334,,,5,3,204,3,,,1,4037,1
3335,,,6,5,266,5,,,10,4140,0
3336,,,3,4,179,2,,,2,4931,1
3337,,,3,4,184,3,,,10,4776,0
3338,,,6,2,204,4,,,2,4431,0
3339,,,3,4,255,2,,,7,4332,1
3340,,,4,1,272,2,,,5,5252,0
3341,,,4,3,186,2,,,7,4947,1
3342,,,5,4,147,4,,,6,4369,0
3343,,,3,4,145,3,,,4,5361,1
3344,,,5,1,255,3,,,6,5715,0
3345,,,3,4,133,2,,,7,4663,0
3346,,,4,1,155,4,,,1,4985,0
3347,,,4,5,151,4,,,10,4796,0
3348,,,4,2,270,2,,,3,4914,1
3349,,,3,1,234,4,,,6,4942,0
3350,,,3,5,186,2,,,4,4352,0
3351,,,4,5,157,2,,,6,5937,0
3352,,,4,4,268,3,,,7,5947,0
3353,,,4,3,244,2,,,10,4486,1
3354,,,4,5,190,3,,,2,4554,0
3355,,,4,4,161,4,,,5,5038,0
3356,,,2,4,162,3,,,2,5893,1
3357,,,4,3,163,8,,,6,5739,0
3358,,,3,3,211,6,,,5,5777,1
3359,,,3,4,205,8,,,1,4977,1
3360,,,3,5,150,3,,,4,4442,1
3361,,,2,5,209,5,,,10,4623,1
3362,,,5,2,250,3,,,6,5298,0
3363,,,3,2,206,3,,,1,4431,1
3364,,,5,2,244,3,,,2,4198,0
3365,,,2,1,180,3,,,2,4615,1
3366,,,4,4,256,3,,,1,5784,1
3367,,,5,4,273,3,,,2,5672,1
3368,,,4,1,178,8,,,6,4872,0
3369,,,4,2,296,2,,,2,1233,0
3370,,,3,3,249,5,,,9,1752,0
3371,,,4,5,151,4,,,3,5470,0
3372,,,4,3,270,2,,,5,5346,0
3373,,,3,2,234,4,,,7,4568,1
3374,,,3,4,186,2,,,9,5841,0
3375,,,4,1,157,2,,,3,5801,0
3376,,,4,2,268,3,,,3,5488,1
3377,,,4,1,244,2,,,3,4644,1
3378,,,4,4,190,3,,,2,4800,0
3379,,,4,2,161,4,,,10,5322,0
3380,,,2,2,162,3,,,10,4489,1
3381,,,4,1,163,8,,,9,5489,1
3382,,,3,2,211,6,,,2,4417,0
3383,,,3,4,205,8,,,5,4869,1
3384,,,3,3,150,3,,,4,5536,0
3385,,,2,5,209,5,,,9,5565,0
3386,,,5,3,250,3,,,4,4343,0
3387,,,3,1,206,3,,,8,4763,1
3388,,,5,5,244,3,,,9,5695,0
3389,,,2,2,180,3,,,2,5033,1
3390,,,4,5,256,3,,,10,4504,1
3391,,,5,4,273,3,,,6,4044,1
3392,,,4,2,178,8,,,5,4120,1
3393,,,4,3,296,2,,,9,1523,1
3394,,,4,2,275,6,,,2,1712,1
3395,,,5,5,270,3,,,2,4351,1
3396,,,6,5,224,4,,,6,4616,0
3397,,,2,4,172,5,,,4,4668,0
3398,,,4,4,176,3,,,1,4774,0
3399,,,6,2,240,4,,,9,4099,0
3400,,,3,4,213,3,,,5,4535,1
3401,,,4,2,197,3,,,2,5707,0
3402,,,4,5,167,2,,,7,4289,1
3403,,,5,1,180,3,,,2,5013,1
3404,,,3,1,119,2,,,10,4146,1
3405,,,5,5,232,4,,,3,5447,0
3406,,,3,5,139,2,,,7,5536,0
3407,,,3,2,272,3,,,2,4459,1
3408,,,3,2,253,3,,,7,4915,0
3409,,,3,2,188,3,,,4,5376,0
3410,,,3,4,202,3,,,5,5169,0
3411,,,3,1,134,3,,,7,5802,1
3412,,,3,5,110,3,,,3,4252,1
3413,,,3,2,172,2,,,9,4532,1
3414,,,3,1,188,3,,,3,4222,0
3415,,,3,1,258,4,,,6,5365,1
3416,,,5,3,234,3,,,10,5673,0
3417,,,3,4,148,4,,,9,5301,0
3418,,,5,3,194,4,,,2,5396,0
3419,,,4,4,266,3,,,2,5413,1
3420,,,5,5,158,3,,,7,5559,1
3421,,,5,1,228,2,,,6,4984,1
3422,,,4,5,159,2,,,1,5671,0
3423,,,3,4,255,4,,,10,4107,0
3424,,,3,4,213,3,,,4,5481,1
3425,,,3,4,148,2,,,5,4693,1
3426,,,4,5,219,3,,,6,5957,1
3427,,,3,5,168,5,,,9,5731,1
3428,,,4,3,148,5,,,6,4802,0
3429,,,3,4,149,3,,,5,5467,0
3430,,,3,5,245,6,,,9,4793,0
3431,,,3,1,200,2,,,10,5178,1
3432,,,3,1,228,3,,,9,5530,0
3433,,,4,1,175,4,,,2,4053,0
3434,,,3,3,201,3,,,9,5895,1
3435,,,4,3,267,4,,,7,5140,0
3436,,,3,4,217,2,,,9,5450,0
3437,,,2,3,160,2,,,3,4409,0
3438,,,4,4,264,3,,,2,4279,1
3439,,,3,1,179,3,,,5,5898,1
3440,,,4,5,259,3,,,10,4921,1
3441,,,4,5,178,2,,,5,5403,0
3442,,,3,2,242,5,,,6,4694,0
3443,,,4,4,235,2,,,4,5671,0
3444,,,4,1,247,2,,,7,5098,0
3445,,,2,2,240,5,,,7,4138,1
3446,,,3,1,252,2,,,4,5559,0
3447,,,5,4,237,2,,,8,5600,1
3448,,,4,2,161,3,,,4,5947,0
3449,,,2,3,144,4,,,10,4075,0
3450,,,4,1,163,4,,,2,5432,1
3451,,,4,3,246,3,,,5,5118,0
3452,,,3,2,213,3,,,10,5993,1
3453,,,5,1,123,2,,,9,5497,0
3454,,,4,3,192,3,,,1,4045,1
3455,,,4,4,149,3,,,8,5658,1
3456,,,5,3,206,4,,,1,4583,0
3457,,,6,4,243,6,,,8,5218,0
3458,,,4,5,136,3,,,1,4585,1
3459,,,4,1,170,2,,,5,5182,0
3460,,,2,4,180,2,,,8,4321,1
3461,,,3,5,220,2,,,1,5663,0
3462,,,3,3,144,2,,,6,5994,1
3463,,,3,4,271,2,,,6,4218,0
3464,,,4,4,186,2,,,9,4887,1
3465,,,2,5,247,4,,,4,5255,1
3466,,,4,4,202,3,,,2,4299,1
3467,,,4,3,143,3,,,3,5062,1
3468,,,3,1,180,3,,,10,5633,0
3469,,,4,5,221,3,,,3,4430,1
3470,,,4,3,173,3,,,7,4810,1
3471,,,2,5,107,3,,,2,4853,0
3472,,,3,4,259,2,,,3,4154,1
3473,,,5,4,134,3,,,4,4908,0
3474,,,3,2,204,4,,,4,4745,0
3475,,,2,2,161,5,,,3,4138,0
3476,,,6,4,100,5,,,7,5668,1
3477,,,5,2,260,4,,,3,5890,0
3478,,,5,2,196,3,,,4,4271,0
3479,,,5,2,260,3,,,1,4799,1
3480,,,3,1,193,4,,,5,4700,0
3481,,,4,1,258,3,,,7,4159,0
3482,,,4,3,254,4,,,9,4492,0
3483,,,3,5,216,4,,,3,4934,0
3484,,,4,1,273,3,,,5,5323,0
3485,,,4,4,223,4,,,1,4219,0
3486,,,4,1,182,2,,,10,5638,0
3487,,,3,4,201,3,,,6,5722,1
3488,,,4,3,249,3,,,6,5657,1
3489,,,5,4,152,3,,,1,5314,1
3490,,,3,1,244,4,,,6,4734,1
3491,,,3,1,256,4,,,3,4398,1
3492,,,4,2,223,3,,,3,5121,0
3493,,,3,2,185,2,,,3,4816,1
3494,,,3,1,166,3,,,9,4410,0
3495,,,3,4,113,3,,,1,5765,1
3496,,,4,1,134,2,,,7,5967,0
3497,,,4,3,228,2,,,4,4719,1
3498,,,3,4,204,2,,,10,5844,1
3499,,,3,1,152,2,,,2,4136,0
3500,,,3,2,195,2,,,9,5779,1
3501,,,4,2,192,6,,,3,5173,0
3502,,,4,2,247,3,,,8,4977,0
3503,,,3,1,135,2,,,2,4163,0
3504,,,4,2,209,2,,,1,5337,0
3505,,,2,4,173,2,,,1,4721,0
3506,,,4,4,222,2,,,5,5660,0
3507,,,4,3,192,3,,,10,4086,1
3508,,,3,5,206,3,,,6,5618,0
3509,,,3,3,275,4,,,6,4687,1
3510,,,2,3,192,3,,,8,5787,1
3511,,,6,3,121,3,,,10,5208,0
3512,,,4,2,177,3,,,8,4904,0
3513,,,3,1,243,3,,,2,4989,0
3514,,,3,2,262,4,,,1,4745,1
3515,,,2,4,189,3,,,3,5897,1
3516,,,5,4,178,2,,,4,5307,0
3517,,,3,4,232,3,,,1,4228,1
3518,,,4,5,254,3,,,1,4377,1
3519,,,3,1,148,2,,,5,4082,1
3520,,,4,3,253,4,,,4,4868,1
3521,,,4,5,223,3,,,9,5279,1
3522,,,2,2,190,2,,,7,4075,0
3523,,,5,3,181,4,,,2,5332,0
3524,,,2,3,226,3,,,8,5119,0
3525,,,3,4,182,2,,,8,4883,0
3526,,,2,4,191,3,,,6,4119,0
3527,,,3,1,223,4,,,1,4195,0
3528,,,4,5,274,3,,,4,4521,0
3529,,,4,4,218,2,,,9,5637,0
3530,,,3,5,197,3,,,3,5658,0
3531,,,4,2,137,3,,,6,5271,0
3532,,,2,1,163,3,,,3,5873,1
3533,,,4,4,218,4,,,6,4377,1
3534,,,5,1,245,3,,,6,4343,1
3535,,,3,5,181,2,,,2,4089,0
3536,,,6,3,222,5,,,2,4612,0
3537,,,4,5,259,2,,,7,4390,1
3538,,,3,4,157,3,,,6,5398,1
3539,,,4,3,137,3,,,10,4820,1
3540,,,3,3,242,3,,,8,4199,0
3541,,,4,5,154,4,,,7,4938,0
3542,,,3,2,150,2,,,3,4174,0
3543,,,5,3,174,3,,,7,5510,1
3544,,,5,5,265,3,,,3,5837,1
3545,,,3,4,248,4,,,8,4540,0
3546,,,4,3,186,3,,,7,5156,1
3547,,,4,2,152,3,,,6,5764,1
3548,,,3,3,163,3,,,2,5791,1
3549,,,4,5,168,4,,,5,5735,1
3550,,,4,3,102,3,,,3,4845,1
3551,,,3,1,169,2,,,1,4783,1
3552,,,6,1,163,4,,,3,4031,1
3553,,,2,1,154,3,,,4,5100,0
3554,,,3,5,271,2,,,3,4878,0
3555,,,3,4,182,3,,,7,5409,1
3556,,,4,1,173,3,,,5,5232,0
3557,,,5,2,244,2,,,10,5696,0
3558,,,4,5,214,2,,,8,4512,0
3559,,,4,4,210,2,,,6,4076,0
3560,,,5,3,194,7,,,10,5700,0
3561,,,4,3,185,10,,,7,4818,1
3562,,,3,3,121,2,,,10,5130,1
3563,,,3,1,203,3,,,3,4137,0
3564,,,2,5,134,10,,,8,5472,0
3565,,,3,3,263,3,,,9,5665,1
3566,,,5,1,279,8,,,6,5888,1
3567,,,4,5,222,3,,,5,5584,0
3568,,,4,1,233,2,,,9,4799,1
3569,,,4,4,271,3,,,3,4152,0
3570,,,3,4,118,4,,,6,5964,0
3571,,,3,4,183,2,,,5,4261,1
3572,,,3,4,217,3,,,5,4077,0
3573,,,3,5,245,10,,,8,4909,1
3574,,,3,4,143,4,,,5,5545,1
3575,,,3,3,149,3,,,3,4189,0
3576,,,4,5,275,6,,,10,1400,1
3577,,,4,5,168,4,,,4,4776,1
3578,,,4,1,102,3,,,3,4179,0
3579,,,3,2,169,2,,,10,4038,1
3580,,,6,5,163,4,,,3,5118,1
3581,,,2,3,154,3,,,3,4478,0
3582,,,3,3,271,2,,,8,4444,1
3583,,,3,4,182,3,,,2,5281,1
3584,,,4,5,173,3,,,7,4410,0
3585,,,5,5,244,2,,,10,5794,0
3586,,,4,5,214,2,,,3,5546,0
3587,,,4,2,210,2,,,3,5876,1
3588,,,5,1,194,7,,,8,4770,0
3589,,,4,3,185,10,,,1,4973,0
3590,,,3,1,121,2,,,2,5210,1
3591,,,3,4,203,3,,,1,5543,0
3592,,,2,3,134,10,,,1,5632,0
3593,,,3,2,263,3,,,8,5447,1
3594,,,5,2,279,8,,,5,4785,0
3595,,,4,2,222,3,,,3,5130,0
3596,,,4,2,233,2,,,5,4668,0
3597,,,4,2,271,3,,,9,4085,0
3598,,,3,5,118,4,,,10,5699,1
3599,,,3,4,183,2,,,3,4179,1
3600,,,3,4,217,3,,,5,4883,1
3601,,,3,4,245,10,,,1,5363,0
3602,,,3,2,143,4,,,7,4486,0
3603,,,3,2,149,3,,,7,4049,1
3604,,,4,2,275,6,,,9,1890,0
3605,,,7,4,282,5,,,5,1149,0
3606,,,4,1,276,2,,,3,1966,0
3607,,,4,5,244,3,,,6,1360,1
3608,,,5,5,258,4,,,7,5478,0
3609,,,3,5,257,3,,,5,5657,0
3610,,,4,2,195,5,,,9,5178,1
3611,,,2,2,152,4,,,6,4606,1
3612,,,2,1,100,3,,,1,5776,1
3613,,,4,1,248,2,,,4,5783,0
3614,,,4,5,274,2,,,2,4492,1
3615,,,3,3,203,2,,,1,5244,0
3616,,,6,5,194,5,,,8,4777,0
3617,,,3,3,142,3,,,7,4439,0
3618,,,4,5,208,5,,,7,5833,0
3619,,,4,5,237,2,,,6,5954,0
3620,,,3,1,210,2,,,9,4580,0
3621,,,3,3,158,2,,,10,4061,1
3622,,,3,3,148,3,,,1,5700,0
3623,,,3,2,146,3,,,4,5846,1
3624,,,3,3,155,3,,,3,5768,0
3625,,,2,5,233,3,,,10,5211,1
3626,,,3,4,165,2,,,8,4280,1
3627,,,4,3,227,3,,,10,5491,1
3628,,,5,3,197,4,,,6,4184,0
3629,,,4,1,134,3,,,2,4983,0
3630,,,5,2,134,2,,,9,5045,0
3631,,,4,5,194,2,,,3,4724,1
3632,,,3,4,172,3,,,4,4337,0
3633,,,3,1,205,2,,,2,5322,0
3634,,,3,1,191,5,,,9,5196,1
3635,,,3,3,225,4,,,10,5690,0
3636,,,5,5,152,6,,,2,4915,1
3637,,,5,3,249,3,,,10,5001,1
3638,,,5,5,136,3,,,4,4218,1
3639,,,3,5,146,5,,,7,4538,0
3640,,,5,2,259,2,,,1,4607,0
3641,,,3,2,159,3,,,4,5577,1
3642,,,5,1,162,3,,,5,4064,1
3643,,,4,4,205,4,,,6,5064,0
3644,,,5,5,155,3,,,6,4109,1
3645,,,4,5,171,4,,,4,4151,0
3646,,,3,1,244,3,,,1,5695,1
3647,,,5,5,135,3,,,2,5849,1
3648,,,4,2,147,3,,,5,5174,0
3649,,,3,2,245,2,,,4,4514,1
3650,,,5,4,266,6,,,5,5481,0
3651,,,3,5,165,3,,,3,5409,0
3652,,,4,3,226,3,,,1,5433,1
3653,,,5,4,185,3,,,1,4925,0
3654,,,5,3,267,3,,,9,5258,1
3655,,,5,3,169,3,,,9,4289,1
3656,,,4,1,191,3,,,6,5335,1
3657,,,3,1,187,3,,,2,5154,1
3658,,,3,2,265,6,,,9,5936,0
3659,,,3,2,243,3,,,8,4093,0
3660,,,6,3,166,3,,,2,5559,0
3661,,,5,3,249,2,,,3,4440,0
3662,,,4,1,271,2,,,1,4866,0
3663,,,4,3,272,2,,,5,4681,1
3664,,,4,3,226,2,,,8,4526,0
3665,,,3,3,250,5,,,8,5762,1
3666,,,2,5,135,6,,,9,5777,1
3667,,,4,4,274,3,,,3,4202,1
3668,,,4,4,184,3,,,2,4124,1
3669,,,2,1,139,2,,,2,4520,1
3670,,,3,3,198,2,,,8,4620,1
3671,,,4,2,168,2,,,1,5154,0
3672,,,4,4,245,4,,,4,5203,1
3673,,,4,1,251,3,,,4,4374,1
3674,,,4,1,153,2,,,9,4359,0
3675,,,5,1,142,4,,,2,4735,1
3676,,,4,5,148,3,,,5,4913,0
3677,,,4,2,273,5,,,1,5012,0
3678,,,3,1,180,6,,,5,4802,1
3679,,,3,3,158,3,,,2,5205,1
3680,,,4,3,240,2,,,2,5588,0
3681,,,4,1,174,3,,,7,4813,1
3682,,,4,2,186,3,,,6,4524,0
3683,,,5,5,174,3,,,9,5969,1
3684,,,4,1,260,4,,,10,4072,1
3685,,,4,3,258,2,,,2,4308,0
3686,,,4,2,262,2,,,3,4090,1
3687,,,4,2,197,3,,,4,5800,0
3688,,,4,1,238,3,,,4,5449,1
3689,,,3,3,168,2,,,9,4608,0
3690,,,4,3,266,3,,,9,5621,1
3691,,,4,4,251,3,,,5,5460,0
3692,,,3,5,272,2,,,3,5638,1
3693,,,5,3,203,2,,,4,4311,1
3694,,,5,5,168,3,,,6,4096,0
3695,,,3,1,138,3,,,7,5534,0
3696,,,3,1,129,3,,,9,5296,1
3697,,,4,4,178,6,,,9,5279,1
3698,,,5,1,211,2,,,1,5913,1
3699,,,3,5,169,3,,,5,5750,0
3700,,,3,2,267,3,,,8,5922,0
3701,,,3,4,183,3,,,1,5959,1
3702,,,3,1,194,2,,,8,4335,1
3703,,,5,3,151,2,,,8,4749,0
3704,,,6,3,225,4,,,5,4184,1
3705,,,5,2,184,4,,,6,4155,1
3706,,,3,2,269,2,,,1,4978,0
3707,,,3,2,274,2,,,5,5161,0
3708,,,5,4,142,2,,,7,5341,0
3709,,,4,1,140,4,,,6,5067,0
3710,,,4,1,219,5,,,5,5253,0
3711,,,2,3,237,3,,,2,5331,0
3712,,,3,5,140,5,,,7,4370,1
3713,,,5,5,105,5,,,10,5418,1
3714,,,3,1,192,2,,,6,4056,0
3715,,,3,4,154,3,,,2,4990,1
3716,,,5,5,165,2,,,3,4005,1
3717,,,5,1,197,4,,,2,5594,1
3718,,,3,5,274,3,,,3,5156,0
3719,,,3,5,193,3,,,10,5991,1
3720,,,3,1,252,4,,,4,4303,0
3721,,,4,5,224,2,,,6,4994,0
3722,,,5,2,230,4,,,4,4782,1
3723,,,4,2,174,3,,,10,4318,0
3724,,,3,2,226,3,,,3,4940,1
3725,,,5,1,245,3,,,9,5690,0
3726,,,5,1,206,5,,,2,5766,0
3727,,,3,5,241,3,,,2,4976,1
3728,,,3,4,148,4,,,1,4249,0
3729,,,5,2,181,3,,,7,5875,0
3730,,,4,3,146,3,,,8,5673,1
3731,,,3,3,115,6,,,6,5636,0
3732,,,4,5,201,3,,,10,4530,1
3733,,,5,5,273,4,,,1,5225,1
3734,,,5,5,228,5,,,6,4506,0
3735,,,4,5,185,3,,,2,4336,1
3736,,,6,1,170,3,,,10,4858,0
3737,,,4,4,156,2,,,7,5017,0
3738,,,4,4,159,3,,,3,5545,0
3739,,,5,4,263,2,,,8,4914,0
3740,,,3,5,159,3,,,1,4314,1
3741,,,5,2,241,3,,,10,4244,1
3742,,,5,1,167,3,,,3,4267,1
3743,,,4,5,231,3,,,4,5089,1
3744,,,4,2,233,2,,,5,4817,0
3745,,,6,4,256,4,,,2,5021,0
3746,,,3,1,205,4,,,3,4426,0
3747,,,2,2,180,2,,,1,4407,0
3748,,,2,3,187,2,,,10,5957,0
3749,,,3,4,250,2,,,1,4922,1
3750,,,4,4,273,2,,,9,5151,0
3751,,,3,5,224,2,,,10,4445,0
3752,,,3,2,195,2,,,8,4365,0
3753,,,4,2,148,2,,,9,4334,0
3754,,,3,4,181,2,,,4,4629,0
3755,,,5,1,111,4,,,2,5978,1
3756,,,3,2,181,3,,,9,4163,0
3757,,,3,2,108,4,,,5,4787,0
3758,,,4,5,188,5,,,1,5999,1
3759,,,6,3,231,4,,,7,4553,1
3760,,,2,3,230,3,,,4,5127,0
3761,,,4,3,197,2,,,7,5449,0
3762,,,3,1,252,3,,,6,5101,0
3763,,,6,4,237,5,,,2,5437,1
3764,,,4,4,182,3,,,8,5453,1
3765,,,5,4,241,3,,,6,4157,0
3766,,,4,4,247,2,,,6,5833,1
3767,,,5,2,156,4,,,8,5014,0
3768,,,5,4,189,3,,,7,4741,1
3769,,,4,1,240,4,,,9,4471,1
3770,,,3,1,196,3,,,8,4516,0
3771,,,3,5,157,3,,,7,5100,0
3772,,,2,2,203,4,,,10,5764,0
3773,,,3,5,156,8,,,9,4733,1
3774,,,3,3,172,6,,,5,5366,1
3775,,,4,2,204,2,,,1,4533,0
3776,,,4,2,283,7,,,9,5252,1
3777,,,4,4,257,10,,,4,4710,0
3778,,,2,4,147,2,,,3,5136,1
3779,,,4,2,229,3,,,6,5691,1
3780,,,2,1,111,2,,,1,4296,1
3781,,,3,3,231,2,,,8,5021,0
3782,,,4,1,197,3,,,6,5032,0
3783,,,4,1,157,2,,,5,5647,0
3784,,,3,3,201,10,,,10,5281,0
3785,,,4,3,247,10,,,10,5644,0
3786,,,5,5,184,3,,,5,5045,0
3787,,,3,2,144,10,,,3,5000,0
3788,,,3,4,245,4,,,9,4139,0
3789,,,3,3,163,3,,,5,5638,0
3790,,,3,1,154,10,,,3,4524,0
3791,,,4,2,245,2,,,8,5871,1
3792,,,3,3,268,10,,,2,5626,1
3793,,,4,1,180,3,,,1,5677,0
3794,,,2,2,230,3,,,7,4889,0
3795,,,4,1,197,2,,,2,5685,0
3796,,,3,5,252,3,,,4,4248,0
3797,,,6,4,237,5,,,10,5434,0
3798,,,4,2,182,3,,,7,4710,1
3799,,,5,1,241,3,,,8,5306,1
3800,,,4,3,247,2,,,3,4862,1
3801,,,5,4,156,4,,,1,5533,1
3802,,,5,2,189,3,,,1,5965,0
3803,,,4,1,240,4,,,7,5905,1
3804,,,3,4,196,3,,,8,5204,0
3805,,,3,3,157,3,,,9,5807,1
3806,,,2,1,203,4,,,4,4145,0
3807,,,3,2,156,8,,,6,5637,1
3808,,,3,4,172,6,,,1,4618,0
3809,,,4,1,204,2,,,7,5795,0
3810,,,4,3,283,7,,,1,4216,1
3811,,,4,3,257,10,,,3,5881,1
3812,,,2,5,147,2,,,8,5499,0
3813,,,4,3,229,3,,,5,5225,1
3814,,,2,5,111,2,,,4,4473,1
3815,,,3,4,231,2,,,6,4452,0
3816,,,4,2,197,3,,,2,4113,1
3817,,,4,4,157,2,,,8,5398,0
3818,,,3,4,201,10,,,7,4699,0
3819,,,4,3,247,10,,,10,5882,0
3820,,,5,5,184,3,,,2,5800,0
3821,,,3,4,144,10,,,8,4440,0
3822,,,3,4,245,4,,,4,5186,1
3823,,,3,5,163,3,,,5,4570,0
3824,,,3,3,154,10,,,1,5235,1
3825,,,4,2,245,2,,,1,5978,0
3826,,,3,2,268,10,,,9,4483,0
3827,,,4,3,180,3,,,7,5718,0
3828,,,3,3,182,4,,,10,1690,1
3829,,,4,2,164,2,,,7,1116,0
3830,,,6,4,136,3,,,2,1187,0
3831,,,6,2,290,5,,,8,1512,1
3832,,,6,1,134,3,,,10,1278,1
3833,,,4,1,215,3,,,2,5563,1
3834,,,4,4,213,4,,,2,5857,1
3835,,,5,2,132,3,,,4,4475,1
3836,,,3,5,220,4,,,2,4313,0
3837,,,3,4,215,2,,,8,5683,0
3838,,,6,5,212,2,,,5,4804,1
3839,,,4,1,190,4,,,5,5570,1
3840,,,5,2,171,3,,,3,4749,1
3841,,,4,2,153,2,,,4,4069,1
3842,,,3,1,164,3,,,2,5488,0
3843,,,5,4,172,2,,,5,4554,1
3844,,,3,1,199,6,,,7,4805,0
3845,,,3,2,163,3,,,6,4323,0
3846,,,5,2,263,3,,,9,4699,1
3847,,,3,4,156,3,,,7,4636,0
3848,,,4,3,206,4,,,1,4596,1
3849,,,3,4,224,2,,,8,4162,0
3850,,,3,3,221,2,,,5,4205,1
3851,,,4,3,221,4,,,1,4865,0
3852,,,2,3,263,3,,,10,4779,0
3853,,,6,4,148,4,,,10,5088,0
3854,,,3,3,232,3,,,9,5016,1
3855,,,3,1,139,3,,,3,5847,1
3856,,,3,3,185,4,,,6,4015,0
3857,,,3,2,183,3,,,9,4282,0
3858,,,5,1,245,2,,,2,4882,1
3859,,,3,3,159,4,,,9,4214,0
3860,,,5,2,249,3,,,6,5212,0
3861,,,4,5,233,2,,,10,5865,1
3862,,,4,5,226,2,,,2,5881,1
3863,,,5,1,152,3,,,6,4735,0
3864,,,2,4,143,6,,,1,5514,0
3865,,,6,2,218,6,,,1,4558,1
3866,,,3,4,209,3,,,2,4976,0
3867,,,2,2,157,2,,,9,5875,0
3868,,,4,3,218,2,,,6,4414,1
3869,,,4,3,235,3,,,10,4172,0
3870,,,5,5,253,2,,,2,4364,0
3871,,,3,2,211,3,,,7,4145,1
3872,,,4,2,265,4,,,3,4283,1
3873,,,4,2,201,3,,,7,5967,1
3874,,,4,5,216,3,,,1,5167,1
3875,,,2,5,176,3,,,4,5463,0
3876,,,4,5,155,3,,,8,4924,0
3877,,,4,4,266,2,,,2,4290,0
3878,,,4,3,250,6,,,7,5115,1
3879,,,5,2,205,4,,,6,5486,0
3880,,,5,2,175,3,,,1,4019,0
3881,,,3,2,260,4,,,3,4423,0
3882,,,3,2,157,3,,,1,5398,0
3883,,,5,3,282,3,,,5,4644,1
3884,,,3,4,238,3,,,8,5337,1
3885,,,3,4,187,2,,,4,5139,1
3886,,,3,3,104,5,,,5,4643,0
3887,,,5,4,230,3,,,1,4727,0
3888,,,4,3,174,2,,,10,5554,0
3889,,,5,3,237,2,,,3,5113,0
3890,,,3,1,202,2,,,7,4506,1
3891,,,3,1,204,3,,,4,5900,1
3892,,,3,4,243,2,,,7,4024,0
3893,,,4,1,165,2,,,5,5014,1
3894,,,2,4,169,4,,,3,4968,1
3895,,,2,3,197,3,,,7,4632,0
3896,,,5,5,263,2,,,8,4350,0
3897,,,4,1,247,2,,,3,4113,0
3898,,,4,4,207,3,,,9,4314,0
3899,,,4,4,155,2,,,9,4932,1
3900,,,4,5,174,2,,,10,5764,0
3901,,,3,2,220,3,,,8,4148,0
3902,,,5,5,192,3,,,5,4942,1
3903,,,5,3,231,3,,,2,4735,0
3904,,,4,1,237,3,,,10,5381,0
3905,,,4,1,187,3,,,8,5872,0
3906,,,5,4,141,4,,,5,5444,1
3907,,,4,4,272,5,,,3,5243,0
3908,,,3,1,229,3,,,5,4971,1
3909,,,4,2,173,2,,,9,4307,0
3910,,,2,1,271,2,,,7,5875,0
3911,,,4,5,246,3,,,7,4956,0
3912,,,4,3,104,4,,,3,4548,0
3913,,,4,4,121,5,,,8,4233,1
3914,,,3,3,212,3,,,10,5935,0
3915,,,3,1,139,5,,,5,4572,0
3916,,,3,4,250,3,,,10,5688,0
3917,,,4,4,272,2,,,10,4826,1
3918,,,6,1,160,5,,,8,5982,0
3919,,,5,1,170,4,,,4,4855,1
3920,,,4,1,260,2,,,1,5001,1
3921,,,2,1,168,3,,,7,4008,0
3922,,,4,2,261,2,,,7,5764,0
3923,,,5,4,117,3,,,4,5332,0
3924,,,4,2,151,4,,,5,5469,0
3925,,,5,1,181,2,,,4,5578,1
3926,,,6,1,251,4,,,2,5656,0
3927,,,2,3,178,3,,,8,4451,1
3928,,,3,1,227,3,,,10,4305,1
3929,,,4,3,206,4,,,1,4812,1
3930,,,4,4,181,4,,,4,5767,0
3931,,,4,5,117,5,,,1,4378,0
3932,,,2,4,187,6,,,9,4388,0
3933,,,5,3,219,4,,,5,4096,0
3934,,,6,3,280,3,,,7,4620,1
3935,,,6,5,178,3,,,5,4096,0
3936,,,3,1,139,2,,,3,4226,0
3937,,,3,5,137,2,,,6,5709,1
3938,,,5,3,248,2,,,6,5863,1
3939,,,3,5,259,3,,,10,5978,0
3940,,,4,5,139,3,,,5,5126,0
3941,,,3,5,267,2,,,4,4703,0
3942,,,3,5,271,4,,,1,5852,1
3943,,,5,1,181,4,,,4,5505,0
3944,,,4,5,222,2,,,2,4425,0
3945,,,3,5,159,2,,,6,5804,0
3946,,,3,4,238,2,,,3,4930,0
3947,,,5,3,256,6,,,5,5614,1
3948,,,4,2,202,3,,,9,4955,0
3949,,,4,1,258,3,,,2,4188,0
3950,,,4,5,174,3,,,8,5576,0
3951,,,4,3,270,2,,,7,5814,0
3952,,,4,1,215,3,,,9,4551,0
3953,,,3,1,254,4,,,9,4571,0
3954,,,6,4,253,2,,,9,5972,0
3955,,,3,2,269,4,,,1,5797,0
3956,,,4,1,224,5,,,7,5738,0
3957,,,3,1,157,3,,,1,4391,0
3958,,,3,3,250,3,,,5,4625,0
3959,,,6,1,132,4,,,5,5235,1
3960,,,5,2,256,3,,,6,5604,1
3961,,,4,2,237,3,,,1,5114,0
3962,,,5,1,199,2,,,7,4660,1
3963,,,3,4,186,3,,,7,4536,0
3964,,,4,5,213,3,,,7,4114,0
3965,,,3,1,260,2,,,6,4332,0
3966,,,6,1,247,3,,,1,4637,1
3967,,,4,3,178,2,,,9,4322,1
3968,,,3,1,135,2,,,7,5682,0
3969,,,3,3,234,3,,,3,4187,1
3970,,,4,5,214,3,,,1,4004,0
3971,,,4,1,174,3,,,8,5549,0
3972,,,5,5,262,2,,,8,4283,0
3973,,,4,1,180,3,,,5,4346,0
3974,,,5,2,165,2,,,6,4819,1
3975,,,4,1,150,3,,,10,4470,0
3976,,,5,4,227,2,,,9,5706,1
3977,,,5,1,220,3,,,8,5727,1
3978,,,5,5,255,2,,,1,4604,1
3979,,,3,2,202,2,,,5,5135,1
3980,,,4,4,261,3,,,2,4140,0
3981,,,5,3,244,2,,,5,4713,0
3982,,,4,2,173,3,,,1,5128,0
3983,,,3,2,224,3,,,1,5343,1
3984,,,4,4,263,2,,,2,5797,1
3985,,,5,1,160,5,,,1,4672,0
3986,,,6,2,106,5,,,9,4038,1
3987,,,3,2,227,2,,,9,4659,0
3988,,,3,5,257,2,,,2,5251,1
3989,,,3,1,155,3,,,6,5113,1
3990,,,3,4,212,3,,,8,5214,0
3991,,,6,3,205,3,,,10,4996,0
3992,,,3,4,211,3,,,6,5890,0
3993,,,5,4,178,5,,,9,4729,1
3994,,,3,3,221,3,,,5,4568,1
3995,,,3,3,253,4,,,9,4682,1
3996,,,3,1,185,2,,,8,5430,1
3997,,,3,3,160,2,,,6,5667,0
3998,,,3,4,173,2,,,5,4402,0
3999,,,3,3,256,3,,,8,4070,0
4000,,,3,4,134,3,,,6,5680,0
4001,,,4,5,160,6,,,4,4684,1
4002,,,2,3,205,3,,,1,5137,0
4003,,,4,1,202,3,,,4,4029,0
4004,,,2,2,158,3,,,2,4153,0
4005,,,4,3,233,3,,,4,5259,0
4006,,,3,3,163,2,,,10,5364,1
4007,,,4,4,202,4,,,4,4053,0
4008,,,5,2,229,3,,,1,5189,1
4009,,,5,4,120,4,,,1,4183,0
4010,,,5,1,185,2,,,10,5973,1
4011,,,2,5,154,3,,,1,4377,0
4012,,,2,4,238,3,,,4,5782,1
4013,,,4,2,179,3,,,3,5284,0
4014,,,4,5,237,2,,,10,4963,0
4015,,,4,1,234,3,,,8,4996,0
4016,,,2,5,116,3,,,1,4091,1
4017,,,4,5,157,4,,,8,4344,1
4018,,,4,2,151,3,,,8,4390,1
4019,,,3,5,160,3,,,1,5062,0
4020,,,3,5,226,3,,,8,5203,1
4021,,,2,5,254,3,,,6,5684,0
4022,,,3,5,194,3,,,8,5726,1
4023,,,5,5,194,4,,,4,4003,0
4024,,,3,4,175,3,,,6,5503,0
4025,,,4,1,228,2,,,9,4091,0
4026,,,3,3,240,3,,,4,5056,1
4027,,,2,1,166,3,,,8,4255,1
4028,,,4,5,249,2,,,10,4562,0
4029,,,4,1,261,3,,,7,4314,1
4030,,,4,1,209,2,,,10,5066,0
4031,,,3,2,154,2,,,4,5864,0
4032,,,6,5,98,3,,,8,5946,0
4033,,,3,5,193,3,,,2,4784,0
4034,,,3,5,169,3,,,6,5397,0
4035,,,5,4,227,2,,,3,5904,0
4036,,,3,3,150,2,,,6,4170,1
4037,,,5,4,260,6,,,8,5440,1
4038,,,5,5,243,6,,,9,4587,0
4039,,,2,4,271,8,,,10,4183,0
4040,,,4,3,129,6,,,5,5626,0
4041,,,3,2,228,3,,,4,4208,0
4042,,,5,5,243,2,,,9,4669,1
4043,,,2,3,187,3,,,6,5547,0
4044,,,3,3,185,3,,,10,4387,0
4045,,,2,1,228,3,,,1,5500,1
4046,,,5,1,248,8,,,2,4023,1
4047,,,4,5,233,4,,,6,4652,0
4048,,,4,3,151,3,,,8,4025,1
4049,,,5,2,160,3,,,3,4599,0
4050,,,3,5,265,3,,,4,4268,1
4051,,,3,3,229,7,,,4,5075,1
4052,,,6,3,144,7,,,8,5646,1
4053,,,3,5,172,10,,,1,4929,1
4054,,,3,5,273,10,,,5,4608,0
4055,,,3,3,182,4,,,7,1869,1
4056,,,4,3,164,2,,,3,1376,0
4057,,,3,1,240,3,,,4,5484,1
4058,,,2,1,166,3,,,6,4280,0
4059,,,4,2,249,2,,,7,5876,1
4060,,,4,3,261,3,,,1,4590,0
4061,,,4,5,209,2,,,8,4047,0
4062,,,3,5,154,2,,,6,4744,0
4063,,,6,3,98,3,,,8,4651,1
4064,,,3,5,193,3,,,9,4982,0
4065,,,3,1,169,3,,,6,4081,1
4066,,,5,4,227,2,,,10,4734,0
4067,,,3,5,150,2,,,10,5944,0
4068,,,5,3,260,6,,,10,4986,0
4069,,,5,4,243,6,,,1,4170,1
4070,,,2,1,271,8,,,5,4924,0
4071,,,4,4,129,6,,,7,4873,1
4072,,,3,3,228,3,,,8,4927,0
4073,,,5,3,243,2,,,9,4828,1
4074,,,2,1,187,3,,,3,5922,0
4075,,,3,3,185,3,,,4,4111,1
4076,,,2,3,228,3,,,5,4663,0
4077,,,5,2,248,8,,,10,4583,0
4078,,,4,5,233,4,,,6,4705,1
4079,,,4,5,151,3,,,10,5275,0
4080,,,5,4,160,3,,,2,5876,0
4081,,,3,4,265,3,,,7,5113,0
4082,,,3,2,229,7,,,3,5584,0
4083,,,6,2,144,7,,,1,5501,0
4084,,,3,4,172,10,,,9,4883,0
4085,,,3,3,273,10,,,10,5574,1
4086,,,3,5,182,4,,,6,1272,1
4087,,,4,4,164,2,,,9,1949,1
4088,,,3,5,268,2,,,5,1707,0
4089,,,3,3,218,4,,,4,1678,1
4090,,,5,3,236,2,,,6,1329,1
4091,,,3,4,188,4,,,2,1059,1
4092,,,4,2,277,5,,,8,1335,0
4093,,,6,1,127,3,,,8,5976,1
4094,,,5,1,143,3,,,5,5146,1
4095,,,6,1,192,6,,,7,4014,1
4096,,,4,2,239,2,,,9,4360,0
4097,,,3,5,215,3,,,4,4828,1
4098,,,6,1,139,5,,,1,4243,0
4099,,,3,2,250,3,,,4,5361,0
4100,,,3,1,187,3,,,1,5541,0
4101,,,2,1,151,3,,,5,5982,1
4102,,,3,5,181,3,,,9,4191,0
4103,,,4,4,170,5,,,5,4823,1
4104,,,4,3,139,3,,,1,4986,0
4105,,,4,4,186,2,,,1,4519,0
4106,,,3,2,273,3,,,2,4948,0
4107,,,6,1,274,5,,,8,4292,1
4108,,,3,5,108,2,,,10,5559,1
4109,,,3,5,132,3,,,4,4212,0
4110,,,4,1,223,3,,,4,4972,1
4111,,,3,2,240,3,,,2,4804,0
4112,,,3,5,106,2,,,3,5615,0
4113,,,5,4,143,5,,,5,4393,1
4114,,,5,1,238,2,,,5,5441,1
4115,,,2,1,156,3,,,3,5937,0
4116,,,4,2,203,3,,,9,5296,1
4117,,,3,4,259,4,,,5,4564,1
4118,,,4,4,225,3,,,10,4486,0
4119,,,4,5,154,3,,,9,5208,0
4120,,,5,2,227,3,,,2,4058,1
4121,,,4,3,208,2,,,1,5826,0
4122,,,5,3,255,3,,,8,5983,0
4123,,,4,1,218,2,,,7,4597,0
4124,,,3,5,184,3,,,1,4161,0
4125,,,4,1,233,2,,,7,4403,1
4126,,,3,5,230,4,,,2,5916,1
4127,,,4,3,249,3,,,5,5017,1
4128,,,5,2,176,4,,,2,4893,0
4129,,,4,2,272,4,,,3,5566,0
4130,,,4,4,192,2,,,7,4151,0
4131,,,6,3,100,4,,,3,5756,0
4132,,,2,1,271,6,,,2,4237,1
4133,,,4,5,165,3,,,5,4735,0
4134,,,3,4,124,4,,,10,5011,0
4135,,,4,1,193,4,,,4,4796,0
4136,,,3,2,156,3,,,2,4681,0
4137,,,5,3,170,3,,,10,4198,0
4138,,,2,3,243,5,,,5,4750,1
4139,,,3,4,163,2,,,7,5720,0
4140,,,4,3,201,2,,,4,4955,1
4141,,,3,5,232,3,,,10,5333,0
4142,,,3,3,214,3,,,2,4964,1
4143,,,3,1,149,2,,,7,4147,1
4144,,,3,4,122,3,,,10,4880,0
4145,,,3,3,253,4,,,2,5040,1
4146,,,2,5,123,4,,,8,4042,0
4147,,,4,3,261,3,,,2,4028,0
4148,,,5,1,235,3,,,7,5061,0
4149,,,2,3,141,4,,,8,4702,0
4150,,,3,1,241,2,,,8,5602,1
4151,,,4,1,253,2,,,9,4299,0
4152,,,4,4,177,2,,,6,5116,0
4153,,,5,4,160,3,,,10,5527,0
4154,,,3,4,134,3,,,9,4436,0
4155,,,5,2,258,2,,,4,5965,0
4156,,,5,3,188,2,,,6,4840,0
4157,,,5,2,270,3,,,5,5950,1
4158,,,3,1,243,2,,,10,5460,0
4159,,,2,4,100,4,,,3,5398,0
4160,,,3,3,134,4,,,7,5370,1
4161,,,4,2,255,3,,,3,4562,1
4162,,,3,3,260,2,,,8,5382,0
4163,,,5,5,265,3,,,6,4423,1
4164,,,2,5,221,3,,,2,5847,0
4165,,,5,4,157,4,,,9,4840,0
4166,,,4,3,222,3,,,8,4861,0
4167,,,5,2,179,3,,,7,5496,0
4168,,,3,2,231,3,,,5,5046,0
4169,,,3,5,228,2,,,6,5893,0
4170,,,2,5,264,2,,,9,5898,1
4171,,,4,3,170,3,,,2,5330,1
4172,,,3,2,159,2,,,3,4876,0
4173,,,3,3,166,3,,,6,5089,1
4174,,,3,2,234,2,,,8,4012,1
4175,,,6,1,215,5,,,5,4362,0
4176,,,3,2,179,2,,,8,5589,0
4177,,,3,3,180,3,,,8,5953,1
4178,,,4,5,149,3,,,9,4953,1
4179,,,3,2,150,3,,,1,5825,0
4180,,,4,1,155,3,,,4,5666,0
4181,,,4,5,199,2,,,4,4762,0
4182,,,4,5,169,2,,,10,4248,0
4183,,,6,4,276,6,,,8,5037,0
4184,,,4,3,257,3,,,1,5843,0
4185,,,4,3,153,2,,,1,4366,1
4186,,,5,5,228,4,,,6,4946,1
4187,,,4,4,133,2,,,4,4724,0
4188,,,4,4,206,3,,,10,4262,0
4189,,,4,5,263,5,,,9,5731,1
4190,,,4,1,190,2,,,4,4501,0
4191,,,4,5,175,2,,,4,4910,1
4192,,,3,3,272,3,,,2,4059,1
4193,,,4,1,111,4,,,10,4711,0
4194,,,5,2,233,3,,,5,5756,1
4195,,,5,5,235,3,,,4,5325,0
4196,,,3,2,255,4,,,5,4415,0
4197,,,4,3,216,2,,,6,4005,0
4198,,,4,4,266,3,,,5,4641,0
4199,,,4,3,200,4,,,7,4953,1
4200,,,3,3,194,3,,,6,5721,1
4201,,,4,2,220,3,,,3,5020,0
4202,,,4,4,270,2,,,1,5148,1
4203,,,3,2,168,3,,,2,4231,0
4204,,,4,5,172,4,,,8,5900,1
4205,,,4,5,168,3,,,4,4759,1
4206,,,5,2,243,3,,,4,5415,0
4207,,,3,3,181,3,,,1,5094,1
4208,,,3,5,167,2,,,2,4141,0
4209,,,4,2,224,3,,,3,5967,0
4210,,,5,4,252,3,,,6,5221,0
4211,,,4,3,266,3,,,8,4493,0
4212,,,4,3,144,2,,,5,4882,0
4213,,,3,5,222,3,,,4,5149,0
4214,,,4,4,199,3,,,10,5002,1
4215,,,3,1,214,3,,,2,4958,0
4216,,,3,1,258,3,,,2,5828,1
4217,,,3,5,194,4,,,1,5534,0
4218,,,5,2,201,3,,,2,5132,1
4219,,,3,5,243,3,,,5,4383,0
4220,,,5,4,264,3,,,2,5716,0
4221,,,4,5,204,3,,,4,5476,0
4222,,,3,2,239,2,,,3,5099,1
4223,,,5,4,168,4,,,5,5580,0
4224,,,5,4,229,2,,,10,5001,0
4225,,,2,4,246,2,,,1,5374,1
4226,,,4,4,217,2,,,6,4029,1
4227,,,4,1,166,2,,,6,5737,0
4228,,,4,3,159,2,,,3,5731,1
4229,,,6,5,220,3,,,1,5508,0
4230,,,5,4,172,4,,,10,4659,1
4231,,,3,2,262,3,,,2,5910,1
4232,,,4,5,194,2,,,1,5300,1
4233,,,3,1,232,2,,,10,4719,0
4234,,,4,5,259,3,,,3,4741,1
4235,,,4,3,259,3,,,1,4914,1
4236,,,4,5,246,3,,,10,4616,1
4237,,,3,4,247,2,,,2,5016,1
4238,,,2,1,137,3,,,1,4539,0
4239,,,2,5,273,2,,,5,4236,0
4240,,,5,2,152,3,,,5,5502,1
4241,,,3,1,235,4,,,7,4833,1
4242,,,4,2,212,3,,,3,4555,0
4243,,,5,4,286,5,,,3,5208,0
4244,,,4,2,151,2,,,6,4987,0
4245,,,3,3,204,3,,,6,5296,1
4246,,,3,1,191,3,,,1,4705,0
4247,,,3,4,221,3,,,1,4518,1
4248,,,3,5,161,3,,,2,4475,0
4249,,,4,1,183,4,,,9,5157,0
4250,,,4,3,243,2,,,6,5892,0
4251,,,5,4,194,5,,,8,4038,1
4252,,,4,2,266,3,,,4,4197,1
4253,,,4,3,249,4,,,10,4933,0
4254,,,5,5,133,2,,,10,4398,0
4255,,,4,3,244,4,,,10,4118,1
4256,,,4,3,235,3,,,6,4832,1
4257,,,3,1,166,2,,,10,5932,1
4258,,,4,2,239,2,,,10,4028,0
4259,,,4,4,141,3,,,7,4683,0
4260,,,2,5,168,2,,,1,4831,0
4261,,,4,2,203,3,,,4,5699,0
4262,,,5,1,171,4,,,9,4418,1
4263,,,3,4,120,4,,,10,5537,0
4264,,,4,1,240,4,,,6,4811,0
4265,,,5,4,178,6,,,10,5197,0
4266,,,3,4,237,3,,,9,5514,1
4267,,,3,2,169,3,,,3,5673,0
4268,,,4,1,169,4,,,10,4245,0
4269,,,4,4,201,2,,,8,5790,0
4270,,,4,2,249,4,,,4,5418,1
4271,,,5,3,101,5,,,1,4014,1
4272,,,3,1,140,3,,,6,4488,1
4273,,,3,2,214,3,,,1,5362,0
4274,,,5,2,196,3,,,6,4257,0
4275,,,3,2,204,2,,,7,5961,0
4276,,,4,4,159,3,,,9,4265,1
4277,,,4,3,175,4,,,4,5685,0
4278,,,4,1,163,2,,,3,4099,1
4279,,,6,2,271,10,,,2,4145,0
4280,,,4,3,191,3,,,1,4219,0
4281,,,4,5,135,3,,,5,4515,0
4282,,,4,2,224,3,,,3,4511,0
4283,,,3,1,142,2,,,5,4728,0
4284,,,6,1,246,6,,,9,5466,1
4285,,,5,5,165,4,,,3,4242,0
4286,,,3,3,150,4,,,8,4357,1
4287,,,3,5,170,7,,,7,4373,1
4288,,,2,3,147,3,,,5,5013,0
4289,,,4,2,151,3,,,10,5698,0
4290,,,3,3,259,8,,,6,5939,0
4291,,,4,4,211,4,,,8,4747,1
4292,,,4,1,249,10,,,7,5580,1
4293,,,3,2,133,3,,,1,5026,1
4294,,,4,2,258,3,,,10,4643,1
4295,,,3,4,253,3,,,8,5857,0
4296,,,6,5,185,3,,,1,5399,1
4297,,,3,4,268,2,,,4,1442,1
4298,,,3,3,218,4,,,8,1883,0
4299,,,3,5,140,3,,,9,4733,0
4300,,,3,3,214,3,,,9,5856,0
4301,,,5,4,196,3,,,2,5427,1
4302,,,3,2,204,2,,,2,5526,0
4303,,,4,1,159,3,,,4,4574,0
4304,,,4,3,175,4,,,5,5177,1
4305,,,4,4,163,2,,,9,4720,0
4306,,,6,1,271,10,,,5,5459,0
4307,,,4,3,191,3,,,6,4563,0
4308,,,4,5,135,3,,,6,5266,1
4309,,,4,3,224,3,,,9,5283,1
4310,,,3,5,142,2,,,8,4914,0
4311,,,6,2,246,6,,,1,4846,0
4312,,,5,4,165,4,,,7,5091,1
4313,,,3,5,150,4,,,8,4433,0
4314,,,3,4,170,7,,,7,4957,1
4315,,,2,1,147,3,,,3,4120,1
4316,,,4,3,151,3,,,6,5379,1
4317,,,3,2,259,8,,,3,4390,1
4318,,,4,5,211,4,,,10,4004,0
4319,,,4,4,249,10,,,2,4190,0
4320,,,3,5,133,3,,,4,5902,0
4321,,,4,3,258,3,,,1,4653,0
4322,,,3,3,253,3,,,1,4263,1
4323,,,6,1,185,3,,,8,4806,0
4324,,,3,4,268,2,,,8,1991,1
4325,,,4,1,277,5,,,3,1527,1
4326,,,2,3,157,4,,,3,1203,1
4327,,,5,4,132,6,,,8,1327,1
4328,,,5,3,104,4,,,3,4885,1
4329,,,3,4,213,2,,,6,5374,1
4330,,,5,2,172,2,,,1,5112,0
4331,,,5,2,168,4,,,10,5373,1
4332,,,5,5,192,3,,,3,4015,1
4333,,,4,1,189,2,,,10,4646,0
4334,,,5,4,255,6,,,3,4638,0
4335,,,5,2,152,3,,,2,4172,0
4336,,,4,3,171,5,,,2,5242,1
4337,,,4,3,177,3,,,4,4551,0
4338,,,3,2,160,3,,,4,4683,0
4339,,,4,4,233,4,,,3,5849,1
4340,,,3,2,216,3,,,10,4083,0
4341,,,5,3,222,3,,,6,4744,1
4342,,,5,3,260,2,,,10,5633,0
4343,,,5,1,239,2,,,5,5759,1
4344,,,4,4,204,2,,,9,4462,0
4345,,,3,3,116,5,,,6,4524,0
4346,,,4,3,245,3,,,8,4826,0
4347,,,4,4,280,5,,,3,5034,0
4348,,,3,5,155,4,,,6,5386,0
4349,,,3,2,139,5,,,8,4595,0
4350,,,5,4,237,3,,,9,5401,0
4351,,,2,5,211,4,,,1,5673,0
4352,,,3,4,220,3,,,5,5078,0
4353,,,5,1,134,2,,,8,5646,0
4354,,,3,2,208,2,,,7,4582,1
4355,,,5,3,198,4,,,2,5316,0
4356,,,5,1,277,4,,,2,5496,0
4357,,,4,3,144,3,,,1,5881,0
4358,,,5,1,201,3,,,4,5166,1
4359,,,3,1,201,4,,,9,5721,1
4360,,,5,1,236,2,,,2,4987,1
4361,,,4,5,142,2,,,2,5150,1
4362,,,5,1,172,5,,,1,4730,0
4363,,,4,3,217,2,,,2,5442,0
4364,,,4,2,231,3,,,3,5112,0
4365,,,3,1,200,2,,,5,4884,0
4366,,,5,2,260,6,,,10,4087,1
4367,,,2,5,216,3,,,2,5098,0
4368,,,5,1,215,2,,,3,4700,0
4369,,,5,3,217,3,,,6,4934,1
4370,,,3,5,244,3,,,3,4652,1
4371,,,4,2,221,3,,,10,5632,0
4372,,,4,1,207,2,,,4,4099,0
4373,,,3,3,190,3,,,2,4468,1
4374,,,3,5,199,4,,,7,4520,0
4375,,,6,1,246,3,,,7,4733,1
4376,,,3,5,195,3,,,10,5585,0
4377,,,3,2,244,3,,,10,4636,1
4378,,,2,2,158,3,,,1,4149,0
4379,,,4,2,254,4,,,4,5137,1
4380,,,3,1,236,2,,,8,5591,0
4381,,,5,1,255,4,,,9,4881,1
4382,,,3,1,224,2,,,9,4007,1
4383,,,2,2,204,4,,,5,5382,0
4384,,,3,3,150,2,,,3,5836,0
4385,,,3,3,134,2,,,1,5646,0
4386,,,3,3,157,4,,,7,5974,1
4387,,,3,2,257,2,,,1,4132,1
4388,,,5,2,165,3,,,10,5598,0
4389,,,5,4,175,4,,,4,4505,0
4390,,,3,3,201,2,,,8,5032,1
4391,,,3,3,175,2,,,2,4814,0
4392,,,4,2,185,5,,,7,4694,1
4393,,,4,3,202,3,,,7,5678,1
4394,,,3,4,270,2,,,4,4681,0
4395,,,5,3,175,3,,,7,4833,1
4396,,,4,3,149,3,,,3,4781,1
4397,,,3,1,223,3,,,4,4495,1
4398,,,5,2,143,4,,,10,5400,0
4399,,,3,3,203,3,,,7,4977,1
4400,,,4,4,165,6,,,5,4640,1
4401,,,4,3,255,6,,,3,4278,1
4402,,,4,3,218,2,,,7,4423,0
4403,,,4,2,193,2,,,1,5909,0
4404,,,5,3,187,3,,,3,4343,0
4405,,,3,4,246,3,,,1,4020,1
4406,,,3,2,237,3,,,10,5851,0
4407,,,3,3,269,3,,,5,4197,1
4408,,,3,5,107,5,,,4,5624,0
4409,,,3,3,147,3,,,4,5805,0
4410,,,3,4,111,5,,,1,4102,0
4411,,,3,5,197,3,,,2,4018,1
4412,,,3,4,257,4,,,9,4537,0
4413,,,5,4,269,2,,,2,5276,0
4414,,,3,2,224,2,,,3,4405,0
4415,,,3,3,262,2,,,10,5032,0
4416,,,5,3,181,3,,,7,5675,1
4417,,,3,5,159,3,,,9,4555,0
4418,,,3,2,207,2,,,9,4671,0
4419,,,3,1,238,3,,,5,4399,1
4420,,,2,3,239,3,,,1,5910,0
4421,,,4,5,206,2,,,10,4264,1
4422,,,4,1,159,4,,,5,5420,1
4423,,,3,4,207,2,,,10,4706,0
4424,,,4,3,262,2,,,10,5524,1
4425,,,3,3,251,2,,,3,5168,0
4426,,,5,5,188,3,,,7,4485,1
4427,,,5,3,254,2,,,4,5014,0
4428,,,4,1,234,3,,,10,4375,0
4429,,,3,5,246,3,,,2,5653,1
4430,,,4,2,158,3,,,3,4527,0
4431,,,4,1,220,3,,,4,4314,0
4432,,,4,2,257,3,,,8,5045,1
4433,,,4,4,143,2,,,3,5630,1
4434,,,4,5,163,3,,,4,5863,0
4435,,,3,3,171,4,,,8,4502,0
4436,,,3,3,261,4,,,7,4542,1
4437,,,3,4,212,3,,,10,4663,0
4438,,,3,4,176,2,,,10,4920,0
4439,,,4,1,257,4,,,5,5875,1
4440,,,4,4,133,2,,,10,4768,1
4441,,,3,2,153,3,,,3,5251,0
4442,,,6,4,218,6,,,1,4625,1
4443,,,4,5,164,2,,,9,5453,0
4444,,,3,2,256,2,,,9,4228,1
4445,,,2,2,150,2,,,9,4917,1
4446,,,2,4,107,4,,,4,4451,1
4447,,,6,3,219,4,,,6,4885,1
4448,,,6,1,237,5,,,2,5364,0
4449,,,5,1,246,2,,,4,5461,0
4450,,,4,3,198,3,,,1,5846,1
4451,,,4,4,176,6,,,5,4494,1
4452,,,5,2,168,2,,,3,4928,0
4453,,,5,2,173,4,,,4,5363,0
4454,,,4,4,106,2,,,10,5173,1
4455,,,3,1,171,2,,,7,4010,1
4456,,,5,1,224,2,,,4,5063,0
4457,,,4,2,216,4,,,3,4887,1
4458,,,3,3,174,3,,,2,4221,0
4459,,,4,4,261,6,,,10,4596,1
4460,,,4,3,229,3,,,3,5027,0
4461,,,4,5,214,3,,,6,5646,0
4462,,,4,5,199,5,,,8,5669,1
4463,,,5,4,182,3,,,7,5677,1
4464,,,4,1,152,3,,,4,5299,0
4465,,,4,5,258,2,,,6,5062,1
4466,,,6,2,182,3,,,7,4371,1
4467,,,2,4,166,3,,,8,4968,1
4468,,,2,3,176,3,,,6,5006,0
4469,,,3,1,193,3,,,3,5154,0
4470,,,4,4,135,2,,,10,4508,1
4471,,,6,5,213,4,,,3,5549,0
4472,,,5,5,168,3,,,6,4088,1
4473,,,3,3,264,3,,,6,4247,1
4474,,,3,1,173,2,,,10,4115,1
4475,,,6,3,142,2,,,9,5360,1
4476,,,2,2,278,2,,,9,4318,0
4477,,,3,3,197,2,,,10,5255,0
4478,,,5,4,226,2,,,6,4547,0
4479,,,3,2,197,5,,,9,4291,1
4480,,,4,5,189,2,,,6,5439,1
4481,,,2,1,210,2,,,6,5250,0
4482,,,5,2,149,2,,,8,5396,0
4483,,,5,4,171,5,,,1,5749,0
4484,,,5,3,243,3,,,10,4524,1
4485,,,4,5,171,4,,,4,5265,0
4486,,,5,3,215,4,,,5,5915,1
4487,,,3,4,174,3,,,4,4051,0
4488,,,6,4,210,5,,,2,4651,0
4489,,,4,4,135,2,,,4,5112,0
4490,,,3,2,134,3,,,6,4778,1
4491,,,2,5,166,4,,,3,4638,0
4492,,,5,1,174,3,,,10,4008,0
4493,,,4,4,252,4,,,4,4832,0
4494,,,5,2,219,4,,,7,4787,1
4495,,,4,5,244,2,,,7,5325,1
4496,,,5,5,132,3,,,5,4195,1
4497,,,4,2,223,4,,,2,5709,0
4498,,,3,4,260,4,,,10,4109,0
4499,,,3,4,269,2,,,6,5951,0
4500,,,3,5,170,3,,,5,5064,0
4501,,,2,5,170,5,,,10,5621,1
4502,,,4,2,173,2,,,2,5327,0
4503,,,4,5,148,8,,,6,5700,0
4504,,,3,5,174,6,,,7,4608,0
4505,,,6,2,263,6,,,4,4591,1
4506,,,4,4,142,10,,,7,5425,1
4507,,,3,3,183,3,,,2,4363,0
4508,,,6,1,174,10,,,1,5784,1
4509,,,4,1,140,3,,,4,5210,1
4510,,,6,5,154,2,,,7,4359,1
4511,,,4,2,108,10,,,5,4645,0
4512,,,5,2,198,3,,,8,4680,0
4513,,,4,2,266,3,,,5,4831,1
4514,,,4,4,197,5,,,8,4793,0
4515,,,3,1,219,8,,,1,4122,1
4516,,,2,4,255,7,,,9,5224,1
4517,,,3,1,255,7,,,3,4477,0
4518,,,5,4,219,4,,,8,4540,0
4519,,,4,4,244,2,,,7,5543,1
4520,,,5,5,132,3,,,3,4263,0
4521,,,4,4,223,4,,,3,5613,0
4522,,,3,3,260,4,,,8,5595,1
4523,,,3,1,269,2,,,6,5703,1
4524,,,3,1,170,3,,,3,4454,1
4525,,,2,4,170,5,,,10,5448,0
4526,,,4,5,173,2,,,5,4776,1
4527,,,4,1,148,8,,,5,4851,1
4528,,,3,1,174,6,,,4,4910,1
4529,,,6,1,263,6,,,10,5826,0
4530,,,4,5,142,10,,,5,4147,1
4531,,,3,3,183,3,,,4,5322,0
4532,,,6,1,174,10,,,7,4287,0
4533,,,4,5,140,3,,,7,5383,0
4534,,,6,3,154,2,,,7,4732,0
4535,,,4,5,108,10,,,7,5928,1
4536,,,5,3,198,3,,,6,5061,1
4537,,,4,2,266,3,,,1,5532,1
4538,,,4,3,197,5,,,8,4209,1
4539,,,3,1,219,8,,,2,5334,0
4540,,,2,4,255,7,,,10,5875,0
4541,,,3,2,255,7,,,3,5936,0
4542,,,6,2,247,4,,,3,1752,0
4543,,,5,1,275,4,,,6,1569,0
4544,,,6,5,291,4,,,3,1102,1
4545,,,6,4,265,4,,,9,1511,0
4546,,,7,1,250,5,,,8,1776,0
4547,,,7,1,291,4,,,9,1880,1
4548,,,6,4,255,4,,,3,1569,1
4549,,,6,5,290,4,,,3,1463,1
4550,,,5,5,276,4,,,7,1742,0
4551,,,4,3,149,3,,,1,1448,1
4552,,,6,2,310,4,,,5,1791,1
4553,,,7,5,273,4,,,7,1364,0
4554,,,6,3,244,4,,,5,1668,1
4555,,,6,4,275,4,,,4,1192,1
4556,,,7,2,308,4,,,7,1176,0
4557,,,6,5,264,4,,,6,1005,0
4558,,,6,2,256,5,,,2,1449,1
4559,,,5,1,252,4,,,4,1837,0
4560,,,6,2,244,4,,,4,1245,1
4561,,,6,1,280,4,,,5,1431,0
4562,,,5,3,227,4,,,10,1317,1
4563,,,6,4,272,4,,,7,1706,1
4564,,,6,2,274,4,,,8,1626,1
4565,,,6,3,310,4,,,2,1817,0
4566,,,6,2,282,5,,,5,1818,1
4567,,,6,1,247,4,,,10,1783,0
4568,,,4,2,262,4,,,2,5311,0
4569,,,3,3,213,3,,,7,4133,0
4570,,,4,5,136,3,,,7,4817,1
4571,,,3,5,134,2,,,4,5291,0
4572,,,2,2,171,2,,,6,5105,0
4573,,,3,2,182,2,,,10,4391,1
4574,,,4,4,185,3,,,9,4469,0
4575,,,4,2,271,3,,,4,5902,0
4576,,,4,1,166,5,,,1,5463,1
4577,,,4,2,196,2,,,4,5852,0
4578,,,4,4,157,4,,,6,4175,0
4579,,,4,4,218,2,,,4,4104,1
4580,,,4,3,142,3,,,6,5930,0
4581,,,3,1,237,2,,,9,4626,1
4582,,,6,3,213,4,,,2,5349,0
4583,,,5,1,241,2,,,3,5391,1
4584,,,2,2,170,3,,,7,4284,1
4585,,,3,1,156,3,,,9,4278,0
4586,,,3,4,228,3,,,8,5419,0
4587,,,3,1,145,3,,,10,4364,0
4588,,,4,1,145,3,,,3,5618,1
4589,,,3,4,166,3,,,8,4369,1
4590,,,5,5,106,5,,,4,4410,1
4591,,,5,3,210,3,,,4,4819,0
4592,,,2,1,235,3,,,6,4411,1
4593,,,4,2,142,2,,,5,4062,0
4594,,,3,4,271,3,,,9,4889,1
4595,,,4,5,245,3,,,2,5439,1
4596,,,4,2,192,4,,,2,5503,0
4597,,,5,4,270,3,,,9,4992,1
4598,,,4,4,197,3,,,7,5099,0
4599,,,2,1,255,3,,,1,5929,0
4600,,,5,3,223,2,,,9,5735,0
4601,,,3,5,256,3,,,7,4366,1
4602,,,4,2,229,2,,,9,5026,0
4603,,,3,3,233,3,,,5,4976,1
4604,,,3,4,164,6,,,4,5567,1
4605,,,3,1,171,2,,,6,5704,1
4606,,,5,2,178,5,,,5,5167,0
4607,,,3,1,233,2,,,1,5073,1
4608,,,3,1,232,2,,,2,5104,1
4609,,,4,2,236,3,,,1,4076,0
4610,,,3,2,197,3,,,3,4491,0
4611,,,3,3,152,3,,,6,5749,1
4612,,,3,4,219,2,,,7,4883,1
4613,,,4,2,205,2,,,10,5580,0
4614,,,3,2,142,2,,,7,4082,0
4615,,,6,4,112,4,,,9,4005,1
4616,,,2,2,254,2,,,8,5827,0
4617,,,4,3,256,3,,,1,4323,0
4618,,,4,4,168,4,,,4,4676,0
4619,,,3,4,171,3,,,5,5872,0
4620,,,6,5,215,4,,,5,5409,1
4621,,,3,3,169,3,,,9,4317,1
4622,,,3,3,149,4,,,3,5944,1
4623,,,4,1,223,3,,,9,4832,0
4624,,,5,3,224,2,,,6,5962,1
4625,,,2,5,186,2,,,10,4506,0
4626,,,4,4,184,3,,,2,5381,0
4627,,,3,1,152,3,,,3,5839,1
4628,,,5,3,249,2,,,9,4568,0
4629,,,3,3,173,5,,,10,5840,0
4630,,,5,5,167,2,,,2,5908,0
4631,,,5,2,230,2,,,9,4483,0
4632,,,5,3,237,3,,,8,5131,0
4633,,,3,4,202,5,,,5,4632,0
4634,,,4,3,134,4,,,3,5233,0
4635,,,5,3,263,3,,,2,4688,0
4636,,,5,2,272,2,,,1,5412,0
4637,,,4,2,231,6,,,8,5227,0
4638,,,3,4,190,4,,,7,5963,1
4639,,,5,4,223,2,,,5,4424,1
4640,,,5,1,257,3,,,5,4355,0
4641,,,4,4,184,3,,,2,4639,0
4642,,,3,5,193,3,,,1,5810,1
4643,,,4,3,204,2,,,7,4717,1
4644,,,3,2,236,3,,,8,5783,0
4645,,,5,3,222,2,,,3,4460,1
4646,,,4,1,140,5,,,6,4001,1
4647,,,3,1,204,3,,,9,5093,0
4648,,,3,2,271,2,,,6,5280,1
4649,,,3,1,108,6,,,7,4024,0
4650,,,4,1,206,3,,,4,4745,0
4651,,,3,2,180,2,,,8,4408,0
4652,,,3,2,193,3,,,7,5224,0
4653,,,5,1,238,4,,,10,4668,0
4654,,,5,3,234,3,,,6,4632,0
4655,,,2,5,271,2,,,5,5164,1
4656,,,5,2,102,5,,,3,4784,0
4657,,,3,1,185,3,,,7,5474,1
4658,,,4,1,273,2,,,10,5832,1
4659,,,6,3,233,6,,,9,4814,0
4660,,,5,3,191,2,,,7,5783,1
4661,,,4,4,239,2,,,4,4304,1
4662,,,3,3,270,3,,,7,4152,0
4663,,,5,2,279,4,,,8,4418,1
4664,,,5,1,233,4,,,2,4615,1
4665,,,3,3,178,4,,,3,4154,1
4666,,,3,4,184,4,,,2,4052,0
4667,,,3,5,202,3,,,2,5208,0
4668,,,3,3,149,2,,,3,4527,0
4669,,,5,2,133,2,,,2,4556,0
4670,,,4,4,224,5,,,9,4902,1
4671,,,4,2,252,2,,,6,5414,0
4672,,,4,3,208,2,,,6,4276,1
4673,,,5,3,256,2,,,3,4456,0
4674,,,3,5,206,4,,,10,4321,1
4675,,,2,1,177,4,,,5,4358,0
4676,,,4,4,269,4,,,3,5032,1
4677,,,3,5,216,3,,,2,4242,0
4678,,,3,2,221,3,,,7,5477,0
4679,,,5,4,210,3,,,6,5102,0
4680,,,4,5,205,3,,,9,4411,0
4681,,,3,3,237,3,,,7,4062,0
4682,,,5,4,139,2,,,2,4217,1
4683,,,4,4,163,3,,,3,4185,1
4684,,,4,4,171,2,,,4,4962,0
4685,,,4,3,261,3,,,9,5994,1
4686,,,4,3,195,2,,,8,4576,0
4687,,,4,2,190,6,,,5,4139,1
4688,,,5,5,236,3,,,4,5724,1
4689,,,3,4,254,3,,,6,5716,0
4690,,,3,3,157,3,,,10,4877,0
4691,,,3,1,245,3,,,1,5325,0
4692,,,4,1,144,4,,,8,4303,0
4693,,,5,3,217,4,,,3,5718,1
4694,,,3,3,249,2,,,2,5078,0
4695,,,3,2,176,2,,,2,5083,0
4696,,,3,1,230,2,,,1,4970,1
4697,,,3,5,204,2,,,5,4504,1
4698,,,4,4,266,2,,,5,5601,0
4699,,,4,3,213,3,,,2,5722,0
4700,,,3,4,147,3,,,8,5525,0
4701,,,3,1,201,3,,,3,4556,1
4702,,,2,4,248,3,,,5,5441,0
4703,,,4,3,167,3,,,5,5791,0
4704,,,3,4,232,2,,,10,5678,0
4705,,,5,3,163,3,,,9,4419,1
4706,,,4,4,201,5,,,3,5901,1
4707,,,4,5,252,2,,,9,4157,0
4708,,,3,1,146,4,,,10,4583,0
4709,,,5,1,160,3,,,3,5839,0
4710,,,5,2,167,4,,,10,4325,0
4711,,,4,2,224,2,,,8,4781,1
4712,,,4,2,239,3,,,5,5978,0
4713,,,4,1,151,6,,,7,4387,0
4714,,,4,5,264,3,,,10,5972,0
4715,,,4,2,242,3,,,8,4644,1
4716,,,3,3,204,4,,,9,4712,0
4717,,,3,5,260,2,,,1,5970,0
4718,,,3,2,279,3,,,6,4560,0
4719,,,3,4,225,4,,,8,5209,0
4720,,,3,5,190,3,,,9,4468,0
4721,,,4,2,152,2,,,7,5026,0
4722,,,3,2,201,6,,,7,4723,1
4723,,,3,2,191,2,,,7,5357,0
4724,,,4,3,140,3,,,1,4453,0
4725,,,5,3,199,4,,,8,5362,0
4726,,,4,1,194,3,,,6,5282,0
4727,,,4,2,273,2,,,5,5608,1
4728,,,4,5,259,2,,,4,4092,1
4729,,,4,3,180,3,,,5,4038,1
4730,,,5,3,251,2,,,9,4458,0
4731,,,5,1,269,3,,,5,5031,0
4732,,,6,3,274,6,,,2,4281,0
4733,,,5,5,250,2,,,10,5475,1
4734,,,3,5,265,3,,,8,5980,0
4735,,,4,3,169,10,,,6,5106,1
4736,,,3,4,211,3,,,8,5191,1
4737,,,4,4,245,2,,,6,5772,0
4738,,,4,1,188,2,,,6,5894,1
4739,,,3,5,244,2,,,10,4064,1
4740,,,3,5,233,3,,,7,5787,0
4741,,,3,1,144,3,,,6,4163,0
4742,,,3,5,221,2,,,6,5289,0
4743,,,3,5,267,2,,,2,5062,1
4744,,,3,1,211,3,,,7,5178,0
4745,,,4,1,205,3,,,10,4923,0
4746,,,3,2,144,3,,,1,5307,0
4747,,,3,3,195,7,,,4,4614,0
4748,,,5,5,232,7,,,6,5139,0
4749,,,5,3,199,10,,,1,5865,0
4750,,,5,5,232,3,,,5,5338,0
4751,,,5,4,272,2,,,1,5983,1
4752,,,2,4,167,2,,,1,4344,0
4753,,,3,4,272,8,,,10,4070,0
4754,,,6,2,247,4,,,10,1556,0
4755,,,5,5,275,4,,,9,1215,1
4756,,,6,4,291,4,,,8,1131,0
4757,,,6,5,265,4,,,7,1404,1
4758,,,7,3,250,5,,,4,1163,1
4759,,,7,2,291,4,,,8,1275,0
4760,,,6,5,255,4,,,9,1197,0
4761,,,6,5,290,4,,,2,1867,1
4762,,,5,5,276,4,,,2,1411,1
4763,,,4,1,149,3,,,8,1136,0
4764,,,3,3,201,6,,,2,4984,0
4765,,,3,4,191,2,,,8,5667,1
4766,,,4,4,140,3,,,4,5924,1
4767,,,5,4,199,4,,,2,4902,1
4768,,,4,1,194,3,,,9,5804,0
4769,,,4,5,273,2,,,9,5724,0
4770,,,4,4,259,2,,,8,4672,0
4771,,,4,5,180,3,,,1,5088,0
4772,,,5,4,251,2,,,3,5347,1
4773,,,5,3,269,3,,,8,4811,0
4774,,,6,3,274,6,,,1,4632,0
4775,,,5,2,250,2,,,6,5565,0
4776,,,3,3,265,3,,,3,5241,0
4777,,,4,5,169,10,,,6,4385,0
4778,,,3,3,211,3,,,4,4354,1
4779,,,4,1,245,2,,,5,5324,1
4780,,,4,5,188,2,,,4,4433,0
4781,,,3,5,244,2,,,8,5715,1
4782,,,3,4,233,3,,,10,4626,0
4783,,,3,4,144,3,,,8,5867,1
4784,,,3,1,221,2,,,7,5320,0
4785,,,3,5,267,2,,,1,4195,1
4786,,,3,4,211,3,,,1,5144,0
4787,,,4,4,205,3,,,6,4254,0
4788,,,3,2,144,3,,,9,4428,1
4789,,,3,4,195,7,,,9,5829,0
4790,,,5,3,232,7,,,6,5285,1
4791,,,5,1,199,10,,,8,4140,0
4792,,,5,5,232,3,,,3,5718,1
4793,,,5,3,272,2,,,4,5112,0
4794,,,2,2,167,2,,,3,5894,1
4795,,,3,3,272,8,,,7,5257,1
4796,,,6,4,247,4,,,2,1326,0
4797,,,5,2,275,4,,,10,1141,1
4798,,,6,5,291,4,,,9,1413,0
4799,,,6,1,265,4,,,7,1644,1
4800,,,7,2,250,5,,,9,1327,0
4801,,,7,1,291,4,,,2,1216,1
4802,,,6,1,255,4,,,2,1385,0
4803,,,6,2,290,4,,,9,1339,0
4804,,,6,3,247,4,,,4,1476,1
4805,,,6,2,152,2,,,9,1993,0
4806,,,7,5,278,4,,,5,1572,1
4807,,,6,1,260,4,,,2,1131,0
4808,,,6,3,254,4,,,6,1335,0
4809,,,2,4,151,4,,,6,1803,0
4810,,,2,5,198,2,,,4,1913,1
4811,,,6,4,243,4,,,9,1353,1
4812,,,6,5,245,4,,,8,1403,0
4813,,,6,4,300,4,,,8,1301,1
4814,,,6,1,303,4,,,10,1003,0
4815,,,7,3,286,4,,,3,1670,0
4816,,,7,2,248,4,,,1,1163,1
4817,,,6,5,244,4,,,9,1789,1
4818,,,7,1,290,4,,,9,1885,0
4819,,,4,3,260,5,,,10,1832,1
4820,,,6,5,310,4,,,1,1105,1
4821,,,6,3,247,4,,,3,1616,1
4822,,,6,5,281,4,,,8,1241,1
4823,,,6,3,260,4,,,9,1800,0
4824,,,6,1,263,4,,,6,1153,0
4825,,,5,1,285,4,,,10,1428,0
4826,,,3,4,269,3,,,9,5133,1
4827,,,2,5,205,6,,,2,5671,0
4828,,,3,2,109,3,,,4,5746,0
4829,,,5,4,216,2,,,6,4535,0
4830,,,3,2,184,3,,,8,4994,0
4831,,,4,4,106,2,,,6,5984,0
4832,,,3,1,228,2,,,5,4456,1
4833,,,4,5,140,3,,,8,4956,0
4834,,,4,3,251,3,,,5,4206,0
4835,,,3,3,153,3,,,5,4578,1
4836,,,4,4,176,2,,,1,5793,0
4837,,,4,3,206,2,,,4,5194,1
4838,,,3,3,189,2,,,9,4690,0
4839,,,2,2,251,6,,,1,4165,1
4840,,,4,3,155,3,,,1,4360,1
4841,,,6,4,260,5,,,2,4687,1
4842,,,5,1,156,6,,,4,4821,0
4843,,,4,2,225,2,,,7,5241,1
4844,,,6,5,284,4,,,8,5346,1
4845,,,5,3,263,2,,,3,4474,1
4846,,,3,3,238,2,,,2,5512,0
4847,,,5,4,267,2,,,7,5292,0
4848,,,3,3,101,2,,,9,4860,0
4849,,,3,1,175,3,,,1,4872,0
4850,,,4,5,261,2,,,3,4119,0
4851,,,5,3,150,3,,,10,4799,1
4852,,,3,5,206,4,,,2,5829,1
4853,,,4,4,254,4,,,10,4827,0
4854,,,4,2,159,3,,,5,4985,1
4855,,,2,5,284,3,,,6,4575,0
4856,,,3,1,170,2,,,9,4112,0
4857,,,4,5,245,3,,,7,4297,0
4858,,,4,5,152,3,,,5,5191,0
4859,,,5,4,193,4,,,4,5757,1
4860,,,5,3,231,2,,,8,5743,1
4861,,,4,1,212,3,,,3,4896,0
4862,,,3,4,185,2,,,8,5449,1
4863,,,4,3,223,3,,,10,5560,1
4864,,,4,1,241,4,,,9,5360,0
4865,,,5,4,215,3,,,5,5552,1
4866,,,4,5,261,2,,,6,5920,0
4867,,,4,3,158,5,,,7,4344,1
4868,,,3,3,166,2,,,8,5871,0
4869,,,4,3,280,6,,,8,4525,0
4870,,,3,2,264,3,,,8,5831,0
4871,,,3,3,204,2,,,6,5612,0
4872,,,4,4,261,2,,,9,5306,1
4873,,,6,4,138,3,,,4,4225,0
4874,,,4,4,225,2,,,10,4829,1
4875,,,4,4,238,5,,,1,4753,0
4876,,,4,5,234,3,,,3,5142,1
4877,,,4,2,237,3,,,7,4785,0
4878,,,3,3,165,3,,,4,5924,1
4879,,,2,1,148,2,,,10,5939,1
4880,,,5,1,148,4,,,2,5821,1
4881,,,3,3,218,3,,,4,5086,1
4882,,,4,5,218,6,,,5,4364,1
4883,,,4,3,181,4,,,8,5106,0
4884,,,2,1,138,2,,,8,4932,1
4885,,,3,4,206,3,,,5,4022,0
4886,,,5,1,172,2,,,7,5165,0
4887,,,4,2,160,2,,,5,4343,0
4888,,,5,2,225,4,,,1,4328,1
4889,,,6,5,206,6,,,2,4014,1
4890,,,5,5,232,3,,,2,4545,1
4891,,,3,4,232,3,,,6,4050,0
4892,,,3,4,197,2,,,3,4865,0
4893,,,5,1,246,3,,,3,5013,0
4894,,,3,4,241,3,,,3,4047,0
4895,,,6,5,211,4,,,4,4032,0
4896,,,3,3,162,2,,,9,4903,0
4897,,,3,1,264,4,,,10,4265,0
4898,,,5,3,211,3,,,5,5087,0
4899,,,4,5,159,5,,,7,4063,0
4900,,,5,5,166,2,,,2,4562,1
4901,,,4,4,163,6,,,1,4584,0
4902,,,4,3,164,2,,,3,5735,0
4903,,,5,1,255,3,,,6,4044,1
4904,,,4,3,153,3,,,6,5748,0
4905,,,3,1,165,2,,,6,4445,0
4906,,,3,2,162,3,,,6,4505,1
4907,,,3,1,223,3,,,8,5318,0
4908,,,3,4,200,2,,,6,4751,1
4909,,,3,5,194,3,,,3,4435,1
4910,,,3,1,257,2,,,6,4897,1
4911,,,2,1,188,2,,,5,5250,0
4912,,,3,4,221,3,,,1,5391,0
4913,,,4,4,193,2,,,6,4855,1
4914,,,3,1,166,2,,,2,5710,1
4915,,,4,4,212,2,,,8,4239,0
4916,,,3,2,252,3,,,7,4507,0
4917,,,3,1,155,2,,,7,4221,1
4918,,,4,5,244,4,,,2,5365,1
4919,,,3,3,162,2,,,7,5719,1
4920,,,2,1,228,2,,,10,4854,1
4921,,,4,3,208,3,,,3,4837,1
4922,,,5,3,156,3,,,7,4293,0
4923,,,3,1,209,2,,,1,5779,1
4924,,,4,5,203,2,,,8,4450,1
4925,,,4,4,196,5,,,7,4622,0
4926,,,4,4,256,3,,,8,4398,0
4927,,,4,5,159,4,,,4,4816,0
4928,,,5,5,137,4,,,4,5888,0
4929,,,2,5,271,3,,,4,5775,0
4930,,,5,1,264,2,,,3,4056,1
4931,,,2,2,264,3,,,1,4518,0
4932,,,4,3,205,2,,,10,4178,1
4933,,,5,1,266,3,,,10,5858,0
4934,,,5,4,200,3,,,8,5206,1
4935,,,4,4,154,6,,,10,4361,1
4936,,,3,2,178,3,,,4,5119,1
4937,,,5,2,198,3,,,7,5768,1
4938,,,3,4,218,2,,,2,5973,0
4939,,,4,4,185,3,,,6,4238,1
4940,,,3,4,235,3,,,4,5498,0
4941,,,3,5,251,3,,,4,4156,1
4942,,,5,2,275,5,,,9,5168,1
4943,,,5,2,156,5,,,9,5237,0
4944,,,3,5,135,3,,,3,4938,0
4945,,,4,1,143,3,,,4,4283,0
4946,,,5,1,240,3,,,10,5277,0
4947,,,5,2,131,5,,,4,4600,1
4948,,,4,5,142,3,,,2,5692,0
4949,,,5,4,275,4,,,7,4597,0
4950,,,5,5,137,3,,,5,5914,1
4951,,,3,3,165,4,,,3,4235,0
4952,,,5,4,250,2,,,10,4277,0
4953,,,4,2,242,3,,,10,4721,0
4954,,,3,3,181,3,,,3,5620,1
4955,,,4,4,211,3,,,5,4812,0
4956,,,2,2,177,4,,,8,5878,1
4957,,,3,3,135,3,,,2,5860,0
4958,,,6,4,151,3,,,10,5414,1
4959,,,5,4,250,6,,,1,4343,0
4960,,,5,5,191,4,,,10,4933,1
4961,,,2,4,158,5,,,2,4303,1
4962,,,3,3,229,2,,,1,5670,0
4963,,,4,5,169,4,,,6,4168,1
4964,,,5,1,164,3,,,7,4540,1
4965,,,4,1,177,2,,,6,5566,0
4966,,,4,4,193,3,,,8,4715,1
4967,,,4,1,198,3,,,1,4090,0
4968,,,3,1,268,3,,,2,4746,1
4969,,,3,3,269,3,,,8,5910,0
4970,,,4,3,275,3,,,3,4824,0
4971,,,5,5,233,3,,,5,5330,0
4972,,,2,5,259,3,,,3,4770,1
4973,,,3,5,239,6,,,8,5791,1
4974,,,3,2,134,3,,,3,5232,0
4975,,,5,4,131,8,,,7,4471,0
4976,,,4,2,194,8,,,10,5995,0
4977,,,4,5,261,3,,,2,4954,1
4978,,,4,2,254,10,,,7,5820,0
4979,,,4,1,161,6,,,2,5734,0
4980,,,4,5,227,2,,,7,4414,0
4981,,,3,1,165,3,,,10,4208,0
4982,,,3,2,156,7,,,9,5313,1
4983,,,3,3,262,7,,,9,5097,0
4984,,,4,3,263,3,,,4,4150,1
4985,,,4,2,196,3,,,1,5172,1
4986,,,6,1,152,2,,,3,1340,0
4987,,,7,1,278,4,,,10,1508,1
4988,,,6,4,260,4,,,1,1726,0
4989,,,6,5,254,4,,,7,1674,0
4990,,,2,4,151,4,,,2,1150,0
4991,,,2,3,198,2,,,6,1996,0
4992,,,6,2,243,4,,,9,1258,1
4993,,,6,2,245,4,,,10,1448,0
4994,,,3,5,268,3,,,6,5603,0
4995,,,3,3,269,3,,,6,4260,1
4996,,,4,4,275,3,,,10,5674,1
4997,,,5,2,233,3,,,7,5323,1
4998,,,2,2,259,3,,,6,4840,1
4999,,,3,3,239,6,,,7,4501,1
5000,,,3,3,134,3,,,8,4950,0
5001,,,5,3,131,8,,,5,4149,1
5002,,,4,5,194,8,,,9,4843,1
5003,,,4,2,261,3,,,1,4931,0
5004,,,4,5,254,10,,,7,5524,1
5005,,,4,3,161,6,,,6,5560,1
5006,,,4,4,227,2,,,7,4916,0
5007,,,3,4,165,3,,,10,4910,0
5008,,,3,3,156,7,,,2,5467,0
5009,,,3,2,262,7,,,5,5985,1
5010,,,4,3,263,3,,,3,5253,0
5011,,,4,3,196,3,,,10,4194,1
5012,,,6,2,152,2,,,6,1711,0
5013,,,7,3,278,4,,,8,1909,1
5014,,,6,5,260,4,,,10,1799,0
5015,,,6,2,254,4,,,4,1392,0
5016,,,2,3,151,4,,,3,1353,1
5017,,,2,3,198,2,,,6,1730,1
5018,,,5,2,285,4,,,7,1666,1
5019,,,7,1,306,4,,,5,1467,0
5020,,,6,4,291,4,,,5,1327,0
5021,,,6,3,292,4,,,8,1925,0
5022,,,6,2,293,5,,,3,1969,0
5023,,,6,4,275,4,,,3,1182,0
5024,,,6,5,274,4,,,6,1066,0
5025,,,7,2,310,4,,,7,1294,0
5026,,,6,5,292,4,,,4,1762,1
5027,,,6,3,256,5,,,1,1980,0
5028,,,7,4,295,4,,,5,1239,0
5029,,,3,5,149,2,,,5,1023,0
5030,,,6,5,294,4,,,2,1273,1
5031,,,6,3,281,4,,,7,1599,1
5032,,,6,4,294,4,,,6,1112,0
5033,,,6,5,249,4,,,8,1274,0
5034,,,6,5,276,4,,,6,1005,1
5035,,,7,5,284,4,,,8,1148,1
5036,,,4,5,134,3,,,1,1008,0
5037,,,6,3,271,4,,,1,1733,0
5038,,,6,2,244,4,,,1,1406,1
5039,,,6,1,264,4,,,10,1960,0
5040,,,6,5,275,4,,,8,1553,1
5041,,,7,3,310,4,,,7,1989,0
5042,,,6,2,301,5,,,3,1586,0
5043,,,6,3,247,4,,,9,1011,0
5044,,,4,2,224,2,,,9,5603,1
5045,,,3,5,242,2,,,6,5635,0
5046,,,4,1,145,2,,,2,5209,0
5047,,,4,1,150,2,,,5,4140,0
5048,,,4,4,266,3,,,4,5905,0
5049,,,5,1,260,2,,,4,5580,0
5050,,,4,1,259,3,,,5,4435,1
5051,,,4,3,192,3,,,10,4068,0
5052,,,3,1,149,3,,,5,4805,1
5053,,,4,1,133,2,,,1,5274,1
5054,,,4,4,145,3,,,3,5424,1
5055,,,3,4,186,3,,,1,5922,1
5056,,,5,3,267,3,,,8,5786,1
5057,,,3,3,157,4,,,2,5684,0
5058,,,4,2,174,3,,,3,5920,0
5059,,,4,4,216,2,,,4,5984,0
5060,,,4,3,143,3,,,2,4693,0
5061,,,5,1,135,3,,,3,4939,1
5062,,,4,2,222,3,,,4,5919,0
5063,,,6,2,140,2,,,1,4053,0
5064,,,4,2,209,2,,,9,5131,0
5065,,,3,5,162,2,,,4,4495,0
5066,,,5,2,152,4,,,6,5596,0
5067,,,4,2,236,3,,,9,4725,0
5068,,,4,5,192,4,,,10,4691,0
5069,,,5,2,233,3,,,4,4140,0
5070,,,3,5,156,3,,,2,4190,1
5071,,,5,1,257,3,,,7,4133,0
5072,,,4,5,228,4,,,4,4750,0
5073,,,5,1,262,2,,,9,5008,0
5074,,,3,1,203,2,,,2,4647,1
5075,,,4,5,217,4,,,3,5966,0
5076,,,3,1,197,5,,,6,5919,0
5077,,,3,5,217,3,,,9,4306,0
5078,,,3,2,200,4,,,4,4918,0
5079,,,4,3,181,3,,,10,4541,1
5080,,,4,1,212,3,,,2,4353,1
5081,,,5,3,217,2,,,4,5588,0
5082,,,5,4,240,4,,,2,5215,0
5083,,,3,1,161,3,,,9,4865,1
5084,,,3,4,157,3,,,6,5611,0
5085,,,4,5,133,3,,,4,5180,1
5086,,,4,3,138,3,,,2,5593,0
5087,,,4,3,158,3,,,1,5089,1
5088,,,5,2,243,3,,,2,5734,1
5089,,,3,2,189,3,,,2,4718,0
5090,,,2,4,272,2,,,4,4632,0
5091,,,4,4,168,3,,,6,5488,1
5092,,,4,4,157,3,,,10,5041,1
5093,,,3,5,217,2,,,6,5182,0
5094,,,5,3,237,4,,,8,5432,0
5095,,,4,3,133,2,,,9,4145,0
5096,,,3,4,243,2,,,1,5840,1
5097,,,5,3,273,4,,,2,4186,1
5098,,,5,4,202,5,,,6,5230,1
5099,,,5,5,240,2,,,7,4409,1
5100,,,3,5,275,3,,,6,5148,0
5101,,,3,5,274,3,,,5,4710,1
5102,,,4,3,272,3,,,4,5654,0
5103,,,2,4,126,5,,,2,5461,0
5104,,,5,3,215,2,,,10,5194,1
5105,,,2,5,175,5,,,8,4269,0
5106,,,4,3,149,6,,,5,5456,1
5107,,,6,1,145,3,,,1,4346,1
5108,,,6,1,257,4,,,3,5656,1
5109,,,4,3,136,3,,,10,4299,1
5110,,,5,3,163,6,,,6,4349,0
5111,,,3,4,256,3,,,7,5013,1
5112,,,3,3,141,3,,,7,4954,1
5113,,,4,3,196,2,,,4,4203,1
5114,,,5,4,154,2,,,5,5528,0
5115,,,5,3,197,3,,,2,4678,1
5116,,,3,2,207,3,,,1,4369,0
5117,,,4,1,258,4,,,5,5664,0
5118,,,3,3,270,3,,,7,4690,1
5119,,,5,2,139,4,,,9,5070,1
5120,,,3,5,197,3,,,4,5423,0
5121,,,5,2,176,3,,,9,5656,0
5122,,,3,1,206,3,,,5,5676,1
5123,,,4,5,176,4,,,6,5061,0
5124,,,2,4,208,3,,,6,4226,1
5125,,,3,3,154,2,,,1,5746,1
5126,,,2,2,206,5,,,7,5203,0
5127,,,3,5,253,2,,,8,5476,1
5128,,,4,5,270,3,,,2,5272,0
5129,,,3,3,271,4,,,3,4006,1
5130,,,2,1,108,3,,,4,5924,1
5131,,,4,5,172,2,,,7,4559,0
5132,,,5,1,265,3,,,5,4951,1
5133,,,4,4,208,5,,,7,5401,0
5134,,,4,5,261,3,,,3,4885,1
5135,,,4,4,197,2,,,1,5211,0
5136,,,4,4,240,2,,,4,5101,0
5137,,,4,1,273,4,,,1,4857,0
5138,,,3,5,180,2,,,1,5940,1
5139,,,4,2,136,2,,,7,4305,1
5140,,,3,4,222,6,,,10,4579,1
5141,,,4,5,231,4,,,9,5528,0
5142,,,4,5,240,5,,,8,4558,0
5143,,,4,1,152,3,,,10,5974,0
5144,,,5,2,206,2,,,2,5627,1
5145,,,2,3,274,4,,,10,4798,1
5146,,,5,4,97,6,,,7,5509,1
5147,,,3,4,243,4,,,10,4076,0
5148,,,3,4,106,6,,,7,4621,0
5149,,,5,3,241,3,,,2,5587,1
5150,,,3,1,217,4,,,1,5761,1
5151,,,4,1,241,4,,,5,5080,0
5152,,,4,3,213,3,,,6,5447,0
5153,,,3,1,134,3,,,10,4200,0
5154,,,3,4,162,2,,,8,4972,0
5155,,,2,4,193,4,,,7,5552,1
5156,,,4,3,138,2,,,9,5297,1
5157,,,5,4,181,5,,,2,5324,0
5158,,,4,2,274,2,,,10,4361,0
5159,,,4,3,254,2,,,3,4930,0
5160,,,5,2,196,5,,,10,5111,0
5161,,,4,2,157,4,,,6,4964,0
5162,,,4,3,130,3,,,3,4317,0
5163,,,3,3,273,2,,,7,5491,0
5164,,,4,5,154,3,,,9,5489,1
5165,,,4,2,166,3,,,8,4758,0
5166,,,5,5,171,3,,,8,4227,0
5167,,,5,4,177,2,,,2,5618,1
5168,,,2,5,195,3,,,3,5785,0
5169,,,5,4,269,2,,,9,5517,0
5170,,,4,1,196,3,,,4,4634,1
5171,,,3,1,244,3,,,7,5140,1
5172,,,3,3,137,3,,,1,5490,1
5173,,,3,2,201,3,,,6,5165,1
5174,,,3,3,211,3,,,7,5185,0
5175,,,5,3,266,3,,,4,4195,0
5176,,,5,3,222,2,,,2,5953,1
5177,,,5,4,241,4,,,6,4412,1
5178,,,3,2,226,4,,,8,5225,0
5179,,,3,5,254,3,,,3,4072,0
5180,,,4,5,222,3,,,8,4950,0
5181,,,4,4,148,3,,,5,4892,0
5182,,,4,3,194,3,,,3,5916,1
5183,,,4,1,177,2,,,7,5599,1
5184,,,2,2,150,3,,,6,5854,1
5185,,,3,2,111,2,,,4,4245,1
5186,,,5,4,172,3,,,3,5064,1
5187,,,4,5,234,3,,,3,5438,0
5188,,,5,5,257,4,,,10,5180,1
5189,,,3,1,221,3,,,3,5005,1
5190,,,5,1,171,5,,,8,4699,0
5191,,,4,4,231,2,,,4,5825,0
5192,,,5,5,187,4,,,9,5326,0
5193,,,5,4,233,3,,,8,5076,1
5194,,,4,4,268,6,,,3,4834,0
5195,,,4,2,262,3,,,9,4941,0
5196,,,3,4,284,10,,,8,4562,1
5197,,,3,3,259,3,,,5,4664,0
5198,,,3,1,221,10,,,10,5473,0
5199,,,5,5,271,4,,,6,4547,1
5200,,,5,4,249,3,,,2,4397,1
5201,,,5,5,259,3,,,5,4315,0
5202,,,3,1,176,3,,,5,5316,1
5203,,,4,1,139,3,,,6,4942,1
5204,,,3,4,243,3,,,8,4959,0
5205,,,5,2,248,3,,,5,5946,0
5206,,,3,5,247,3,,,4,5891,1
5207,,,5,5,230,10,,,10,5619,1
5208,,,5,3,134,3,,,8,5016,0
5209,,,4,1,184,3,,,8,4667,0
5210,,,4,5,263,3,,,6,5445,0
5211,,,5,4,121,5,,,4,4814,0
5212,,,3,2,160,3,,,3,5807,0
5213,,,4,2,229,4,,,3,5340,0
5214,,,7,3,306,4,,,4,1739,1
5215,,,6,2,291,4,,,8,1019,0
5216,,,6,4,292,4,,,10,1321,1
5217,,,6,2,293,5,,,2,1494,0
5218,,,6,4,275,4,,,9,1585,0
5219,,,6,3,274,4,,,2,1833,1
5220,,,7,5,310,4,,,5,1975,0
5221,,,6,3,292,4,,,10,1270,0
5222,,,6,5,256,5,,,10,1686,0
5223,,,4,5,234,3,,,5,5213,0
5224,,,5,1,257,4,,,1,4924,0
5225,,,3,1,221,3,,,1,4948,0
5226,,,5,1,171,5,,,2,5921,1
5227,,,4,1,231,2,,,1,5917,1
5228,,,5,1,187,4,,,8,5164,0
5229,,,5,1,233,3,,,10,5289,0
5230,,,4,2,268,6,,,2,4348,0
5231,,,4,3,262,3,,,9,4404,1
5232,,,3,4,284,10,,,5,5479,0
5233,,,3,3,259,3,,,4,4259,0
5234,,,3,5,221,10,,,7,5743,1
5235,,,5,5,271,4,,,10,4305,1
5236,,,5,2,249,3,,,8,5000,1
5237,,,5,5,259,3,,,1,4608,0
5238,,,3,1,176,3,,,7,4276,0
5239,,,4,1,139,3,,,1,5502,1
5240,,,3,1,243,3,,,2,5827,1
5241,,,5,3,248,3,,,10,5567,1
5242,,,3,4,247,3,,,6,4873,0
5243,,,5,5,230,10,,,3,5391,0
5244,,,5,5,134,3,,,5,5783,1
5245,,,4,2,184,3,,,10,4931,0
5246,,,4,4,263,3,,,10,4680,0
5247,,,5,2,121,5,,,4,5833,0
5248,,,3,1,160,3,,,4,5132,0
5249,,,4,1,229,4,,,2,5378,1
5250,,,7,5,306,4,,,2,1281,0
5251,,,6,2,291,4,,,7,1046,0
5252,,,6,4,292,4,,,9,1056,1
5253,,,6,5,293,5,,,1,1278,0
5254,,,6,4,275,4,,,10,1266,1
5255,,,6,3,274,4,,,10,1174,0
5256,,,7,2,310,4,,,4,1806,0
5257,,,6,5,292,4,,,10,1969,1
5258,,,6,1,275,4,,,5,1228,0
5259,,,7,3,310,4,,,8,1860,1
5260,,,7,5,281,4,,,8,1987,1
5261,,,6,5,256,4,,,5,1033,1
5262,,,6,4,304,4,,,2,1749,0
5263,,,6,4,285,4,,,6,1582,0
5264,,,7,4,283,5,,,6,1882,1
5265,,,6,1,304,4,,,4,1236,1
5266,,,6,3,282,4,,,3,1661,0
5267,,,6,2,304,5,,,6,1178,1
5268,,,6,2,301,5,,,3,1844,1
5269,,,7,2,296,4,,,6,1005,1
5270,,,6,4,264,4,,,1,1660,1
5271,,,6,4,306,4,,,6,1461,0
5272,,,7,4,243,4,,,6,1362,1
5273,,,6,2,286,4,,,9,1418,0
5274,,,6,2,247,4,,,1,1668,0
5275,,,7,5,292,5,,,5,1932,1
5276,,,6,2,281,2,,,9,1715,1
5277,,,6,5,294,4,,,4,1302,0
5278,,,5,1,279,4,,,3,1499,0
5279,,,6,4,298,4,,,9,1629,0
5280,,,6,3,248,4,,,6,1997,1
5281,,,6,5,261,4,,,3,1217,1
5282,,,5,2,136,2,,,3,1370,0
5283,,,6,3,259,5,,,1,1271,0
5284,,,6,4,292,4,,,7,1094,1
5285,,,7,4,305,4,,,6,1873,0
5286,,,6,2,304,4,,,9,1392,0
5287,,,3,5,218,2,,,4,5142,0
5288,,,4,1,268,3,,,6,4681,1
5289,,,2,3,110,5,,,3,4124,0
5290,,,4,4,248,3,,,1,5198,0
5291,,,4,3,194,2,,,4,5780,1
5292,,,5,4,151,2,,,10,5643,1
5293,,,3,2,205,2,,,6,4853,0
5294,,,2,1,275,2,,,5,4163,1
5295,,,5,3,229,2,,,10,5149,0
5296,,,3,4,169,3,,,4,5716,0
5297,,,3,1,137,5,,,8,4980,1
5298,,,3,2,263,3,,,3,4181,0
5299,,,5,4,187,3,,,1,4181,0
5300,,,4,3,287,4,,,6,5889,0
5301,,,4,4,134,2,,,5,5230,0
5302,,,5,4,244,3,,,3,4015,0
5303,,,4,3,229,2,,,8,5868,0
5304,,,5,1,203,5,,,2,4845,0
5305,,,4,5,183,2,,,8,4422,0
5306,,,4,2,146,2,,,4,4348,1
5307,,,4,4,252,3,,,1,5676,1
5308,,,3,5,133,3,,,7,4314,0
5309,,,3,3,207,3,,,7,4816,1
5310,,,3,4,243,3,,,8,5705,1
5311,,,2,1,219,4,,,7,5573,1
5312,,,3,1,182,2,,,3,5510,1
5313,,,5,5,257,3,,,5,5084,0
5314,,,4,2,256,4,,,4,5469,0
5315,,,3,5,181,4,,,1,4971,1
5316,,,3,1,219,3,,,6,4893,1
5317,,,4,3,227,2,,,3,4375,0
5318,,,3,5,232,2,,,8,5146,0
5319,,,6,4,143,4,,,4,4401,0
5320,,,4,3,274,3,,,7,5517,0
5321,,,4,4,186,3,,,2,4430,0
5322,,,3,4,273,3,,,3,5163,1
5323,,,3,3,199,3,,,7,5258,1
5324,,,4,4,238,3,,,5,4724,1
5325,,,4,3,175,3,,,4,5784,0
5326,,,4,2,252,6,,,2,5476,0
5327,,,6,1,250,3,,,5,5621,1
5328,,,3,2,254,2,,,10,5608,0
5329,,,2,4,201,2,,,2,5115,0
5330,,,5,1,234,3,,,9,5548,0
5331,,,4,2,164,4,,,2,5008,0
5332,,,4,1,197,3,,,2,4326,0
5333,,,4,3,158,4,,,7,4460,0
5334,,,3,2,158,3,,,4,5335,0
5335,,,5,3,111,4,,,8,4575,0
5336,,,5,3,215,3,,,2,4731,1
5337,,,6,3,233,3,,,9,4293,1
5338,,,4,4,204,3,,,8,5614,0
5339,,,2,5,254,2,,,10,5718,1
5340,,,5,1,162,3,,,1,5537,0
5341,,,4,1,249,5,,,9,4396,0
5342,,,3,2,151,3,,,7,5154,1
5343,,,4,2,243,2,,,6,4573,0
5344,,,4,2,181,3,,,4,5078,0
5345,,,4,3,241,2,,,4,5942,1
5346,,,3,3,175,3,,,2,5740,1
5347,,,3,1,191,2,,,10,5073,0
5348,,,4,5,260,3,,,10,4919,0
5349,,,4,1,263,4,,,9,4390,0
5350,,,4,1,254,2,,,10,4230,1
5351,,,5,5,103,6,,,2,4860,0
5352,,,5,2,254,5,,,2,5655,1
5353,,,5,4,235,2,,,9,5549,0
5354,,,4,3,167,3,,,1,4621,1
5355,,,4,5,140,5,,,3,4191,1
5356,,,4,1,231,3,,,2,4940,0
5357,,,2,4,144,4,,,8,5760,1
5358,,,4,5,183,2,,,2,4533,1
5359,,,4,3,149,3,,,3,5542,0
5360,,,4,4,145,2,,,8,5645,1
5361,,,3,3,223,3,,,4,5062,1
5362,,,4,2,251,2,,,10,4898,1
5363,,,4,2,240,3,,,9,5170,1
5364,,,4,5,226,5,,,5,4833,0
5365,,,4,1,200,2,,,5,5072,1
5366,,,3,4,213,3,,,4,5996,0
5367,,,3,4,166,2,,,10,5258,0
5368,,,5,2,203,6,,,7,5289,0
5369,,,3,4,175,2,,,9,5643,1
5370,,,4,2,197,3,,,6,5826,0
5371,,,4,1,158,3,,,5,5782,0
5372,,,4,2,257,2,,,7,5325,1
5373,,,3,1,183,2,,,3,4042,0
5374,,,3,3,254,2,,,8,4890,1
5375,,,3,1,219,2,,,10,4390,1
5376,,,3,5,271,4,,,3,5831,1
5377,,,4,4,236,2,,,5,5266,0
5378,,,5,1,170,4,,,6,5258,1
5379,,,5,4,203,2,,,2,4190,1
5380,,,3,5,258,3,,,5,4314,1
5381,,,4,5,228,2,,,4,4783,1
5382,,,6,3,251,5,,,8,4877,0
5383,,,3,3,166,2,,,4,4254,1
5384,,,3,5,147,3,,,4,5042,0
5385,,,5,4,248,4,,,5,4271,1
5386,,,3,2,238,4,,,7,5254,0
5387,,,4,4,219,2,,,7,4604,0
5388,,,5,2,226,3,,,6,4700,1
5389,,,3,3,211,4,,,7,4733,0
5390,,,5,4,139,3,,,6,5721,0
5391,,,4,2,137,2,,,2,5804,1
5392,,,4,4,222,2,,,7,4343,0
5393,,,2,3,257,2,,,1,5331,1
5394,,,5,1,186,4,,,5,5239,0
5395,,,4,2,262,3,,,4,5085,0
5396,,,4,3,248,3,,,5,4781,1
5397,,,5,3,245,3,,,5,5663,0
5398,,,5,3,202,4,,,6,5107,0
5399,,,4,3,279,6,,,2,5405,0
5400,,,5,1,263,3,,,6,4505,1
5401,,,3,5,227,4,,,9,4647,0
5402,,,5,3,245,4,,,8,4129,1
5403,,,4,5,142,2,,,7,4594,1
5404,,,5,3,192,3,,,6,4037,1
5405,,,4,3,190,4,,,4,4102,1
5406,,,2,2,146,4,,,4,5817,0
5407,,,4,3,161,2,,,3,4391,1
5408,,,3,3,192,3,,,1,4180,1
5409,,,3,1,267,3,,,5,5528,0
5410,,,5,5,186,4,,,9,5592,1
5411,,,4,2,149,5,,,8,4209,0
5412,,,4,4,246,3,,,2,5473,1
5413,,,3,2,177,4,,,3,5527,0
5414,,,4,5,199,2,,,8,4463,0
5415,,,5,2,247,3,,,3,4698,1
5416,,,4,5,157,3,,,2,4343,1
5417,,,3,1,202,3,,,9,4322,0
5418,,,4,2,150,3,,,6,5787,1
5419,,,5,5,209,2,,,3,4348,0
5420,,,5,3,223,3,,,6,5977,0
5421,,,3,3,234,3,,,8,4839,1
5422,,,6,1,147,3,,,5,4012,0
5423,,,6,5,201,5,,,3,5771,0
5424,,,5,3,134,2,,,10,5279,1
5425,,,4,1,229,4,,,3,4352,1
5426,,,4,4,200,4,,,3,5583,1
5427,,,4,4,239,3,,,4,4756,0
5428,,,5,4,237,6,,,2,4541,0
5429,,,5,2,121,5,,,10,4790,0
5430,,,3,4,156,3,,,6,5255,1
5431,,,5,3,195,4,,,9,5577,0
5432,,,4,4,261,3,,,9,5515,0
5433,,,2,1,255,2,,,9,5936,1
5434,,,3,5,212,4,,,9,5791,0
5435,,,4,4,241,3,,,8,5206,1
5436,,,4,5,266,3,,,4,5928,1
5437,,,4,5,253,2,,,8,5652,0
5438,,,4,3,192,3,,,10,5190,0
5439,,,4,4,263,4,,,7,4041,1
5440,,,4,5,198,6,,,6,5380,0
5441,,,3,1,225,2,,,6,5274,1
5442,,,3,1,209,2,,,3,4184,0
5443,,,3,4,222,3,,,3,4068,0
5444,,,3,1,162,3,,,7,5971,0
5445,,,5,1,217,2,,,6,5518,0
5446,,,3,5,252,4,,,7,5328,1
5447,,,4,1,236,3,,,4,4248,0
5448,,,4,4,113,3,,,1,5610,1
5449,,,6,4,157,6,,,9,5354,1
5450,,,5,3,169,4,,,4,5683,0
5451,,,5,3,268,3,,,9,4152,1
5452,,,4,4,259,7,,,7,4408,0
5453,,,3,2,135,7,,,5,4716,0
5454,,,4,1,196,5,,,7,5380,0
5455,,,5,5,132,2,,,1,4233,0
5456,,,3,5,256,2,,,9,5750,0
5457,,,3,5,240,8,,,9,4436,1
5458,,,2,3,225,7,,,7,4009,1
5459,,,5,2,205,3,,,3,5182,0
5460,,,4,4,146,3,,,10,5805,0
5461,,,7,3,281,4,,,4,1480,0
5462,,,6,4,256,4,,,2,1752,1
5463,,,6,2,304,4,,,2,1256,1
5464,,,6,4,285,4,,,9,1180,0
5465,,,7,5,283,5,,,8,1578,0
5466,,,6,4,304,4,,,6,1890,1
5467,,,6,1,282,4,,,4,1716,0
5468,,,6,3,304,5,,,6,1184,0
5469,,,6,5,301,5,,,3,1628,0
5470,,,7,1,296,4,,,10,1230,1
5471,,,6,5,264,4,,,1,1039,1
5472,,,6,4,306,4,,,9,1595,0
5473,,,4,1,241,3,,,4,4493,1
5474,,,4,5,266,3,,,8,4889,0
5475,,,4,4,253,2,,,6,5892,0
5476,,,4,2,192,3,,,3,4922,0
5477,,,4,5,263,4,,,7,4243,1
5478,,,4,4,198,6,,,9,5730,1
5479,,,3,4,225,2,,,5,5997,0
5480,,,3,2,209,2,,,6,5095,1
5481,,,3,1,222,3,,,8,4650,1
5482,,,3,5,162,3,,,1,4480,0
5483,,,5,4,217,2,,,4,4380,1
5484,,,3,4,252,4,,,10,5495,0
5485,,,4,5,236,3,,,8,4132,0
5486,,,4,5,113,3,,,10,4053,1
5487,,,6,1,157,6,,,1,4631,1
5488,,,5,5,169,4,,,2,4188,0
5489,,,5,5,268,3,,,2,4459,1
5490,,,4,1,259,7,,,4,5102,0
5491,,,3,2,135,7,,,8,4901,0
5492,,,4,4,196,5,,,6,4258,0
5493,,,5,5,132,2,,,6,4392,0
5494,,,3,5,256,2,,,4,5368,1
5495,,,3,2,240,8,,,9,4908,0
5496,,,2,2,225,7,,,9,4947,1
5497,,,5,2,205,3,,,2,4270,0
5498,,,4,4,146,3,,,10,4472,1
5499,,,7,3,281,4,,,1,1215,1
5500,,,6,4,256,4,,,9,1676,0
5501,,,6,4,304,4,,,7,1226,1
5502,,,6,2,285,4,,,6,1016,1
5503,,,7,2,283,5,,,10,1722,1
5504,,,6,5,304,4,,,6,1864,1
5505,,,6,2,282,4,,,8,1553,0
5506,,,6,3,304,5,,,10,1254,1
5507,,,6,5,301,5,,,7,1209,1
5508,,,7,1,296,4,,,4,1446,0
5509,,,6,5,264,4,,,4,1822,1
5510,,,6,4,304,4,,,6,1342,0
5511,,,6,2,305,4,,,8,1015,0
5512,,,6,2,309,4,,,7,1941,0
5513,,,6,5,266,4,,,6,1312,1
5514,,,4,1,233,4,,,2,1809,0
5515,,,5,3,287,4,,,2,1437,0
5516,,,6,5,268,4,,,10,1170,0
5517,,,6,2,290,4,,,2,1070,1
5518,,,7,4,291,4,,,4,1248,1
5519,,,5,3,227,5,,,2,1965,0
5520,,,3,5,222,2,,,9,1321,0
5521,,,6,5,301,4,,,2,1943,0
5522,,,6,2,304,4,,,10,1983,1
5523,,,4,2,133,3,,,2,1212,1
5524,,,4,1,218,5,,,5,1238,0
5525,,,5,5,304,5,,,8,1949,1
5526,,,6,1,260,4,,,9,1698,1
5527,,,6,5,252,4,,,9,1460,0
5528,,,4,2,253,5,,,5,1812,0
5529,,,6,4,248,4,,,6,1851,0
5530,,,5,3,237,5,,,4,1733,1
5531,,,5,3,264,5,,,5,1399,0
5532,,,6,1,308,4,,,1,1216,1
5533,,,7,3,270,4,,,10,1211,0
5534,,,6,3,269,4,,,6,1822,1
5535,,,6,1,271,4,,,9,1302,0
5536,,,7,1,244,5,,,3,1418,1
5537,,,6,2,245,4,,,8,1904,0
5538,,,5,4,219,5,,,5,1388,1
5539,,,6,2,257,4,,,4,1929,1
5540,,,3,3,226,3,,,4,5048,0
5541,,,4,4,200,2,,,5,5783,0
5542,,,4,4,260,2,,,3,5801,0
5543,,,3,4,142,2,,,7,5346,0
5544,,,5,3,193,5,,,3,5888,0
5545,,,5,2,180,3,,,1,4655,1
5546,,,4,3,232,3,,,8,5298,1
5547,,,3,2,148,2,,,1,4133,1
5548,,,5,3,205,4,,,9,4277,0
5549,,,3,4,212,3,,,3,4811,0
5550,,,3,4,168,2,,,9,5235,1
5551,,,3,5,145,2,,,2,4232,1
5552,,,3,5,253,3,,,9,5979,1
5553,,,3,5,143,2,,,6,4253,0
5554,,,4,2,267,5,,,9,4720,1
5555,,,6,1,123,5,,,5,5323,1
5556,,,5,1,106,5,,,4,4180,0
5557,,,2,2,249,3,,,3,4129,1
5558,,,5,1,178,2,,,5,4369,0
5559,,,4,3,148,4,,,1,4243,0
5560,,,4,1,144,4,,,6,5197,1
5561,,,3,1,249,2,,,2,5572,1
5562,,,5,5,128,3,,,9,5143,1
5563,,,4,4,228,4,,,1,5573,0
5564,,,3,4,242,2,,,10,5559,1
5565,,,4,2,272,3,,,1,4933,1
5566,,,4,1,173,2,,,8,4893,0
5567,,,3,2,189,6,,,7,4329,0
5568,,,4,2,245,2,,,3,4000,0
5569,,,4,1,211,3,,,5,5757,1
5570,,,2,1,214,3,,,1,4391,0
5571,,,5,4,215,2,,,1,5669,0
5572,,,3,1,248,2,,,1,5703,0
5573,,,3,1,225,3,,,2,4284,0
5574,,,5,1,120,3,,,7,4381,1
5575,,,5,2,243,3,,,8,4133,1
5576,,,3,4,214,2,,,10,4794,0
5577,,,3,1,144,3,,,8,5221,1
5578,,,3,1,242,6,,,10,5493,1
5579,,,4,5,160,5,,,3,4648,1
5580,,,5,5,139,4,,,3,4433,1
5581,,,3,1,221,4,,,8,5971,0
5582,,,5,5,266,2,,,7,5712,1
5583,,,5,4,140,4,,,10,4528,0
5584,,,4,4,134,2,,,1,5209,1
5585,,,3,3,260,2,,,7,5738,0
5586,,,5,4,261,6,,,4,5349,0
5587,,,5,2,274,4,,,7,4929,0
5588,,,4,5,263,3,,,3,4020,0
5589,,,4,4,189,4,,,9,5838,1
5590,,,4,5,257,2,,,3,5394,0
5591,,,5,5,195,4,,,1,4482,0
5592,,,2,3,201,3,,,5,5733,1
5593,,,4,4,264,4,,,9,5186,0
5594,,,3,2,180,2,,,10,4024,0
5595,,,3,1,220,3,,,6,5572,1
5596,,,5,1,113,3,,,6,5509,1
5597,,,4,2,168,2,,,9,5684,0
5598,,,5,2,251,3,,,9,4298,1
5599,,,4,2,245,3,,,2,4835,1
5600,,,4,4,164,4,,,1,4365,1
5601,,,3,1,232,2,,,4,5806,1
5602,,,4,3,138,3,,,2,5358,0
5603,,,4,2,233,3,,,3,5740,1
5604,,,4,4,150,2,,,1,4711,1
5605,,,3,5,253,2,,,7,5846,0
5606,,,4,4,179,3,,,5,4061,1
5607,,,5,2,135,2,,,4,5405,0
5608,,,3,1,166,2,,,9,5853,1
5609,,,3,4,196,2,,,5,4342,1
5610,,,4,4,238,2,,,4,4337,1
5611,,,2,2,159,6,,,6,4044,0
5612,,,3,5,226,2,,,3,4208,1
5613,,,5,1,182,5,,,6,5398,0
5614,,,5,5,173,3,,,4,5265,1
5615,,,3,2,257,5,,,5,4130,1
5616,,,2,3,223,3,,,9,5653,0
5617,,,4,2,194,3,,,3,5174,0
5618,,,5,4,281,3,,,10,5675,0
5619,,,5,4,236,3,,,1,5711,0
5620,,,3,5,165,4,,,6,4795,1
5621,,,4,2,200,2,,,8,4222,0
5622,,,3,3,168,4,,,2,4541,1
5623,,,4,3,266,6,,,5,5209,0
5624,,,2,1,226,2,,,1,5576,0
5625,,,5,3,143,2,,,5,5612,1
5626,,,4,2,116,3,,,2,5602,1
5627,,,4,4,139,2,,,9,4446,1
5628,,,4,3,248,2,,,2,4700,0
5629,,,5,4,135,2,,,5,5834,0
5630,,,4,4,265,2,,,9,4106,0
5631,,,5,5,175,6,,,2,4995,1
5632,,,6,2,256,3,,,1,4435,1
5633,,,5,4,217,2,,,3,5925,0
5634,,,4,4,203,3,,,8,4443,0
5635,,,3,4,145,2,,,5,5513,0
5636,,,3,2,268,3,,,9,4215,0
5637,,,4,5,206,2,,,10,4437,0
5638,,,3,2,215,3,,,10,4198,1
5639,,,4,1,177,3,,,5,4382,0
5640,,,3,3,183,3,,,3,5538,0
5641,,,4,2,227,5,,,6,4618,0
5642,,,4,1,209,4,,,1,5057,0
5643,,,4,4,193,3,,,5,5090,1
5644,,,4,4,144,2,,,5,4380,1
5645,,,4,2,192,3,,,3,4130,1
5646,,,2,3,247,4,,,5,5725,0
5647,,,3,4,199,4,,,6,5207,0
5648,,,6,5,273,5,,,10,5756,1
5649,,,3,3,232,4,,,4,4662,1
5650,,,3,5,214,3,,,6,5319,0
5651,,,5,1,156,2,,,10,5086,0
5652,,,4,3,200,3,,,5,5108,0
5653,,,3,5,196,3,,,9,4741,1
5654,,,5,3,189,3,,,7,5830,1
5655,,,5,2,266,2,,,3,4030,0
5656,,,4,4,198,2,,,2,5725,1
5657,,,4,5,144,2,,,2,4978,0
5658,,,4,4,217,5,,,6,5891,1
5659,,,5,1,169,4,,,4,4541,0
5660,,,3,1,153,4,,,1,4608,0
5661,,,4,4,152,2,,,5,5324,0
5662,,,5,5,245,5,,,4,4627,0
5663,,,4,2,237,3,,,2,5277,0
5664,,,4,2,266,2,,,8,5516,0
5665,,,4,5,216,4,,,1,4458,1
5666,,,3,4,186,3,,,4,5501,1
5667,,,5,3,280,4,,,4,5192,0
5668,,,4,5,229,2,,,1,4869,0
5669,,,3,2,225,3,,,3,5529,0
5670,,,3,5,149,3,,,7,4357,0
5671,,,5,5,200,3,,,6,4401,1
5672,,,4,2,246,3,,,1,5815,1
5673,,,3,4,150,2,,,1,4742,0
5674,,,3,1,175,3,,,9,5797,0
5675,,,3,5,141,3,,,10,5775,0
5676,,,3,4,102,3,,,9,4111,0
5677,,,3,1,209,3,,,8,4367,0
5678,,,4,4,287,6,,,6,5282,0
5679,,,3,5,212,2,,,3,5761,1
5680,,,3,4,205,3,,,1,5407,0
5681,,,3,1,180,2,,,10,4200,0
5682,,,5,4,229,3,,,1,5660,0
5683,,,2,2,182,3,,,6,4112,1
5684,,,4,1,183,3,,,4,4789,0
5685,,,3,1,212,3,,,10,5759,0
5686,,,4,3,235,6,,,2,4689,0
5687,,,5,5,210,4,,,9,5081,1
5688,,,5,2,111,4,,,7,4424,0
5689,,,5,1,270,4,,,7,5149,0
5690,,,4,4,135,2,,,4,4684,0
5691,,,3,5,143,3,,,10,5021,0
5692,,,4,1,216,2,,,5,5059,0
5693,,,5,1,136,3,,,10,5308,0
5694,,,3,3,145,3,,,10,5696,0
5695,,,5,3,142,4,,,4,5116,1
5696,,,4,2,175,3,,,7,4874,1
5697,,,3,1,183,2,,,5,5329,1
5698,,,3,1,191,5,,,2,4956,1
5699,,,3,4,247,3,,,9,4157,0
5700,,,3,1,170,2,,,2,5662,1
5701,,,3,2,275,2,,,5,5393,1
5702,,,4,4,147,4,,,8,5882,0
5703,,,4,4,188,3,,,6,4174,1
5704,,,5,5,248,2,,,4,5587,0
5705,,,3,1,245,2,,,8,4594,1
5706,,,4,5,164,3,,,3,4454,0
5707,,,4,2,260,3,,,3,4661,1
5708,,,4,4,149,2,,,9,4605,0
5709,,,3,2,174,3,,,3,4132,0
5710,,,4,5,242,2,,,1,5682,1
5711,,,4,1,134,3,,,7,4933,1
5712,,,4,5,189,3,,,3,5193,0
5713,,,6,5,263,7,,,7,5216,1
5714,,,5,2,280,3,,,8,5858,1
5715,,,4,2,258,7,,,3,4538,1
5716,,,4,4,179,3,,,1,5242,1
5717,,,5,1,250,4,,,10,5306,1
5718,,,4,4,212,2,,,5,4774,1
5719,,,4,3,236,3,,,4,4257,1
5720,,,3,1,239,8,,,6,5023,1
5721,,,6,3,305,4,,,3,1276,0
5722,,,6,3,309,4,,,5,1712,0
5723,,,6,3,266,4,,,8,1983,1
5724,,,4,5,233,4,,,6,1495,0
5725,,,5,5,287,4,,,4,1509,1
5726,,,6,2,268,4,,,7,1274,0
5727,,,6,4,290,4,,,10,1366,0
5728,,,7,5,291,4,,,6,1135,0
5729,,,5,5,227,5,,,3,1687,0
5730,,,4,5,175,3,,,5,4194,0
5731,,,3,3,183,2,,,6,5015,0
5732,,,3,4,191,5,,,4,4243,1
5733,,,3,4,247,3,,,10,5749,1
5734,,,3,2,170,2,,,2,4214,1
5735,,,3,5,275,2,,,7,4619,0
5736,,,4,3,147,4,,,7,4865,0
5737,,,4,5,188,3,,,4,4632,0
5738,,,5,1,248,2,,,6,5281,0
5739,,,3,3,245,2,,,4,4719,1
5740,,,4,5,164,3,,,7,4657,0
5741,,,4,1,260,3,,,9,5886,1
5742,,,4,2,149,2,,,8,5460,1
5743,,,3,1,174,3,,,7,4318,1
5744,,,4,1,242,2,,,2,5825,0
5745,,,4,5,134,3,,,4,5423,0
5746,,,4,3,189,3,,,4,4410,0
5747,,,6,5,263,7,,,9,5991,1
5748,,,5,3,280,3,,,2,5273,0
5749,,,4,4,258,7,,,8,5069,0
5750,,,4,1,179,3,,,5,4129,0
5751,,,5,4,250,4,,,4,4531,0
5752,,,4,1,212,2,,,7,5864,0
5753,,,4,4,236,3,,,10,4347,1
5754,,,3,4,239,8,,,4,4192,0
5755,,,6,4,305,4,,,7,1172,1
5756,,,6,1,309,4,,,6,1866,1
5757,,,6,1,266,4,,,2,1862,1
5758,,,4,2,233,4,,,7,1861,0
5759,,,5,1,287,4,,,4,1579,0
5760,,,6,5,268,4,,,2,1324,0
5761,,,6,1,290,4,,,6,1505,1
5762,,,7,3,244,5,,,10,1913,1
5763,,,6,3,245,4,,,2,1158,1
5764,,,5,4,219,5,,,5,1867,0
5765,,,6,3,257,4,,,4,1358,1
5766,,,6,1,250,4,,,2,1783,1
5767,,,6,1,249,4,,,2,1189,1
5768,,,5,4,259,5,,,2,1627,1
5769,,,6,4,266,4,,,3,1503,1
5770,,,6,5,244,4,,,4,1648,1
5771,,,4,2,239,6,,,7,1934,0
5772,,,4,2,270,5,,,6,1520,0
5773,,,6,4,270,4,,,10,1199,1
5774,,,6,5,257,4,,,1,1957,1
5775,,,4,2,243,5,,,4,1633,1
5776,,,5,2,264,6,,,10,1659,1
5777,,,5,4,224,6,,,6,1049,1
5778,,,6,5,304,4,,,8,1755,1
5779,,,4,2,243,5,,,8,1922,0
5780,,,6,3,272,4,,,5,1355,1
5781,,,5,4,269,5,,,4,1537,1
5782,,,7,3,267,4,,,7,1384,0
5783,,,6,1,251,4,,,2,1679,0
5784,,,4,3,249,5,,,3,1012,1
5785,,,7,2,284,4,,,6,1550,1
5786,,,4,1,254,5,,,3,1880,1
5787,,,6,5,269,4,,,5,1264,1
5788,,,7,5,265,4,,,9,1393,0
5789,,,5,3,220,6,,,6,1830,1
5790,,,4,4,217,5,,,4,1503,0
5791,,,7,4,285,4,,,2,1017,1
5792,,,5,1,265,5,,,3,1514,1
5793,,,5,1,240,5,,,1,1200,0
5794,,,5,5,247,3,,,1,5226,0
5795,,,5,4,179,6,,,8,4615,1
5796,,,4,5,142,2,,,9,5425,1
5797,,,4,3,207,5,,,6,4145,0
5798,,,3,1,183,3,,,7,5849,1
5799,,,4,3,167,2,,,2,5544,0
5800,,,4,3,175,3,,,2,5208,0
5801,,,3,5,183,2,,,8,5881,1
5802,,,6,5,176,3,,,10,5307,0
5803,,,3,4,187,3,,,7,5417,0
5804,,,4,5,143,3,,,8,4142,1
5805,,,4,3,136,3,,,7,5976,0
5806,,,3,3,178,3,,,3,5396,1
5807,,,4,4,208,2,,,6,4983,1
5808,,,4,1,171,2,,,1,5635,0
5809,,,2,1,197,4,,,5,4614,0
5810,,,5,1,179,3,,,7,5814,0
5811,,,6,4,197,5,,,4,5889,1
5812,,,5,4,285,2,,,2,4505,1
5813,,,6,1,141,5,,,9,5113,0
5814,,,4,5,274,3,,,5,4773,0
5815,,,5,2,287,3,,,3,4903,1
5816,,,5,3,218,3,,,4,4198,1
5817,,,3,1,213,3,,,6,5535,0
5818,,,2,1,207,4,,,1,5742,0
5819,,,5,5,273,4,,,7,4064,1
5820,,,3,3,185,3,,,6,5995,1
5821,,,3,1,192,3,,,4,5179,0
5822,,,4,4,276,2,,,3,4306,1
5823,,,5,2,229,2,,,1,5724,0
5824,,,3,5,248,2,,,3,5287,1
5825,,,3,4,267,3,,,2,5204,1
5826,,,4,4,272,3,,,9,5458,0
5827,,,3,3,153,3,,,8,5487,0
5828,,,4,2,246,4,,,7,5056,1
5829,,,3,3,261,4,,,9,4529,1
5830,,,4,5,207,2,,,3,5270,1
5831,,,3,1,133,3,,,8,4634,0
5832,,,3,5,269,5,,,6,5932,1
5833,,,4,3,251,3,,,8,5986,1
5834,,,4,2,252,4,,,3,4956,1
5835,,,3,5,135,2,,,4,5275,1
5836,,,4,3,273,4,,,1,4585,0
5837,,,4,2,168,3,,,3,4653,1
5838,,,2,4,233,2,,,6,4758,0
5839,,,3,2,133,2,,,3,4677,1
5840,,,3,5,147,4,,,10,5164,1
5841,,,5,2,249,6,,,8,5633,0
5842,,,6,3,259,4,,,3,4117,1
5843,,,4,2,194,3,,,10,5171,1
5844,,,4,5,134,6,,,7,4881,1
5845,,,3,4,98,3,,,5,4432,0
5846,,,5,1,138,3,,,10,5612,1
5847,,,5,5,193,5,,,4,5087,1
5848,,,5,5,184,3,,,7,4742,0
5849,,,4,4,172,3,,,7,5098,0
5850,,,4,3,248,2,,,2,4701,1
5851,,,2,4,114,5,,,5,5334,1
5852,,,4,5,201,2,,,2,4657,0
5853,,,3,4,206,4,,,2,4372,0
5854,,,6,1,185,4,,,10,5254,1
5855,,,5,2,272,3,,,5,4972,0
5856,,,4,3,266,2,,,6,4286,1
5857,,,3,4,203,2,,,9,5735,0
5858,,,4,3,218,5,,,2,4823,1
5859,,,2,5,279,3,,,8,4632,0
5860,,,4,4,159,2,,,4,4648,1
5861,,,5,3,138,3,,,5,5687,1
5862,,,3,2,224,3,,,7,5896,0
5863,,,3,3,269,3,,,4,4309,0
5864,,,5,3,121,2,,,4,5231,1
5865,,,4,3,134,2,,,2,4522,0
5866,,,4,5,259,3,,,4,5344,1
5867,,,4,4,206,2,,,8,4093,1
5868,,,3,1,209,2,,,6,5701,1
5869,,,3,3,145,3,,,1,5709,0
5870,,,5,2,164,2,,,8,5717,0
5871,,,3,1,133,3,,,6,5464,1
5872,,,3,2,178,3,,,5,5686,0
5873,,,4,3,175,2,,,3,4200,0
5874,,,2,4,242,3,,,8,4898,0
5875,,,4,2,202,3,,,8,4575,1
5876,,,4,3,176,2,,,6,5149,1
5877,,,4,3,203,4,,,1,5274,0
5878,,,4,3,207,4,,,5,5008,1
5879,,,4,2,268,3,,,1,4927,0
5880,,,3,3,244,3,,,6,5109,0
5881,,,3,5,134,3,,,10,4693,0
5882,,,3,4,143,3,,,1,4392,1
5883,,,3,5,246,3,,,2,5556,1
5884,,,3,2,157,2,,,7,5228,0
5885,,,3,3,169,3,,,10,5147,0
5886,,,4,5,231,3,,,6,4449,1
5887,,,3,3,262,5,,,1,5043,0
5888,,,3,2,227,2,,,10,4290,0
5889,,,5,2,162,4,,,7,5477,1
5890,,,5,5,148,2,,,4,4812,0
5891,,,3,4,138,2,,,8,4837,0
5892,,,3,3,255,2,,,3,4824,0
5893,,,3,5,218,3,,,2,5841,0
5894,,,4,1,260,4,,,2,4091,1
5895,,,4,3,142,2,,,5,5502,1
5896,,,4,5,257,3,,,5,4180,0
5897,,,4,2,252,3,,,1,4176,0
5898,,,5,4,151,5,,,1,4122,0
5899,,,4,3,190,5,,,8,4736,0
5900,,,4,5,137,2,,,7,4068,0
5901,,,4,4,164,2,,,7,5456,0
5902,,,3,5,271,3,,,9,5328,0
5903,,,3,5,162,2,,,1,4573,1
5904,,,2,4,221,5,,,4,4034,1
5905,,,5,4,202,3,,,3,4559,1
5906,,,4,5,143,2,,,1,5836,0
5907,,,3,5,254,3,,,6,4703,0
5908,,,4,3,96,4,,,1,4984,1
5909,,,3,3,199,5,,,10,4847,1
5910,,,4,1,198,4,,,5,5182,0
5911,,,4,3,257,3,,,2,5198,1
5912,,,3,2,149,5,,,9,4310,0
5913,,,5,1,193,4,,,10,5280,0
5914,,,3,5,284,2,,,10,5619,0
5915,,,4,5,205,4,,,5,5264,0
5916,,,5,5,185,3,,,5,4520,1
5917,,,5,4,268,3,,,10,4955,0
5918,,,5,1,252,3,,,2,4339,0
5919,,,4,3,196,2,,,5,5656,0
5920,,,3,3,149,3,,,6,4654,0
5921,,,5,5,154,2,,,3,4669,0
5922,,,5,4,267,2,,,4,4053,0
5923,,,3,3,208,2,,,5,5661,0
5924,,,5,5,275,3,,,9,4287,1
5925,,,4,2,272,2,,,1,5939,1
5926,,,6,5,280,3,,,9,4074,1
5927,,,6,3,202,3,,,5,4930,0
5928,,,5,2,184,3,,,8,4581,0
5929,,,5,2,244,5,,,7,5515,0
5930,,,4,4,138,5,,,10,5401,0
5931,,,4,3,109,2,,,4,5407,0
5932,,,2,5,189,5,,,3,5292,0
5933,,,3,2,170,3,,,9,4069,0
5934,,,3,1,183,2,,,10,4598,0
5935,,,3,4,263,6,,,3,4429,0
5936,,,4,1,271,4,,,9,5853,1
5937,,,6,3,202,4,,,3,4496,1
5938,,,3,3,265,3,,,8,5070,0
5939,,,4,1,220,3,,,6,4472,0
5940,,,4,4,274,2,,,7,4873,1
5941,,,4,5,212,2,,,10,4552,0
5942,,,4,2,244,3,,,1,5559,1
5943,,,4,5,252,3,,,4,5017,0
5944,,,5,5,158,2,,,8,4743,0
5945,,,2,5,286,6,,,5,5490,0
5946,,,3,5,164,3,,,10,4639,1
5947,,,4,3,170,6,,,6,4998,0
5948,,,4,1,269,2,,,8,4930,0
5949,,,4,2,238,2,,,2,4002,0
5950,,,4,3,198,7,,,1,5315,0
5951,,,4,4,184,8,,,7,5235,1
5952,,,5,2,265,3,,,10,4347,1
5953,,,3,2,204,10,,,10,4534,0
5954,,,5,1,233,7,,,5,5759,1
5955,,,4,5,134,3,,,8,5694,0
5956,,,3,4,153,3,,,9,5474,0
5957,,,2,5,241,3,,,3,4253,1
5958,,,4,5,187,3,,,7,5022,1
5959,,,3,3,148,3,,,8,5622,0
5960,,,3,4,133,8,,,10,5439,1
5961,,,6,1,250,4,,,10,1623,1
5962,,,6,1,249,4,,,2,1326,1
5963,,,5,2,259,5,,,8,1678,0
5964,,,6,4,266,4,,,5,1639,1
5965,,,6,5,244,4,,,6,1185,0
5966,,,4,5,239,6,,,2,1879,0
5967,,,4,5,270,5,,,1,1187,1
5968,,,6,3,270,4,,,7,1079,0
5969,,,6,2,257,4,,,1,1513,0
5970,,,4,3,243,5,,,3,1634,1
5971,,,4,5,271,4,,,6,5078,0
5972,,,6,3,202,4,,,6,4249,0
5973,,,3,3,265,3,,,3,5986,1
5974,,,4,1,220,3,,,1,5159,1
5975,,,4,3,274,2,,,1,4762,0
5976,,,4,1,212,2,,,4,4969,0
5977,,,4,2,244,3,,,3,4103,0
5978,,,4,2,252,3,,,4,5782,0
5979,,,5,1,158,2,,,4,5736,1
5980,,,2,5,286,6,,,3,4497,1
5981,,,3,3,164,3,,,8,5170,0
5982,,,4,2,170,6,,,10,4891,0
5983,,,4,3,269,2,,,2,4158,0
5984,,,4,3,238,2,,,7,5808,1
5985,,,4,5,198,7,,,9,4249,1
5986,,,4,3,184,8,,,4,4686,0
5987,,,5,2,265,3,,,8,5447,1
5988,,,3,1,204,10,,,5,5375,0
5989,,,5,2,233,7,,,8,5519,1
5990,,,4,2,134,3,,,9,4214,1
5991,,,3,2,153,3,,,6,4056,0
5992,,,2,1,241,3,,,5,5697,1
5993,,,4,4,187,3,,,8,4893,0
5994,,,3,4,148,3,,,8,5267,1
5995,,,3,5,133,8,,,8,5002,1
5996,,,6,1,250,4,,,4,1018,0
5997,,,6,5,249,4,,,3,1710,1
5998,,,5,3,259,5,,,2,1730,0
5999,,,6,2,266,4,,,9,1220,0
6000,,,6,3,244,4,,,5,1108,1
6001,,,4,5,239,6,,,4,1451,0
6002,,,4,3,270,5,,,3,1786,1
6003,,,6,4,282,4,,,6,1580,0
6004,,,6,5,295,4,,,2,1981,0
6005,,,6,1,255,4,,,5,1253,1
6006,,,6,4,292,4,,,3,1826,1
6007,,,6,3,244,4,,,1,1317,1
6008,,,6,1,306,4,,,1,1210,0
6009,,,6,1,258,4,,,3,1506,0
6010,,,4,2,265,6,,,8,1391,1
6011,,,5,1,227,5,,,7,1620,1
6012,,,7,1,276,4,,,8,1560,1
6013,,,6,4,244,4,,,7,1795,0
6014,,,4,3,217,6,,,6,1552,0
6015,,,2,3,211,3,,,8,1172,0
6016,,,4,2,227,5,,,7,1354,1
6017,,,5,3,249,4,,,1,1014,1
6018,,,6,3,269,4,,,3,1006,0
6019,,,6,5,278,4,,,6,1140,0
6020,,,6,5,282,4,,,3,1385,0
6021,,,6,4,300,4,,,7,1607,0
6022,,,5,5,259,5,,,9,1624,0
6023,,,6,1,295,4,,,6,1611,0
6024,,,5,5,238,5,,,2,1657,0
6025,,,5,3,270,5,,,7,1303,1
6026,,,5,3,267,5,,,6,1119,1
6027,,,4,1,270,5,,,9,1280,1
6028,,,4,1,245,5,,,8,1923,0
6029,,,6,4,262,4,,,10,1068,1
6030,,,4,2,245,5,,,8,1122,1
6031,,,6,2,268,4,,,7,1943,0
6032,,,5,1,262,5,,,1,1488,1
6033,,,6,3,283,5,,,10,1483,0
6034,,,5,3,260,5,,,8,1001,0
6035,,,7,5,258,4,,,4,1677,1
6036,,,5,2,130,4,,,1,1877,0
6037,,,6,3,262,5,,,9,1053,0
6038,,,6,2,293,4,,,4,1764,1
6039,,,7,1,255,5,,,10,1238,1
6040,,,6,1,242,5,,,5,1555,0
6041,,,6,3,264,4,,,6,1622,1
6042,,,6,4,253,4,,,7,1485,0
6043,,,5,5,271,5,,,4,1667,0
6044,,,6,2,250,4,,,3,1777,1
6045,,,4,3,266,5,,,5,1590,0
6046,,,6,2,286,4,,,4,1594,0
6047,,,5,2,275,5,,,9,1373,0
6048,,,6,3,295,5,,,4,1392,0
6049,,,5,1,269,6,,,8,1341,0
6050,,,4,1,239,5,,,1,1780,1
6051,,,6,4,271,4,,,8,1867,0
6052,,,6,5,165,6,,,6,1529,1
6053,,,7,2,302,5,,,5,1614,0
6054,,,6,2,293,6,,,10,1919,1
6055,,,4,4,202,3,,,3,5524,1
6056,,,2,3,185,3,,,7,4246,0
6057,,,4,4,210,2,,,8,5942,0
6058,,,3,5,186,2,,,8,5924,0
6059,,,3,4,163,3,,,7,5913,0
6060,,,3,4,168,3,,,5,5964,0
6061,,,4,3,199,3,,,8,4391,1
6062,,,3,5,271,2,,,7,4958,0
6063,,,3,4,164,3,,,4,4796,0
6064,,,4,1,231,2,,,3,4696,0
6065,,,3,1,196,2,,,10,4141,1
6066,,,4,2,218,3,,,2,4949,0
6067,,,5,1,267,4,,,5,4440,1
6068,,,4,4,163,3,,,5,4440,0
6069,,,4,1,224,4,,,5,4887,0
6070,,,3,4,156,2,,,10,5107,1
6071,,,5,5,175,6,,,2,4883,1
6072,,,3,4,257,5,,,5,5365,0
6073,,,4,4,259,3,,,3,4509,0
6074,,,3,3,112,4,,,7,5716,1
6075,,,4,3,145,4,,,2,5735,0
6076,,,3,1,230,3,,,3,4957,0
6077,,,3,4,188,4,,,6,5016,0
6078,,,3,2,132,4,,,3,4512,0
6079,,,4,1,239,4,,,2,5502,0
6080,,,2,5,167,3,,,8,4605,0
6081,,,3,1,133,3,,,7,4004,1
6082,,,4,2,270,2,,,9,5080,1
6083,,,4,3,229,2,,,7,5364,1
6084,,,5,1,261,4,,,6,4852,0
6085,,,2,1,192,3,,,9,4774,0
6086,,,4,5,217,3,,,6,4848,1
6087,,,4,3,246,2,,,6,4908,0
6088,,,5,5,208,2,,,8,5321,0
6089,,,5,1,148,3,,,5,5790,0
6090,,,4,1,132,6,,,8,4902,1
6091,,,4,2,249,3,,,6,5051,1
6092,,,3,3,225,4,,,9,5468,1
6093,,,5,1,279,4,,,3,4607,0
6094,,,4,2,183,2,,,8,4921,0
6095,,,4,4,215,2,,,6,5238,0
6096,,,6,4,195,5,,,10,4225,0
6097,,,4,2,156,2,,,5,4467,1
6098,,,3,5,160,3,,,8,4106,0
6099,,,5,5,153,5,,,10,5297,0
6100,,,3,4,215,3,,,5,4670,1
6101,,,4,3,163,3,,,7,4556,0
6102,,,4,2,195,3,,,8,5198,0
6103,,,4,3,170,2,,,3,4587,1
6104,,,3,3,133,3,,,5,5937,0
6105,,,5,2,171,6,,,5,5981,1
6106,,,3,5,186,3,,,7,4764,0
6107,,,4,2,246,3,,,5,5960,0
6108,,,3,3,170,3,,,7,5427,1
6109,,,2,5,189,2,,,9,5245,0
6110,,,4,5,216,2,,,8,5767,1
6111,,,4,2,264,3,,,10,5137,1
6112,,,5,4,268,3,,,3,5320,1
6113,,,4,1,225,2,,,10,4577,1
6114,,,4,2,252,2,,,4,5233,1
6115,,,3,2,204,3,,,8,4586,1
6116,,,5,1,193,2,,,1,4450,0
6117,,,5,3,220,3,,,9,5324,0
6118,,,6,4,271,3,,,7,5192,1
6119,,,2,2,227,4,,,6,4104,1
6120,,,4,1,206,5,,,7,5941,1
6121,,,4,2,142,3,,,3,4644,0
6122,,,5,5,236,2,,,2,5210,0
6123,,,5,4,275,2,,,10,5395,1
6124,,,3,5,144,2,,,2,4629,1
6125,,,4,5,194,3,,,3,5168,1
6126,,,3,2,260,3,,,9,4591,1
6127,,,3,4,240,3,,,8,4410,0
6128,,,3,2,136,3,,,2,5739,0
6129,,,3,3,132,2,,,1,4687,0
6130,,,4,2,266,3,,,7,5121,0
6131,,,4,1,263,3,,,5,4782,0
6132,,,5,5,270,3,,,9,5807,1
6133,,,3,3,208,5,,,10,4258,0
6134,,,5,5,206,3,,,1,5520,0
6135,,,3,3,159,3,,,3,5230,1
6136,,,4,3,162,3,,,4,5913,1
6137,,,3,2,177,2,,,4,4417,0
6138,,,3,3,168,4,,,4,4096,1
6139,,,3,1,267,4,,,4,4914,1
6140,,,4,5,222,3,,,7,5844,0
6141,,,3,2,234,3,,,10,4781,0
6142,,,3,1,133,3,,,9,5724,0
6143,,,4,4,207,3,,,10,4533,0
6144,,,4,3,243,4,,,9,4811,0
6145,,,5,5,161,3,,,1,4470,1
6146,,,3,5,193,3,,,6,5302,0
6147,,,4,5,234,4,,,9,5769,0
6148,,,2,1,185,6,,,7,4138,1
6149,,,4,5,242,2,,,5,4806,0
6150,,,4,5,252,2,,,6,4147,1
6151,,,4,3,179,3,,,3,5495,1
6152,,,4,3,158,3,,,5,5602,0
6153,,,3,1,226,3,,,8,4002,0
6154,,,5,4,269,2,,,2,5962,0
6155,,,3,5,148,3,,,7,5685,0
6156,,,4,5,159,2,,,3,5704,0
6157,,,3,4,273,4,,,4,5361,0
6158,,,3,4,233,3,,,5,5306,0
6159,,,4,5,182,3,,,2,4473,0
6160,,,3,4,153,2,,,5,4023,1
6161,,,4,5,210,2,,,5,5683,0
6162,,,4,1,241,3,,,6,4558,0
6163,,,3,2,220,3,,,8,5032,1
6164,,,5,4,211,3,,,7,4856,0
6165,,,3,5,151,3,,,1,4088,0
6166,,,5,5,267,3,,,9,4775,1
6167,,,4,3,250,2,,,4,4808,1
6168,,,4,3,181,3,,,5,5398,1
6169,,,5,2,197,4,,,4,4339,1
6170,,,3,4,172,2,,,5,4647,0
6171,,,4,1,219,3,,,3,5223,1
6172,,,5,5,189,3,,,7,5717,0
6173,,,5,1,225,3,,,8,4539,0
6174,,,5,3,269,5,,,8,5833,1
6175,,,5,4,157,3,,,7,4199,1
6176,,,3,5,189,3,,,5,5422,0
6177,,,3,1,226,2,,,6,4946,1
6178,,,2,1,220,2,,,6,4382,1
6179,,,6,3,275,6,,,4,4875,0
6180,,,3,4,171,3,,,5,4310,1
6181,,,4,3,235,3,,,4,5289,1
6182,,,3,4,201,3,,,7,4887,1
6183,,,5,5,269,3,,,5,5673,1
6184,,,5,3,182,2,,,4,5579,0
6185,,,5,5,266,5,,,9,4500,0
6186,,,3,5,157,2,,,4,5991,0
6187,,,4,1,258,4,,,1,5476,0
6188,,,4,2,280,4,,,9,5288,1
6189,,,4,4,154,3,,,7,4106,1
6190,,,4,4,274,2,,,3,4257,0
6191,,,4,5,180,2,,,1,4332,0
6192,,,3,5,146,3,,,7,4126,0
6193,,,3,4,236,3,,,1,5851,0
6194,,,4,4,133,4,,,10,5296,0
6195,,,5,2,173,4,,,9,4307,0
6196,,,4,3,210,3,,,9,5556,0
6197,,,3,4,238,2,,,1,4991,1
6198,,,4,2,268,4,,,3,5275,0
6199,,,3,5,175,3,,,8,5471,1
6200,,,5,2,280,4,,,8,4539,1
6201,,,4,1,153,2,,,1,4027,0
6202,,,4,4,251,2,,,6,4376,0
6203,,,4,2,252,3,,,8,4262,1
6204,,,4,5,201,8,,,4,5472,1
6205,,,5,4,216,4,,,8,5878,1
6206,,,3,2,126,10,,,3,4073,1
6207,,,3,2,177,4,,,3,4199,1
6208,,,5,3,145,3,,,1,5783,1
6209,,,5,3,258,2,,,10,5371,1
6210,,,4,3,273,10,,,6,4251,1
6211,,,4,1,245,3,,,5,4523,0
6212,,,5,4,241,2,,,7,4413,0
6213,,,4,1,208,3,,,6,5345,1
6214,,,6,5,282,4,,,1,1193,1
6215,,,6,5,295,4,,,1,1159,0
6216,,,6,5,255,4,,,9,1113,0
6217,,,6,3,292,4,,,8,1434,0
6218,,,6,4,244,4,,,1,1130,1
6219,,,6,4,306,4,,,8,1691,1
6220,,,6,5,258,4,,,5,1966,1
6221,,,4,1,265,6,,,2,1629,1
6222,,,5,1,227,5,,,6,1667,0
6223,,,7,1,276,4,,,9,1519,1
6224,,,6,5,244,4,,,2,1980,0
6225,,,4,2,217,6,,,3,1732,1
6226,,,2,5,211,3,,,3,1368,0
6227,,,4,4,227,5,,,8,1982,1
6228,,,5,1,249,4,,,5,1027,1
6229,,,6,2,269,4,,,6,1073,0
6230,,,6,3,278,4,,,4,1716,0
6231,,,6,5,282,4,,,4,1013,0
6232,,,6,1,300,4,,,2,1790,1
6233,,,3,3,146,3,,,4,5384,0
6234,,,3,4,236,3,,,5,5466,0
6235,,,4,4,133,4,,,7,5973,1
6236,,,5,4,173,4,,,8,5284,1
6237,,,4,2,210,3,,,9,4163,0
6238,,,3,3,238,2,,,4,4206,0
6239,,,4,4,268,4,,,5,5647,0
6240,,,3,4,175,3,,,10,4771,1
6241,,,5,4,280,4,,,10,5156,0
6242,,,4,5,153,2,,,1,4492,0
6243,,,4,5,251,2,,,8,5232,0
6244,,,4,2,252,3,,,2,5769,0
6245,,,4,2,201,8,,,9,5146,0
6246,,,5,5,216,4,,,1,4092,1
6247,,,3,3,126,10,,,10,4128,0
6248,,,3,1,177,4,,,6,5037,1
6249,,,5,2,145,3,,,2,4836,0
6250,,,5,4,258,2,,,8,4200,0
6251,,,4,3,273,10,,,8,4896,0
6252,,,4,1,245,3,,,2,5835,1
6253,,,5,2,241,2,,,6,4741,0
6254,,,4,1,208,3,,,4,4530,1
6255,,,6,1,282,4,,,1,1434,0
6256,,,6,5,295,4,,,5,1963,1
6257,,,6,4,255,4,,,7,1869,1
6258,,,6,2,292,4,,,2,1565,0
6259,,,6,1,244,4,,,5,1867,0
6260,,,6,3,306,4,,,10,1372,1
6261,,,6,5,258,4,,,5,1558,0
6262,,,4,1,265,6,,,9,1753,1
6263,,,5,2,227,5,,,3,1242,1
6264,,,7,2,276,4,,,9,1022,1
6265,,,6,4,244,4,,,1,1179,1
6266,,,4,4,217,6,,,9,1974,0
6267,,,2,1,211,3,,,6,1760,1
6268,,,4,5,227,5,,,2,1804,1
6269,,,5,5,249,4,,,2,1727,1
6270,,,7,4,302,5,,,7,1503,1
6271,,,6,4,293,6,,,7,1117,1
6272,,,5,5,232,3,,,4,1716,1
6273,,,6,5,279,4,,,7,1447,0
6274,,,6,5,251,4,,,8,1038,0
6275,,,6,5,300,5,,,1,1188,0
6276,,,7,5,133,5,,,3,1544,1
6277,,,6,5,283,4,,,2,1136,1
6278,,,7,5,296,4,,,8,1686,1
6279,,,6,3,261,4,,,8,1397,1
6280,,,6,1,286,4,,,3,1747,1
6281,,,6,3,298,4,,,1,1657,0
6282,,,6,4,287,4,,,9,1936,1
6283,,,6,2,251,4,,,9,1322,1
6284,,,5,1,231,5,,,10,1418,0
6285,,,5,2,249,5,,,6,1298,0
6286,,,5,3,244,5,,,3,1174,0
6287,,,7,2,264,4,,,6,1688,0
6288,,,5,2,254,5,,,6,1002,0
6289,,,4,5,264,6,,,6,1637,0
6290,,,6,5,309,4,,,6,1463,1
6291,,,5,5,298,4,,,8,1631,0
6292,,,5,5,265,5,,,8,1867,0
6293,,,6,1,246,4,,,4,1504,1
6294,,,5,2,222,5,,,1,1672,0
6295,,,7,5,250,4,,,2,1296,0
6296,,,4,3,240,5,,,5,1301,0
6297,,,4,3,246,6,,,10,1176,0
6298,,,6,1,293,5,,,7,1052,0
6299,,,6,5,253,4,,,1,1977,0
6300,,,5,5,258,5,,,7,1819,0
6301,,,6,4,258,4,,,2,1051,1
6302,,,5,3,245,5,,,3,1851,0
6303,,,7,2,307,4,,,2,1073,0
6304,,,6,5,301,4,,,3,1958,0
6305,,,6,5,252,4,,,2,1249,0
6306,,,5,1,272,6,,,2,1681,1
6307,,,5,3,221,5,,,2,1630,1
6308,,,5,3,247,5,,,10,1699,1
6309,,,7,5,260,4,,,3,1930,1
6310,,,5,5,251,6,,,4,1077,0
6311,,,5,2,227,5,,,9,1917,0
6312,,,6,5,269,4,,,9,1826,0
6313,,,6,2,161,4,,,10,1683,0
6314,,,4,4,256,5,,,9,1622,1
6315,,,5,1,303,5,,,9,1203,0
6316,,,5,3,257,5,,,7,1565,1
6317,,,7,3,310,4,,,8,1497,0
6318,,,5,3,238,5,,,2,1150,1
6319,,,6,3,191,6,,,2,4471,0
6320,,,4,3,252,3,,,7,4852,0
6321,,,5,5,228,3,,,8,4731,1
6322,,,4,3,208,2,,,4,4767,1
6323,,,3,3,176,3,,,1,5168,0
6324,,,3,1,233,3,,,7,4874,0
6325,,,5,5,104,4,,,2,5235,0
6326,,,3,4,237,3,,,1,5980,0
6327,,,2,5,252,3,,,7,5281,0
6328,,,5,2,135,3,,,9,5173,0
6329,,,5,5,137,2,,,8,5111,1
6330,,,4,3,228,3,,,1,5129,1
6331,,,4,3,236,4,,,1,5783,1
6332,,,3,4,239,4,,,8,4537,0
6333,,,2,2,199,3,,,1,4697,1
6334,,,3,4,269,2,,,2,4177,0
6335,,,2,2,226,3,,,5,5875,0
6336,,,3,1,264,3,,,5,5043,0
6337,,,5,4,264,3,,,10,4025,1
6338,,,4,3,186,3,,,2,4437,1
6339,,,3,5,154,3,,,2,4219,0
6340,,,3,1,239,2,,,2,5757,1
6341,,,3,5,139,2,,,7,4449,1
6342,,,5,4,138,2,,,8,5885,1
6343,,,3,1,286,4,,,4,5106,0
6344,,,4,3,275,5,,,2,4622,1
6345,,,4,5,195,2,,,2,4008,1
6346,,,3,4,267,3,,,8,5337,1
6347,,,4,3,223,3,,,7,5935,0
6348,,,4,4,198,2,,,6,5520,0
6349,,,6,5,250,2,,,7,4724,0
6350,,,3,3,237,4,,,8,5761,0
6351,,,5,4,193,3,,,4,5873,0
6352,,,5,2,216,4,,,9,5804,0
6353,,,3,2,253,2,,,2,4567,0
6354,,,3,1,132,3,,,2,4785,0
6355,,,5,4,140,4,,,3,4018,0
6356,,,2,4,114,4,,,9,4452,1
6357,,,3,5,238,6,,,8,5620,0
6358,,,3,1,210,2,,,9,5932,0
6359,,,4,4,272,4,,,4,4363,1
6360,,,4,5,184,3,,,9,5594,0
6361,,,4,1,168,2,,,3,4665,1
6362,,,4,2,231,5,,,7,4718,0
6363,,,4,1,143,2,,,5,4057,0
6364,,,4,2,182,3,,,9,5735,0
6365,,,2,4,221,3,,,3,4076,0
6366,,,6,1,225,6,,,8,5714,1
6367,,,3,5,227,3,,,9,4892,1
6368,,,3,1,266,3,,,5,5154,0
6369,,,4,2,247,4,,,9,4588,1
6370,,,3,2,154,3,,,1,5322,1
6371,,,5,3,179,3,,,3,4131,0
6372,,,3,3,249,2,,,9,4034,1
6373,,,3,5,156,4,,,5,4661,1
6374,,,3,5,206,3,,,6,4620,1
6375,,,4,1,245,3,,,5,4173,0
6376,,,4,5,197,2,,,3,4379,1
6377,,,3,4,188,4,,,5,5216,1
6378,,,3,3,237,2,,,2,4263,1
6379,,,4,4,174,2,,,2,5892,0
6380,,,5,3,266,3,,,4,4969,1
6381,,,3,3,151,3,,,7,4611,0
6382,,,4,3,271,2,,,9,4967,1
6383,,,4,1,214,2,,,10,4447,0
6384,,,6,5,261,5,,,1,5442,0
6385,,,3,1,166,2,,,6,5905,1
6386,,,3,4,269,2,,,8,5294,1
6387,,,3,2,167,3,,,5,5995,1
6388,,,4,1,200,2,,,5,5249,0
6389,,,4,4,159,3,,,1,4194,1
6390,,,4,2,197,2,,,1,4977,0
6391,,,4,5,219,2,,,4,4069,1
6392,,,3,2,239,3,,,10,4486,0
6393,,,3,1,146,2,,,8,5375,0
6394,,,5,1,173,2,,,4,4242,1
6395,,,4,3,220,3,,,6,4894,1
6396,,,3,5,185,3,,,5,4317,1
6397,,,4,2,170,2,,,5,4996,1
6398,,,4,3,250,3,,,4,5272,1
6399,,,3,4,145,3,,,7,4079,1
6400,,,3,2,211,4,,,1,5831,1
6401,,,5,5,249,3,,,1,4274,0
6402,,,3,3,237,2,,,8,5516,0
6403,,,4,5,144,2,,,8,5478,0
6404,,,4,4,171,3,,,6,4343,1
6405,,,3,1,203,3,,,4,4965,0
6406,,,5,1,137,4,,,1,4042,0
6407,,,4,2,212,3,,,3,5427,1
6408,,,3,3,209,3,,,2,4036,1
6409,,,3,4,223,3,,,7,5336,1
6410,,,3,2,164,2,,,7,4150,0
6411,,,3,3,220,3,,,6,5269,1
6412,,,3,4,216,3,,,3,5651,0
6413,,,3,2,215,2,,,7,5988,1
6414,,,4,2,146,3,,,4,5659,0
6415,,,5,2,168,2,,,10,5225,1
6416,,,4,4,218,6,,,8,5101,1
6417,,,4,3,143,4,,,2,4919,0
6418,,,3,1,233,3,,,7,5331,0
6419,,,4,1,195,3,,,2,4418,0
6420,,,4,2,206,2,,,5,4635,0
6421,,,4,5,181,3,,,1,5310,0
6422,,,4,2,150,4,,,1,5922,1
6423,,,3,5,258,4,,,3,4212,1
6424,,,4,3,149,4,,,1,4678,0
6425,,,5,1,163,3,,,4,4200,0
6426,,,3,3,259,2,,,8,4481,0
6427,,,5,1,187,2,,,7,4792,0
6428,,,3,5,172,3,,,1,5024,1
6429,,,3,5,139,2,,,2,5839,0
6430,,,5,1,203,3,,,2,4162,1
6431,,,3,3,150,4,,,1,4662,0
6432,,,3,1,201,6,,,10,5077,1
6433,,,3,4,194,2,,,7,5553,0
6434,,,3,4,159,3,,,4,4756,1
6435,,,4,2,238,2,,,9,4937,0
6436,,,3,5,189,2,,,8,4567,0
6437,,,2,1,173,2,,,1,4135,1
6438,,,4,1,171,4,,,2,5082,0
6439,,,5,3,154,2,,,3,5440,1
6440,,,4,1,173,3,,,4,4634,0
6441,,,3,4,186,6,,,8,4134,0
6442,,,4,1,224,3,,,9,5546,1
6443,,,4,3,186,3,,,9,5131,1
6444,,,4,4,196,3,,,5,5514,0
6445,,,2,2,149,3,,,4,4819,1
6446,,,4,3,224,2,,,8,5961,1
6447,,,3,1,154,2,,,10,5594,1
6448,,,3,3,170,4,,,3,4049,0
6449,,,3,4,150,2,,,6,5987,0
6450,,,5,2,240,3,,,7,4744,1
6451,,,3,3,139,2,,,4,5958,1
6452,,,3,3,251,3,,,2,5972,0
6453,,,4,4,237,3,,,4,4747,1
6454,,,3,2,227,3,,,4,4450,0
6455,,,5,5,131,5,,,1,5299,1
6456,,,5,2,161,3,,,8,5804,1
6457,,,3,5,195,3,,,9,4224,0
6458,,,2,3,266,2,,,1,5356,0
6459,,,3,2,198,2,,,9,4250,1
6460,,,4,3,200,4,,,10,4291,1
6461,,,6,1,196,4,,,2,5844,0
6462,,,2,1,285,5,,,4,5759,0
6463,,,4,2,265,2,,,2,5649,0
6464,,,3,2,131,5,,,8,5084,0
6465,,,5,4,216,3,,,2,5404,1
6466,,,4,1,253,4,,,1,5621,0
6467,,,5,3,230,4,,,4,5278,1
6468,,,4,1,173,4,,,1,4684,0
6469,,,3,5,206,2,,,4,4080,0
6470,,,5,3,189,5,,,7,4869,0
6471,,,3,5,270,3,,,1,4078,1
6472,,,4,4,266,3,,,3,5531,1
6473,,,3,5,270,3,,,7,5477,1
6474,,,3,4,216,8,,,8,4616,0
6475,,,3,1,147,8,,,6,4575,0
6476,,,3,2,270,6,,,10,4725,1
6477,,,3,2,261,8,,,3,5171,0
6478,,,3,3,261,8,,,3,4007,1
6479,,,4,2,177,6,,,3,4392,1
6480,,,4,4,142,10,,,7,4624,0
6481,,,5,4,222,3,,,10,4663,0
6482,,,4,4,186,7,,,9,5418,0
6483,,,3,2,177,3,,,8,5006,1
6484,,,4,1,251,4,,,3,4433,0
6485,,,3,5,240,7,,,9,5525,1
6486,,,3,4,260,4,,,10,5425,0
6487,,,4,2,206,7,,,3,4991,0
6488,,,4,3,242,2,,,3,4811,1
6489,,,3,1,194,3,,,1,5566,0
6490,,,5,1,232,3,,,10,1014,1
6491,,,6,2,279,4,,,10,1990,1
6492,,,6,4,251,4,,,10,1568,1
6493,,,6,1,300,5,,,10,1787,0
6494,,,7,3,133,5,,,4,1783,1
6495,,,6,1,283,4,,,8,1404,0
6496,,,7,4,296,4,,,8,1717,1
6497,,,6,2,261,4,,,8,1891,0
6498,,,6,2,286,4,,,3,1959,0
6499,,,6,1,298,4,,,1,1735,1
6500,,,6,1,287,4,,,1,1581,0
6501,,,6,5,251,4,,,3,1660,0
6502,,,5,2,231,5,,,4,1913,1
6503,,,5,1,249,5,,,10,1561,0
6504,,,5,2,244,5,,,10,1699,0
6505,,,7,1,264,4,,,9,1829,1
6506,,,5,1,254,5,,,10,1020,0
6507,,,4,4,264,6,,,6,1758,0
6508,,,6,4,309,4,,,9,1771,1
6509,,,5,1,298,4,,,4,1853,0
6510,,,5,5,265,5,,,1,1568,0
6511,,,6,2,246,4,,,7,1071,0
6512,,,5,2,222,5,,,5,1329,0
6513,,,7,5,250,4,,,1,1690,1
6514,,,4,2,240,5,,,7,1711,1
6515,,,4,1,246,6,,,6,1335,1
6516,,,6,2,293,5,,,4,1281,0
6517,,,5,5,189,5,,,3,5254,1
6518,,,3,5,270,3,,,7,4459,1
6519,,,4,4,266,3,,,10,5221,0
6520,,,3,2,270,3,,,9,5873,1
6521,,,3,3,216,8,,,4,5329,1
6522,,,3,3,147,8,,,7,5822,0
6523,,,3,5,270,6,,,9,4195,0
6524,,,3,3,261,8,,,10,4145,0
6525,,,3,1,261,8,,,9,5248,1
6526,,,4,4,177,6,,,6,5451,1
6527,,,4,2,142,10,,,9,4280,1
6528,,,5,3,222,3,,,10,4597,0
6529,,,4,5,186,7,,,1,4357,0
6530,,,3,3,177,3,,,10,5374,1
6531,,,4,4,251,4,,,1,4252,0
6532,,,3,3,240,7,,,3,4385,0
6533,,,3,5,260,4,,,8,4162,1
6534,,,4,2,206,7,,,7,5479,1
6535,,,4,5,242,2,,,4,5341,0
6536,,,3,2,194,3,,,3,5779,1
6537,,,5,2,232,3,,,1,1187,1
6538,,,6,4,279,4,,,1,1246,1
6539,,,6,3,251,4,,,1,1230,1
6540,,,6,2,300,5,,,3,1696,0
6541,,,7,5,133,5,,,7,1239,1
6542,,,6,4,283,4,,,10,1512,0
6543,,,7,5,296,4,,,2,1823,1
6544,,,6,1,261,4,,,8,1524,0
6545,,,6,3,286,4,,,5,1750,1
6546,,,6,5,298,4,,,3,1520,0
6547,,,6,3,287,4,,,8,1850,1
6548,,,6,2,251,4,,,6,1864,0
6549,,,5,4,231,5,,,10,1247,0
6550,,,5,1,249,5,,,1,1654,1
6551,,,5,5,244,5,,,5,1787,0
6552,,,7,3,264,4,,,3,1296,0
6553,,,5,4,254,5,,,7,1545,0
6554,,,4,1,264,6,,,7,1007,0
6555,,,6,2,309,4,,,6,1335,0
6556,,,5,1,298,4,,,4,1551,0
6557,,,5,3,265,5,,,6,1929,0
6558,,,6,2,246,4,,,7,1297,1
6559,,,5,5,222,5,,,4,1311,0
6560,,,7,1,250,4,,,9,1890,1
6561,,,6,5,269,4,,,2,1243,0
6562,,,6,2,161,4,,,9,1377,0
6563,,,4,3,256,5,,,5,1533,1
6564,,,5,1,303,5,,,4,1009,0
6565,,,5,3,257,5,,,3,1953,0
6566,,,5,2,259,5,,,3,1724,1
6567,,,4,4,249,6,,,1,1398,1
6568,,,6,2,289,4,,,3,1116,0
6569,,,6,2,308,5,,,6,1118,0
6570,,,6,3,297,4,,,2,1520,1
6571,,,4,2,255,5,,,1,1353,1
6572,,,6,4,266,4,,,9,1253,1
6573,,,7,5,302,4,,,3,1597,1
6574,,,4,4,223,5,,,4,1344,0
6575,,,6,1,261,4,,,6,1703,1
6576,,,4,1,273,5,,,7,1922,0
6577,,,6,5,260,4,,,2,1221,0
6578,,,5,1,266,5,,,9,1852,0
6579,,,2,1,164,5,,,8,1886,0
6580,,,5,5,240,6,,,9,1117,0
6581,,,6,5,305,4,,,10,1418,1
6582,,,5,3,248,5,,,7,1475,1
6583,,,7,2,279,4,,,1,1480,0
6584,,,5,2,244,6,,,7,1315,0
6585,,,5,1,267,5,,,4,1097,0
6586,,,7,2,275,4,,,6,1513,0
6587,,,6,4,299,4,,,9,1036,1
6588,,,6,1,254,4,,,3,1488,1
6589,,,6,1,273,4,,,6,1524,0
6590,,,5,3,218,5,,,6,1278,1
6591,,,5,4,267,5,,,10,1837,1
6592,,,6,2,259,4,,,6,1066,1
6593,,,7,4,272,4,,,3,1805,0
6594,,,5,4,281,4,,,8,1220,0
6595,,,6,2,267,4,,,1,1935,0
6596,,,6,4,260,4,,,10,1927,0
6597,,,7,2,261,4,,,9,1918,1
6598,,,4,1,219,2,,,2,1752,0
6599,,,4,3,264,5,,,3,1639,0
6600,,,7,3,310,5,,,5,1563,0
6601,,,6,4,297,5,,,6,1631,0
6602,,,4,3,274,5,,,5,1512,0
6603,,,5,5,246,5,,,6,1053,0
6604,,,5,3,221,6,,,3,1960,1
6605,,,6,3,295,4,,,10,1495,0
6606,,,7,4,259,4,,,6,1697,0
6607,,,4,4,138,3,,,7,1597,1
6608,,,3,5,250,2,,,9,1205,0
6609,,,5,1,236,6,,,4,1705,0
6610,,,5,1,267,5,,,10,1505,0
6611,,,6,4,283,4,,,1,1384,1
6612,,,7,1,244,4,,,8,1817,1
6613,,,5,2,260,5,,,9,1809,1
6614,,,5,1,276,5,,,5,1358,1
6615,,,7,3,307,4,,,4,1653,0
6616,,,6,5,266,4,,,8,1709,0
6617,,,5,2,237,5,,,6,1084,0
6618,,,4,4,251,6,,,4,1869,0
6619,,,4,1,247,6,,,4,1349,1
6620,,,3,3,279,4,,,3,4620,0
6621,,,5,5,230,3,,,10,5163,0
6622,,,4,5,234,3,,,4,5100,1
6623,,,6,5,152,4,,,8,5351,0
6624,,,3,4,160,4,,,9,4733,1
6625,,,3,2,263,3,,,3,5303,0
6626,,,4,1,164,3,,,4,5910,0
6627,,,3,3,209,2,,,1,5098,1
6628,,,5,1,245,3,,,9,4694,0
6629,,,3,4,172,2,,,5,5919,0
6630,,,2,5,180,6,,,7,4907,1
6631,,,3,3,145,3,,,8,4522,0
6632,,,3,4,248,3,,,6,4932,0
6633,,,5,4,242,3,,,4,4805,0
6634,,,4,3,237,3,,,8,5045,1
6635,,,4,4,203,2,,,4,4793,0
6636,,,3,4,186,4,,,6,4403,0
6637,,,4,1,155,5,,,1,5986,0
6638,,,3,4,153,4,,,5,5604,1
6639,,,3,2,199,2,,,10,4659,0
6640,,,4,5,219,3,,,8,4605,0
6641,,,4,1,156,2,,,8,5488,0
6642,,,5,5,135,2,,,1,4324,1
6643,,,3,4,244,3,,,2,5389,0
6644,,,5,1,183,3,,,10,5023,0
6645,,,4,3,258,2,,,3,4555,0
6646,,,6,2,168,2,,,3,5853,0
6647,,,5,1,161,2,,,10,4108,1
6648,,,4,2,246,2,,,2,4497,1
6649,,,3,3,232,4,,,3,5828,0
6650,,,3,3,155,2,,,5,5577,0
6651,,,5,5,162,2,,,6,5868,0
6652,,,4,3,123,4,,,6,4166,0
6653,,,3,4,235,2,,,10,4575,0
6654,,,5,1,179,2,,,3,5417,0
6655,,,3,5,202,2,,,3,5746,1
6656,,,4,5,272,2,,,1,5378,0
6657,,,4,2,185,3,,,1,5338,0
6658,,,3,3,188,2,,,2,4336,0
6659,,,3,2,250,4,,,3,5449,1
6660,,,5,3,224,4,,,7,4553,0
6661,,,4,1,261,3,,,10,5943,0
6662,,,3,1,200,2,,,8,4337,0
6663,,,4,1,200,4,,,3,5837,0
6664,,,2,1,143,3,,,4,4512,0
6665,,,3,4,199,3,,,7,5089,0
6666,,,4,5,157,3,,,2,5791,1
6667,,,3,2,225,3,,,5,4304,1
6668,,,3,3,152,2,,,3,4193,1
6669,,,4,4,236,2,,,6,5101,1
6670,,,3,1,266,5,,,1,5459,0
6671,,,3,2,243,4,,,4,4410,1
6672,,,4,5,224,6,,,5,5659,1
6673,,,3,5,153,4,,,10,5897,0
6674,,,4,2,232,3,,,7,5737,1
6675,,,3,3,253,3,,,5,4754,1
6676,,,3,3,150,3,,,5,5328,0
6677,,,4,3,198,2,,,5,5724,1
6678,,,4,4,231,3,,,9,4305,1
6679,,,3,5,135,2,,,9,5614,1
6680,,,5,4,153,3,,,5,4711,1
6681,,,4,2,201,2,,,3,4869,1
6682,,,4,4,273,2,,,6,5676,1
6683,,,5,4,245,3,,,4,4298,0
6684,,,4,4,157,2,,,9,4491,1
6685,,,4,3,150,2,,,8,4965,1
6686,,,3,3,243,2,,,3,4675,1
6687,,,4,5,105,5,,,4,5824,1
6688,,,5,4,221,5,,,6,5059,0
6689,,,3,1,236,6,,,10,4858,0
6690,,,4,4,263,3,,,5,4193,0
6691,,,3,3,213,2,,,10,5495,0
6692,,,6,1,259,3,,,3,5683,0
6693,,,4,2,190,3,,,7,4766,0
6694,,,3,5,213,4,,,9,5550,1
6695,,,5,3,261,4,,,5,4623,1
6696,,,3,5,254,3,,,5,4946,0
6697,,,3,4,151,4,,,1,4587,1
6698,,,5,1,187,4,,,9,5657,1
6699,,,4,5,139,2,,,1,4606,0
6700,,,5,2,173,2,,,10,4741,0
6701,,,3,3,136,3,,,10,5175,0
6702,,,4,1,272,4,,,1,5597,0
6703,,,6,4,116,3,,,6,4649,0
6704,,,4,2,181,3,,,10,4212,1
6705,,,5,3,230,3,,,4,4914,1
6706,,,2,5,127,3,,,3,5964,0
6707,,,3,1,182,3,,,2,5760,0
6708,,,3,1,186,2,,,7,4556,0
6709,,,5,1,271,4,,,3,4610,1
6710,,,5,3,171,2,,,1,5385,1
6711,,,4,3,238,2,,,2,5328,0
6712,,,4,4,184,3,,,8,4453,1
6713,,,5,2,214,2,,,8,4767,0
6714,,,4,4,279,6,,,5,4898,1
6715,,,3,2,168,4,,,1,4184,1
6716,,,6,4,221,5,,,8,4511,1
6717,,,3,5,260,3,,,7,5379,1
6718,,,4,3,204,3,,,2,5010,0
6719,,,4,2,142,3,,,6,4918,0
6720,,,4,3,178,3,,,3,5669,0
6721,,,2,1,203,3,,,6,4234,0
6722,,,4,2,180,4,,,9,4329,0
6723,,,4,4,193,3,,,3,4596,0
6724,,,5,4,99,2,,,4,4259,0
6725,,,3,1,250,3,,,1,4347,0
6726,,,4,1,152,3,,,3,4250,1
6727,,,4,1,265,2,,,10,5418,1
6728,,,2,3,226,2,,,2,4566,0
6729,,,3,3,234,3,,,3,4405,0
6730,,,4,3,225,2,,,4,4732,0
6731,,,3,5,161,2,,,9,4623,0
6732,,,5,2,246,3,,,10,5110,0
6733,,,4,5,162,3,,,10,4850,1
6734,,,4,4,135,3,,,2,5016,0
6735,,,4,3,201,2,,,10,4875,0
6736,,,6,4,235,6,,,1,5533,1
6737,,,5,2,214,2,,,10,5192,0
6738,,,6,3,245,5,,,8,5678,1
6739,,,5,5,192,2,,,10,5564,0
6740,,,5,5,179,5,,,3,4333,1
6741,,,6,3,210,4,,,9,5440,0
6742,,,3,2,209,2,,,2,4635,0
6743,,,4,2,200,3,,,7,4323,0
6744,,,6,3,165,5,,,5,4871,0
6745,,,3,5,168,3,,,7,4296,0
6746,,,4,4,203,2,,,10,5192,0
6747,,,4,5,202,3,,,8,5416,0
6748,,,4,2,266,3,,,2,5252,1
6749,,,2,1,248,6,,,2,5182,0
6750,,,5,3,173,3,,,5,5395,0
6751,,,2,4,156,3,,,8,5668,1
6752,,,3,5,109,2,,,2,5978,1
6753,,,3,4,250,3,,,6,4830,1
6754,,,2,4,195,4,,,3,5641,1
6755,,,4,1,160,5,,,10,4018,1
6756,,,2,5,189,3,,,5,5320,0
6757,,,4,3,239,3,,,9,5897,1
6758,,,3,3,204,2,,,5,5399,0
6759,,,4,5,156,3,,,5,4610,0
6760,,,5,2,192,3,,,7,5695,1
6761,,,4,2,233,2,,,7,5546,1
6762,,,5,3,253,3,,,3,5944,1
6763,,,2,1,277,6,,,10,4165,0
6764,,,4,2,211,2,,,9,5883,1
6765,,,6,4,172,6,,,10,5554,1
6766,,,5,4,211,4,,,4,4498,1
6767,,,2,3,248,4,,,2,4521,0
6768,,,3,4,176,3,,,4,5623,0
6769,,,4,1,100,6,,,6,5841,0
6770,,,5,5,195,4,,,1,4393,1
6771,,,3,2,137,3,,,4,5617,0
6772,,,4,4,195,4,,,2,5464,0
6773,,,2,5,185,3,,,9,5810,0
6774,,,3,1,250,2,,,9,4753,0
6775,,,3,2,150,3,,,2,4660,1
6776,,,3,1,166,3,,,9,4251,0
6777,,,4,5,257,2,,,5,4127,0
6778,,,5,1,249,3,,,5,4392,0
6779,,,5,5,268,3,,,7,4480,1
6780,,,4,4,273,3,,,3,5749,1
6781,,,5,5,246,3,,,9,4107,0
6782,,,5,1,142,6,,,1,4843,1
6783,,,5,2,168,2,,,6,5464,1
6784,,,5,2,249,3,,,9,5978,1
6785,,,3,1,220,3,,,6,5319,0
6786,,,4,3,189,2,,,7,4765,0
6787,,,5,2,237,4,,,5,5623,1
6788,,,4,4,247,3,,,2,5324,1
6789,,,3,4,250,6,,,1,4543,1
6790,,,4,4,207,10,,,1,4602,0
6791,,,4,4,201,10,,,3,4202,0
6792,,,4,2,142,2,,,6,5326,0
6793,,,3,1,207,2,,,7,4639,0
6794,,,3,1,214,2,,,10,4310,0
6795,,,4,3,134,10,,,8,4337,0
6796,,,3,4,178,8,,,6,4146,0
6797,,,4,1,186,2,,,4,4686,1
6798,,,4,4,250,3,,,10,4505,0
6799,,,4,3,172,3,,,10,5434,0
6800,,,3,4,265,10,,,10,4049,0
6801,,,3,2,158,7,,,10,4244,1
6802,,,3,1,180,7,,,10,5536,0
6803,,,4,2,173,3,,,3,5364,0
6804,,,3,3,153,10,,,10,5772,0
6805,,,4,4,182,3,,,7,5197,0
6806,,,3,1,192,3,,,9,5004,0
6807,,,6,5,285,7,,,9,4112,0
6808,,,3,3,151,6,,,6,4279,0
6809,,,3,3,242,2,,,7,4501,0
6810,,,3,1,237,3,,,4,5860,0
6811,,,5,2,259,5,,,7,1032,0
6812,,,4,3,249,6,,,2,1046,1
6813,,,6,3,289,4,,,5,1708,0
6814,,,6,3,308,5,,,4,1118,0
6815,,,6,3,297,4,,,2,1954,0
6816,,,4,1,255,5,,,4,1005,0
6817,,,6,1,266,4,,,9,1287,0
6818,,,7,2,302,4,,,6,1632,0
6819,,,4,5,223,5,,,6,1579,1
6820,,,6,5,261,4,,,9,1266,1
6821,,,4,4,273,5,,,10,1316,0
6822,,,6,3,260,4,,,9,1131,1
6823,,,5,2,266,5,,,1,1504,1
6824,,,2,1,164,5,,,4,1708,0
6825,,,5,3,240,6,,,3,1321,0
6826,,,6,3,305,4,,,9,1479,1
6827,,,5,4,248,5,,,3,1471,1
6828,,,7,3,279,4,,,8,1060,0
6829,,,5,4,244,6,,,10,1978,1
6830,,,5,4,267,5,,,9,1017,0
6831,,,7,1,275,4,,,7,1754,0
6832,,,5,1,168,2,,,10,4240,0
6833,,,5,2,249,3,,,2,4696,0
6834,,,3,2,220,3,,,7,4555,1
6835,,,4,4,189,2,,,5,4553,0
6836,,,5,2,237,4,,,9,5922,0
6837,,,4,3,247,3,,,1,5214,0
6838,,,3,3,250,6,,,9,5322,1
6839,,,4,3,207,10,,,9,4179,0
6840,,,4,5,201,10,,,7,5340,0
6841,,,4,5,142,2,,,2,4472,0
6842,,,3,4,207,2,,,6,5852,1
6843,,,3,2,214,2,,,7,4938,0
6844,,,4,5,134,10,,,5,4244,0
6845,,,3,3,178,8,,,8,4774,1
6846,,,4,2,186,2,,,2,5604,1
6847,,,4,2,250,3,,,5,4488,1
6848,,,4,1,172,3,,,10,5106,1
6849,,,3,5,265,10,,,6,4380,0
6850,,,3,1,158,7,,,6,4166,0
6851,,,3,3,180,7,,,4,5068,1
6852,,,4,1,173,3,,,1,5749,0
6853,,,3,4,153,10,,,4,5456,1
6854,,,4,3,182,3,,,3,5624,0
6855,,,3,5,192,3,,,7,4056,1
6856,,,6,3,285,7,,,7,5030,1
6857,,,3,5,151,6,,,8,4692,1
6858,,,3,5,242,2,,,1,5803,1
6859,,,3,1,237,3,,,1,4476,1
6860,,,5,4,259,5,,,10,1177,0
6861,,,4,2,249,6,,,9,1673,1
6862,,,6,4,289,4,,,4,1822,0
6863,,,6,2,308,5,,,4,1303,0
6864,,,6,3,297,4,,,1,1080,0
6865,,,4,3,255,5,,,1,1192,0
6866,,,6,3,266,4,,,9,1876,0
6867,,,7,1,302,4,,,4,1647,0
6868,,,4,4,223,5,,,1,1124,1
6869,,,6,4,261,4,,,5,1794,1
6870,,,4,2,273,5,,,4,1223,1
6871,,,6,3,260,4,,,10,1140,0
6872,,,5,2,266,5,,,10,1274,1
6873,,,2,3,164,5,,,7,1243,0
6874,,,5,2,240,6,,,2,1852,1
6875,,,6,5,305,4,,,9,1072,0
6876,,,5,2,248,5,,,4,1284,1
6877,,,7,2,279,4,,,5,1210,0
6878,,,5,2,244,6,,,5,1702,1
6879,,,5,1,237,5,,,2,1429,1
6880,,,4,2,251,6,,,1,1154,1
6881,,,4,4,247,6,,,4,1044,0
6882,,,5,2,262,6,,,4,1532,1
6883,,,5,3,223,5,,,10,1170,1
6884,,,5,5,275,5,,,3,1145,0
6885,,,6,3,139,6,,,8,1284,1
6886,,,4,3,245,6,,,3,1155,0
6887,,,6,3,278,4,,,3,1033,0
6888,,,5,3,243,5,,,2,1776,1
6889,,,7,3,309,4,,,1,1290,1
6890,,,6,2,279,4,,,1,1150,1
6891,,,6,3,247,4,,,3,1903,0
6892,,,5,1,235,5,,,6,1059,1
6893,,,5,5,268,5,,,10,1906,0
6894,,,6,1,309,4,,,9,1305,0
6895,,,6,5,308,4,,,2,1125,1
6896,,,5,5,237,5,,,2,1593,1
6897,,,6,2,291,4,,,9,1241,1
6898,,,4,2,264,5,,,6,1736,1
6899,,,2,2,212,4,,,3,1284,1
6900,,,4,5,196,4,,,10,1694,1
6901,,,5,5,260,5,,,6,1860,0
6902,,,6,5,266,4,,,6,1201,0
6903,,,5,2,254,5,,,6,1491,1
6904,,,5,2,249,5,,,8,1018,1
6905,,,6,5,279,4,,,7,1300,0
6906,,,6,3,306,4,,,5,1261,1
6907,,,4,5,249,5,,,3,1530,1
6908,,,6,4,297,4,,,9,1249,1
6909,,,6,1,273,4,,,6,1561,0
6910,,,6,4,299,4,,,9,1817,0
6911,,,5,5,240,5,,,10,1574,1
6912,,,5,4,260,6,,,2,1765,0
6913,,,5,1,251,5,,,7,1924,1
6914,,,5,5,256,5,,,2,1693,1
6915,,,5,2,226,5,,,5,1659,0
6916,,,5,3,262,5,,,10,1197,1
6917,,,7,4,261,5,,,6,1334,0
6918,,,2,2,181,2,,,6,1324,1
6919,,,6,1,254,4,,,6,1928,1
6920,,,6,1,288,4,,,8,1806,1
6921,,,6,3,245,4,,,10,1798,0
6922,,,5,3,252,2,,,9,1809,0
6923,,,4,1,293,3,,,8,1326,1
6924,,,5,3,253,4,,,9,1729,0
6925,,,6,1,245,4,,,10,1606,0
6926,,,6,4,247,4,,,3,1946,0
6927,,,5,4,274,5,,,7,1371,1
6928,,,6,4,283,4,,,8,1480,0
6929,,,6,4,286,4,,,8,1690,1
6930,,,5,4,257,5,,,10,1695,1
6931,,,5,2,258,5,,,2,1232,1
6932,,,4,2,201,3,,,6,5616,1
6933,,,3,1,231,3,,,1,5392,1
6934,,,4,5,161,2,,,5,5133,1
6935,,,5,1,250,3,,,8,5845,0
6936,,,4,2,169,6,,,6,4179,0
6937,,,4,4,191,2,,,1,4318,1
6938,,,4,2,271,3,,,4,4186,1
6939,,,5,4,271,3,,,3,5218,1
6940,,,4,2,224,3,,,1,5821,0
6941,,,3,5,276,5,,,10,5302,1
6942,,,4,1,264,2,,,3,5258,0
6943,,,5,2,185,3,,,10,4354,0
6944,,,3,3,253,2,,,5,4112,1
6945,,,3,5,155,4,,,1,4432,1
6946,,,4,1,219,3,,,5,5632,0
6947,,,3,2,204,4,,,7,4768,0
6948,,,4,1,196,4,,,3,5496,0
6949,,,3,4,205,5,,,4,4483,0
6950,,,3,4,187,3,,,9,4725,1
6951,,,3,1,221,2,,,6,5267,0
6952,,,5,4,143,3,,,1,5165,1
6953,,,5,3,135,3,,,4,5858,0
6954,,,3,1,207,2,,,7,5596,0
6955,,,3,2,245,2,,,7,4692,0
6956,,,5,2,257,3,,,2,4677,1
6957,,,3,1,186,3,,,1,5694,1
6958,,,5,2,246,3,,,2,4054,1
6959,,,3,4,255,2,,,2,4504,0
6960,,,5,3,206,3,,,1,4645,0
6961,,,3,1,178,4,,,9,4298,0
6962,,,5,2,274,2,,,5,4154,0
6963,,,3,1,269,4,,,7,5107,0
6964,,,5,1,282,4,,,9,4766,0
6965,,,2,4,108,5,,,5,4874,1
6966,,,4,5,268,6,,,7,4709,0
6967,,,2,3,215,2,,,3,5052,1
6968,,,4,1,169,4,,,1,5323,0
6969,,,3,4,165,3,,,4,4482,0
6970,,,4,4,192,4,,,2,5856,1
6971,,,4,3,206,2,,,9,5076,1
6972,,,3,5,151,2,,,8,4408,1
6973,,,3,4,150,3,,,5,4950,0
6974,,,4,3,250,3,,,10,4316,0
6975,,,5,3,168,3,,,2,5986,1
6976,,,4,1,137,2,,,3,4657,0
6977,,,6,5,148,4,,,1,5216,1
6978,,,6,2,215,5,,,7,4057,0
6979,,,4,2,269,2,,,2,4013,1
6980,,,3,5,139,3,,,1,4060,1
6981,,,4,1,205,5,,,10,4944,0
6982,,,5,4,212,2,,,9,4925,0
6983,,,3,3,136,2,,,10,5749,0
6984,,,3,3,231,3,,,4,4088,0
6985,,,4,4,215,2,,,7,5151,1
6986,,,4,4,179,3,,,3,5624,0
6987,,,3,2,223,4,,,3,5374,0
6988,,,3,5,210,3,,,6,5566,0
6989,,,4,5,133,3,,,8,5653,1
6990,,,3,1,187,2,,,8,4292,1
6991,,,4,1,256,2,,,2,5630,0
6992,,,4,5,138,2,,,10,4788,0
6993,,,3,4,198,3,,,7,4020,0
6994,,,5,5,256,3,,,6,4145,1
6995,,,4,3,254,2,,,3,5546,0
6996,,,4,1,267,2,,,9,5230,1
6997,,,3,2,286,6,,,5,5588,0
6998,,,3,2,215,4,,,3,4042,0
6999,,,5,5,222,3,,,5,4949,0
7000,,,5,3,267,4,,,1,4837,1
7001,,,5,5,235,5,,,4,5908,1
7002,,,4,1,181,2,,,2,4154,0
7003,,,4,1,173,4,,,5,5530,1
7004,,,3,5,208,3,,,1,4803,0
7005,,,4,3,221,2,,,6,4114,1
7006,,,3,5,141,2,,,9,5000,0
7007,,,4,1,238,3,,,4,4910,0
7008,,,3,2,126,5,,,6,4372,1
7009,,,4,1,196,2,,,3,4752,0
7010,,,4,3,169,2,,,7,4032,1
7011,,,3,3,249,3,,,10,5184,0
7012,,,4,2,198,6,,,5,4659,0
7013,,,4,3,197,3,,,2,4410,0
7014,,,3,5,251,4,,,3,5215,1
7015,,,4,4,145,3,,,8,5780,0
7016,,,4,1,249,3,,,4,5253,1
7017,,,6,1,103,4,,,2,5089,0
7018,,,2,5,264,5,,,1,4426,0
7019,,,6,1,206,6,,,8,4243,1
7020,,,4,4,139,3,,,2,5135,0
7021,,,5,3,270,2,,,7,5248,1
7022,,,4,2,227,2,,,8,4878,1
7023,,,3,1,179,2,,,10,4828,0
7024,,,3,3,273,3,,,6,5269,1
7025,,,5,1,153,2,,,7,4944,1
7026,,,4,1,112,6,,,9,5248,1
7027,,,6,3,114,4,,,10,5865,0
7028,,,4,4,214,2,,,1,4117,1
7029,,,3,4,196,4,,,4,5031,0
7030,,,5,1,159,2,,,5,4382,0
7031,,,3,2,258,2,,,1,5862,0
7032,,,5,5,125,3,,,10,4997,0
7033,,,6,2,232,3,,,7,5219,1
7034,,,4,3,196,2,,,10,5709,1
7035,,,4,2,257,3,,,3,5549,1
7036,,,2,1,219,4,,,6,5124,0
7037,,,4,2,223,3,,,7,5977,0
7038,,,3,1,166,2,,,10,4137,0
7039,,,6,1,264,3,,,5,4435,1
7040,,,3,3,182,3,,,5,5914,0
7041,,,4,1,260,2,,,2,4529,0
7042,,,4,1,268,3,,,8,5486,0
7043,,,6,4,272,4,,,4,4098,0
7044,,,4,5,135,3,,,3,4760,0
7045,,,3,2,164,2,,,3,4442,1
7046,,,4,4,153,5,,,9,5818,0
7047,,,3,4,175,3,,,8,4274,1
7048,,,3,1,231,3,,,9,5148,1
7049,,,5,4,222,3,,,3,5555,0
7050,,,3,4,261,2,,,1,5844,0
7051,,,3,2,223,2,,,10,4604,0
7052,,,3,5,222,5,,,2,4027,1
7053,,,4,5,240,3,,,9,5794,1
7054,,,4,5,137,2,,,6,5208,0
7055,,,4,2,181,3,,,6,5964,0
7056,,,3,3,261,4,,,3,5722,1
7057,,,3,1,226,2,,,4,4804,0
7058,,,4,5,246,2,,,3,5705,0
7059,,,3,4,226,2,,,1,5460,0
7060,,,3,4,238,2,,,3,4723,0
7061,,,3,1,173,3,,,3,4453,1
7062,,,3,4,257,4,,,10,4415,0
7063,,,3,2,160,4,,,9,5112,1
7064,,,3,3,179,3,,,9,4459,1
7065,,,3,1,101,5,,,3,4807,0
7066,,,2,3,263,4,,,9,5390,0
7067,,,3,1,210,3,,,4,5683,0
7068,,,3,4,166,4,,,4,5107,0
7069,,,2,3,163,3,,,4,4862,0
7070,,,4,3,143,2,,,1,4402,1
7071,,,4,3,248,6,,,5,4212,0
7072,,,3,1,198,2,,,8,4940,0
7073,,,3,1,150,2,,,6,5355,0
7074,,,4,3,195,4,,,1,5004,0
7075,,,4,4,213,3,,,1,4266,0
7076,,,4,3,245,4,,,8,5982,1
7077,,,3,1,199,3,,,8,5557,1
7078,,,4,1,192,4,,,5,4142,1
7079,,,6,3,247,6,,,3,4582,0
7080,,,3,5,221,3,,,7,4741,1
7081,,,3,1,200,4,,,9,5193,0
7082,,,4,3,260,3,,,5,5540,0
7083,,,4,5,98,4,,,5,4643,0
7084,,,5,1,198,4,,,5,5719,0
7085,,,4,1,168,2,,,1,5698,1
7086,,,6,1,260,3,,,1,5134,0
7087,,,4,1,266,4,,,3,5773,1
7088,,,3,3,239,3,,,8,5366,1
7089,,,4,1,214,5,,,9,5801,0
7090,,,3,3,203,3,,,8,5929,0
7091,,,2,5,264,3,,,3,4320,1
7092,,,4,3,169,6,,,2,5607,0
7093,,,3,1,167,2,,,1,5749,0
7094,,,3,3,266,7,,,2,5671,1
7095,,,3,2,182,10,,,1,4303,0
7096,,,5,2,195,6,,,5,5339,1
7097,,,4,1,153,3,,,8,5198,0
7098,,,5,1,238,3,,,2,5369,1
7099,,,5,5,238,8,,,9,5186,0
7100,,,3,4,180,7,,,4,5500,0
7101,,,5,4,262,6,,,1,1177,0
7102,,,5,2,223,5,,,5,1484,1
7103,,,5,2,275,5,,,10,1924,0
7104,,,6,2,139,6,,,8,1691,1
7105,,,4,1,245,6,,,7,1884,1
7106,,,6,2,278,4,,,8,1967,0
7107,,,5,4,243,5,,,5,1118,0
7108,,,7,1,309,4,,,4,1151,0
7109,,,6,2,279,4,,,5,1836,0
7110,,,6,5,247,4,,,7,1461,1
7111,,,5,5,235,5,,,10,1393,0
7112,,,5,3,268,5,,,10,1660,0
7113,,,6,2,309,4,,,10,1782,0
7114,,,4,5,213,3,,,7,4490,0
7115,,,4,4,245,4,,,6,5051,0
7116,,,3,1,199,3,,,7,4377,1
7117,,,4,3,192,4,,,1,5669,1
7118,,,6,5,247,6,,,3,4832,0
7119,,,3,5,221,3,,,8,4523,0
7120,,,3,4,200,4,,,8,4944,0
7121,,,4,4,260,3,,,9,4224,0
7122,,,4,5,98,4,,,5,5188,0
7123,,,5,1,198,4,,,5,5025,1
7124,,,4,1,168,2,,,8,5276,1
7125,,,6,4,260,3,,,9,4730,1
7126,,,4,2,266,4,,,7,4639,0
7127,,,3,1,239,3,,,2,4425,0
7128,,,4,1,214,5,,,6,4573,1
7129,,,3,3,203,3,,,3,4196,0
7130,,,2,4,264,3,,,6,4025,1
7131,,,4,3,169,6,,,3,5957,1
7132,,,3,5,167,2,,,5,5042,1
7133,,,3,1,266,7,,,5,4102,1
7134,,,3,3,182,10,,,3,5555,0
7135,,,5,1,195,6,,,8,4944,1
7136,,,4,4,153,3,,,5,4624,0
7137,,,5,4,238,3,,,5,5907,1
7138,,,5,4,238,8,,,3,4046,0
7139,,,3,4,180,7,,,4,4408,0
7140,,,5,1,262,6,,,1,1696,0
7141,,,5,5,223,5,,,5,1678,0
7142,,,5,3,275,5,,,7,1349,0
7143,,,6,5,139,6,,,10,1081,1
7144,,,4,4,245,6,,,6,1437,1
7145,,,6,5,278,4,,,6,1761,0
7146,,,5,4,243,5,,,2,1637,0
7147,,,7,4,309,4,,,7,1880,0
7148,,,6,4,279,4,,,9,1128,0
7149,,,6,2,247,4,,,8,1941,0
7150,,,5,5,235,5,,,9,1032,1
7151,,,5,5,274,5,,,7,1875,1
7152,,,6,5,283,4,,,3,1374,1
7153,,,6,5,286,4,,,9,1282,1
7154,,,5,1,257,5,,,9,1329,0
7155,,,5,4,223,5,,,2,1400,0
7156,,,4,5,239,5,,,7,1001,1
7157,,,4,5,246,6,,,1,1400,1
7158,,,7,2,295,4,,,10,1587,0
7159,,,6,1,305,4,,,5,1588,0
7160,,,3,4,177,4,,,3,1148,0
7161,,,5,3,257,5,,,3,1262,1
7162,,,6,2,306,4,,,6,1123,0
7163,,,4,3,226,6,,,6,1704,1
7164,,,4,5,228,5,,,9,1381,0
7165,,,5,4,225,5,,,7,1476,0
7166,,,7,5,289,4,,,5,1864,1
7167,,,5,4,261,5,,,2,1409,0
7168,,,5,3,255,5,,,10,1886,0
7169,,,5,3,266,5,,,2,1510,1
7170,,,6,3,290,4,,,5,1784,0
7171,,,4,5,235,5,,,6,1460,0
7172,,,6,4,250,4,,,3,1490,1
7173,,,5,3,245,5,,,3,1409,0
7174,,,6,4,286,4,,,9,1096,1
7175,,,5,5,271,4,,,9,1989,0
7176,,,4,4,242,6,,,9,1192,1
7177,,,7,5,282,5,,,8,1091,1
7178,,,4,1,254,5,,,7,1003,0
7179,,,5,2,242,5,,,1,1004,1
7180,,,5,5,263,4,,,9,1551,0
7181,,,7,5,278,4,,,5,1126,1
7182,,,6,5,255,4,,,3,1624,1
7183,,,4,4,184,3,,,4,1330,1
7184,,,6,4,257,4,,,9,1108,1
7185,,,3,2,214,2,,,3,1983,1
7186,,,6,1,301,4,,,3,1200,1
7187,,,6,1,264,4,,,1,1273,0
7188,,,5,3,256,5,,,5,1080,1
7189,,,5,5,275,6,,,1,1507,0
7190,,,4,1,236,5,,,4,1953,0
7191,,,5,2,303,4,,,9,1224,1
7192,,,6,3,284,4,,,4,1652,1
7193,,,4,4,229,6,,,2,1279,0
7194,,,5,3,258,5,,,4,1665,1
7195,,,5,1,243,5,,,3,1066,1
7196,,,6,1,306,4,,,8,1378,0
7197,,,4,2,235,6,,,6,1386,0
7198,,,4,3,150,4,,,4,1021,0
7199,,,6,4,291,4,,,5,1112,1
7200,,,7,3,278,4,,,2,1038,1
7201,,,5,5,240,6,,,10,1986,0
7202,,,6,1,272,4,,,10,1534,1
7203,,,5,5,246,5,,,6,1911,0
7204,,,6,2,266,4,,,3,1090,0
7205,,,5,4,252,5,,,10,1015,1
7206,,,6,5,254,4,,,2,1824,0
7207,,,7,3,305,4,,,3,1426,1
7208,,,6,5,307,4,,,3,1406,0
7209,,,6,4,278,5,,,5,1180,0
7210,,,6,3,265,5,,,10,1897,0
7211,,,6,5,248,4,,,10,1005,0
7212,,,7,5,299,4,,,4,1052,1
7213,,,6,2,280,4,,,10,1866,1
7214,,,7,4,247,4,,,9,1228,0
7215,,,6,1,273,4,,,3,1361,1
7216,,,6,2,254,5,,,7,1638,1
7217,,,5,2,246,5,,,9,1876,0
7218,,,7,4,251,5,,,3,1433,0
7219,,,5,5,262,5,,,9,1400,0
7220,,,5,1,245,5,,,3,1956,1
7221,,,4,2,273,5,,,8,2000,0
7222,,,3,1,268,4,,,4,5006,0
7223,,,4,2,244,5,,,7,5337,0
7224,,,3,3,260,2,,,6,5044,0
7225,,,3,1,271,3,,,4,4108,0
7226,,,5,4,219,2,,,5,4919,1
7227,,,4,1,193,3,,,9,5354,0
7228,,,5,5,149,3,,,9,5979,0
7229,,,3,5,268,2,,,4,5909,0
7230,,,3,5,151,2,,,3,5039,0
7231,,,4,3,171,2,,,10,5211,0
7232,,,3,3,202,2,,,1,5220,1
7233,,,5,2,174,4,,,8,5627,1
7234,,,4,2,227,3,,,7,4041,0
7235,,,6,3,175,4,,,3,4143,0
7236,,,3,4,191,3,,,6,4586,1
7237,,,4,5,240,3,,,5,5734,1
7238,,,3,1,238,3,,,6,5092,0
7239,,,3,3,99,5,,,9,5470,0
7240,,,3,5,142,3,,,2,4619,0
7241,,,4,5,148,3,,,6,5473,1
7242,,,4,5,129,5,,,7,5554,1
7243,,,6,3,262,6,,,5,4506,0
7244,,,4,4,190,2,,,2,4460,0
7245,,,5,1,268,5,,,1,4704,0
7246,,,3,5,205,4,,,2,5294,0
7247,,,3,1,186,2,,,3,5818,0
7248,,,3,2,185,4,,,8,5545,0
7249,,,5,4,173,3,,,9,5432,0
7250,,,3,2,208,2,,,1,4999,0
7251,,,5,1,177,2,,,9,4881,0
7252,,,3,1,190,3,,,1,5065,1
7253,,,5,4,257,3,,,3,4895,1
7254,,,3,4,168,3,,,5,5183,0
7255,,,3,2,229,3,,,2,4447,1
7256,,,4,1,152,2,,,2,5396,0
7257,,,5,4,154,2,,,10,5670,0
7258,,,5,5,239,3,,,8,4975,0
7259,,,3,5,252,2,,,2,4888,1
7260,,,4,4,258,2,,,5,4363,1
7261,,,4,5,184,4,,,3,5430,1
7262,,,4,3,148,5,,,2,4065,1
7263,,,5,2,240,2,,,4,4447,1
7264,,,6,2,169,2,,,9,5580,0
7265,,,3,4,156,3,,,4,4519,1
7266,,,4,4,264,3,,,9,5555,1
7267,,,4,5,223,3,,,7,5832,1
7268,,,5,4,233,3,,,6,4275,1
7269,,,3,4,230,3,,,7,5891,0
7270,,,2,3,175,6,,,6,5341,1
7271,,,4,3,155,3,,,2,4534,0
7272,,,4,2,220,2,,,5,5864,0
7273,,,4,2,283,2,,,1,4115,0
7274,,,3,3,239,4,,,5,4084,1
7275,,,5,2,248,2,,,10,4813,0
7276,,,4,3,256,3,,,4,5068,1
7277,,,4,2,267,2,,,7,5746,1
7278,,,3,5,207,4,,,10,4092,1
7279,,,3,1,204,4,,,6,5926,1
7280,,,4,4,209,2,,,3,4407,0
7281,,,4,3,183,3,,,4,5866,0
7282,,,2,5,140,4,,,2,4636,1
7283,,,4,3,161,3,,,7,4799,1
7284,,,4,3,151,3,,,9,4908,0
7285,,,5,4,257,2,,,10,5095,0
7286,,,3,4,199,3,,,3,4067,0
7287,,,4,1,191,2,,,4,5851,1
7288,,,3,5,236,2,,,10,5755,1
7289,,,4,3,217,3,,,7,4723,1
7290,,,5,3,202,2,,,6,5716,0
7291,,,3,4,246,3,,,1,4273,1
7292,,,4,4,194,4,,,10,5024,0
7293,,,3,2,221,2,,,10,4715,1
7294,,,4,4,231,5,,,6,5482,0
7295,,,5,5,254,5,,,2,4426,0
7296,,,4,3,252,2,,,6,5266,1
7297,,,3,5,196,3,,,4,4569,0
7298,,,5,5,104,4,,,9,5652,0
7299,,,5,5,156,4,,,5,5987,1
7300,,,5,4,250,4,,,2,4183,0
7301,,,3,4,267,2,,,9,5940,0
7302,,,3,2,197,4,,,1,5210,1
7303,,,3,4,227,4,,,9,5465,0
7304,,,5,1,248,3,,,2,4075,0
7305,,,3,3,274,3,,,3,5157,0
7306,,,6,1,232,6,,,4,5877,0
7307,,,3,2,181,3,,,4,5966,1
7308,,,2,5,101,3,,,10,4353,0
7309,,,4,4,161,2,,,8,4348,1
7310,,,4,2,268,2,,,8,4219,0
7311,,,4,4,218,4,,,10,4967,0
7312,,,3,2,192,3,,,1,4308,1
7313,,,2,3,197,2,,,2,4277,0
7314,,,4,4,253,2,,,5,5624,0
7315,,,3,1,183,4,,,5,5326,0
7316,,,3,5,177,4,,,9,5311,0
7317,,,5,1,241,3,,,7,5134,1
7318,,,3,5,180,4,,,9,5105,1
7319,,,5,2,158,3,,,2,5221,0
7320,,,4,1,209,3,,,7,4808,1
7321,,,5,4,273,6,,,7,4058,1
7322,,,6,2,226,4,,,7,5600,0
7323,,,4,3,178,3,,,6,4576,0
7324,,,5,1,151,6,,,2,4529,0
7325,,,3,1,212,2,,,7,5022,0
7326,,,3,2,239,4,,,10,4410,0
7327,,,5,3,257,5,,,5,4183,0
7328,,,3,3,165,2,,,8,5813,0
7329,,,4,3,183,2,,,8,5690,1
7330,,,4,5,135,3,,,1,5013,0
7331,,,4,1,200,3,,,5,4686,0
7332,,,4,2,162,4,,,7,5294,0
7333,,,3,3,218,3,,,6,5288,1
7334,,,3,4,158,2,,,7,4744,0
7335,,,4,2,213,3,,,8,5214,1
7336,,,3,1,215,2,,,9,4940,0
7337,,,3,3,268,2,,,5,5195,0
7338,,,3,1,207,4,,,9,4252,0
7339,,,2,5,270,6,,,1,5675,0
7340,,,5,2,245,2,,,6,5366,1
7341,,,4,2,154,2,,,6,4705,1
7342,,,3,1,155,3,,,2,5446,0
7343,,,4,4,238,3,,,7,4709,0
7344,,,3,2,151,2,,,1,5179,0
7345,,,3,4,185,2,,,4,5926,0
7346,,,4,3,171,3,,,8,4826,0
7347,,,3,2,206,2,,,7,4185,1
7348,,,3,3,232,2,,,5,4255,1
7349,,,4,2,187,2,,,7,5524,1
7350,,,4,4,209,3,,,8,5884,1
7351,,,4,2,262,3,,,2,4015,0
7352,,,3,2,154,3,,,6,5540,1
7353,,,5,1,163,3,,,1,5194,0
7354,,,4,1,257,2,,,7,4869,0
7355,,,3,5,265,4,,,8,5087,1
7356,,,3,2,220,3,,,7,5503,0
7357,,,3,1,201,3,,,6,4953,0
7358,,,2,4,268,4,,,5,4400,1
7359,,,4,1,139,3,,,7,4550,0
7360,,,3,5,241,4,,,3,5051,0
7361,,,4,4,145,3,,,2,5665,0
7362,,,4,3,157,3,,,9,4990,0
7363,,,4,3,203,2,,,7,4185,0
7364,,,4,4,163,3,,,7,4463,0
7365,,,4,1,263,2,,,5,4010,1
7366,,,5,5,258,4,,,5,4562,0
7367,,,5,3,251,3,,,8,4228,1
7368,,,3,4,140,6,,,9,4558,0
7369,,,4,1,179,4,,,2,4071,1
7370,,,5,4,211,2,,,7,4734,0
7371,,,3,1,271,2,,,7,4569,0
7372,,,4,4,181,3,,,1,5444,0
7373,,,2,1,130,4,,,10,4726,0
7374,,,5,4,264,3,,,9,5841,1
7375,,,4,2,221,3,,,7,4856,0
7376,,,3,1,194,2,,,1,5931,0
7377,,,3,1,201,2,,,4,4857,1
7378,,,3,5,166,2,,,6,4523,1
7379,,,5,4,254,2,,,9,5658,1
7380,,,4,3,144,3,,,7,5496,0
7381,,,5,2,171,2,,,6,4236,0
7382,,,6,4,240,3,,,9,4986,1
7383,,,6,3,232,5,,,10,4576,1
7384,,,5,4,145,6,,,6,4403,0
7385,,,3,3,275,4,,,2,4086,1
7386,,,3,1,146,10,,,5,4032,1
7387,,,5,5,207,2,,,8,5066,1
7388,,,4,1,157,7,,,7,4385,0
7389,,,4,2,146,8,,,7,5245,1
7390,,,4,1,139,8,,,6,5667,1
7391,,,3,5,223,7,,,8,4178,1
7392,,,5,2,224,2,,,10,5674,0
7393,,,5,3,174,3,,,6,5064,1
7394,,,4,5,152,7,,,9,4224,0
7395,,,4,2,223,5,,,3,4480,0
7396,,,5,2,223,5,,,5,1010,1
7397,,,4,2,239,5,,,10,1429,0
7398,,,4,2,246,6,,,5,1622,0
7399,,,7,3,295,4,,,9,1235,0
7400,,,6,5,305,4,,,7,1099,1
7401,,,3,4,177,4,,,5,1854,0
7402,,,5,4,257,5,,,1,1778,1
7403,,,6,3,306,4,,,5,1490,1
7404,,,4,3,226,6,,,10,1174,0
7405,,,4,1,228,5,,,6,1727,1
7406,,,5,3,225,5,,,6,1082,0
7407,,,7,5,289,4,,,10,1385,0
7408,,,5,1,261,5,,,10,1713,0
7409,,,5,2,255,5,,,4,1634,0
7410,,,5,4,266,5,,,8,1592,1
7411,,,6,4,290,4,,,3,1544,1
7412,,,4,3,235,5,,,4,1839,1
7413,,,6,5,250,4,,,8,1689,0
7414,,,5,4,245,5,,,5,1293,1
7415,,,6,3,286,4,,,7,1132,1
7416,,,5,4,271,4,,,5,1184,1
7417,,,4,1,242,6,,,4,1791,1
7418,,,7,5,282,5,,,7,1260,1
7419,,,4,4,254,5,,,9,1654,1
7420,,,5,5,242,5,,,3,1444,1
7421,,,5,4,263,4,,,10,1995,0
7422,,,7,5,278,4,,,1,1210,0
7423,,,6,1,255,4,,,9,1575,0
7424,,,4,2,184,3,,,3,1705,1
7425,,,6,2,257,4,,,2,1012,0
7426,,,3,2,214,2,,,7,1693,0
7427,,,2,3,130,4,,,10,4363,0
7428,,,5,5,264,3,,,3,5835,1
7429,,,4,2,221,3,,,10,4126,0
7430,,,3,5,194,2,,,7,4809,0
7431,,,3,5,201,2,,,2,4440,0
7432,,,3,2,166,2,,,6,4765,0
7433,,,5,2,254,2,,,5,4985,1
7434,,,4,4,144,3,,,7,5351,1
7435,,,5,1,171,2,,,9,5252,0
7436,,,6,5,240,3,,,4,5219,1
7437,,,6,1,232,5,,,10,4345,0
7438,,,5,2,145,6,,,9,4243,0
7439,,,3,5,275,4,,,10,5066,0
7440,,,3,5,146,10,,,9,4128,0
7441,,,5,1,207,2,,,3,4083,0
7442,,,4,3,157,7,,,3,4878,1
7443,,,4,1,146,8,,,7,4576,0
7444,,,4,2,139,8,,,2,5012,1
7445,,,3,1,223,7,,,5,4439,1
7446,,,5,3,224,2,,,1,5603,0
7447,,,5,2,174,3,,,10,4902,1
7448,,,4,1,152,7,,,5,5325,1
7449,,,4,5,223,5,,,4,4704,0
7450,,,5,2,223,5,,,2,1232,1
7451,,,4,4,239,5,,,6,1986,1
7452,,,4,1,246,6,,,4,1489,0
7453,,,7,4,295,4,,,10,1217,1
7454,,,6,5,305,4,,,6,1787,1
7455,,,3,3,177,4,,,4,1560,1
7456,,,5,3,257,5,,,8,1409,0
7457,,,6,4,306,4,,,5,1703,1
7458,,,4,5,226,6,,,10,1348,1
7459,,,4,4,228,5,,,6,1853,1
7460,,,5,5,225,5,,,9,1646,1
7461,,,7,2,289,4,,,5,1918,1
7462,,,5,1,261,5,,,5,1837,1
7463,,,5,1,255,5,,,9,1156,1
7464,,,5,5,266,5,,,7,1440,0
7465,,,6,5,290,4,,,6,1929,0
7466,,,4,1,235,5,,,9,1821,1
7467,,,6,4,250,4,,,2,1969,1
7468,,,5,1,245,5,,,5,1996,1
7469,,,6,1,286,4,,,1,1636,0
7470,,,5,5,271,4,,,8,1132,1
7471,,,4,1,242,6,,,8,1419,1
7472,,,7,2,282,5,,,6,1744,1
7473,,,4,4,254,5,,,2,1573,1
7474,,,5,4,242,5,,,1,1824,1
7475,,,5,4,263,4,,,2,1625,0
7476,,,5,3,246,5,,,4,1257,1
7477,,,7,3,251,5,,,8,1616,1
7478,,,5,2,262,5,,,4,1509,1
7479,,,5,5,245,5,,,1,1924,1
7480,,,4,5,273,5,,,7,1409,0
7481,,,7,2,272,4,,,9,1188,1
7482,,,5,5,269,5,,,4,1454,0
7483,,,4,2,263,5,,,5,1874,0
7484,,,6,4,284,4,,,7,1584,0
7485,,,5,2,232,5,,,10,1916,0
7486,,,6,2,219,5,,,9,1071,0
7487,,,4,2,206,4,,,5,1679,0
7488,,,5,1,242,5,,,8,1382,1
7489,,,5,5,250,4,,,8,1247,1
7490,,,7,3,267,4,,,8,1892,1
7491,,,6,4,269,4,,,1,1872,0
7492,,,4,2,248,6,,,1,1415,1
7493,,,3,3,154,4,,,7,1915,0
7494,,,3,3,239,3,,,4,1399,0
7495,,,4,5,269,5,,,3,1118,0
7496,,,4,1,239,5,,,8,1048,0
7497,,,5,5,237,5,,,1,1526,0
7498,,,5,4,231,6,,,3,1075,0
7499,,,5,5,249,5,,,5,1662,1
7500,,,5,5,262,6,,,5,1418,1
7501,,,7,2,300,4,,,10,1179,0
7502,,,7,1,265,4,,,3,1357,1
7503,,,5,1,270,5,,,6,1836,1
7504,,,4,2,265,5,,,8,1555,0
7505,,,6,2,263,4,,,1,1258,1
7506,,,7,3,305,4,,,3,1872,0
7507,,,7,5,253,4,,,6,1344,1
7508,,,5,2,248,5,,,9,1973,0
7509,,,6,4,290,4,,,3,1710,0
7510,,,5,4,239,5,,,10,1042,1
7511,,,7,1,282,4,,,2,1566,0
7512,,,7,5,275,4,,,3,1107,0
7513,,,5,2,268,5,,,5,1876,1
7514,,,6,1,253,4,,,10,1962,0
7515,,,6,2,294,4,,,10,1148,0
7516,,,5,5,240,5,,,7,1255,0
7517,,,5,4,228,5,,,5,1844,0
7518,,,3,1,179,2,,,3,5159,1
7519,,,6,2,260,3,,,2,4071,0
7520,,,4,4,155,3,,,2,4094,1
7521,,,3,5,204,2,,,1,4133,0
7522,,,2,2,247,3,,,9,4284,1
7523,,,4,3,213,3,,,7,5947,0
7524,,,4,1,252,3,,,4,5119,1
7525,,,4,3,165,2,,,10,4351,0
7526,,,4,3,174,3,,,3,4846,1
7527,,,3,3,157,3,,,6,5187,0
7528,,,4,2,177,3,,,4,4550,0
7529,,,3,3,140,2,,,3,5713,0
7530,,,5,2,204,5,,,3,5723,1
7531,,,3,4,174,3,,,10,4998,1
7532,,,4,4,148,2,,,4,5437,0
7533,,,3,1,166,5,,,8,4759,1
7534,,,5,2,232,3,,,5,5607,1
7535,,,4,2,191,4,,,7,5507,1
7536,,,4,2,270,3,,,4,5566,0
7537,,,2,5,263,4,,,4,4042,1
7538,,,3,1,214,2,,,3,5595,1
7539,,,3,1,153,3,,,9,4404,0
7540,,,6,3,218,3,,,6,4594,0
7541,,,5,5,201,3,,,10,5121,1
7542,,,4,4,265,3,,,9,5508,0
7543,,,6,3,226,3,,,4,4604,1
7544,,,4,4,155,3,,,6,5033,1
7545,,,5,2,146,3,,,7,4524,1
7546,,,3,1,177,3,,,9,4890,1
7547,,,5,5,171,3,,,6,4209,1
7548,,,4,2,149,2,,,2,4026,1
7549,,,5,2,268,3,,,8,5385,1
7550,,,3,2,150,3,,,2,5502,0
7551,,,3,3,217,2,,,9,5554,1
7552,,,4,1,205,2,,,10,4086,0
7553,,,4,2,220,2,,,6,5543,0
7554,,,3,3,168,2,,,10,4583,1
7555,,,5,5,203,5,,,1,5356,1
7556,,,3,4,235,2,,,7,4013,1
7557,,,3,3,261,3,,,4,5482,1
7558,,,4,3,266,3,,,2,5298,0
7559,,,5,4,154,5,,,6,5659,1
7560,,,4,1,268,4,,,2,4543,0
7561,,,2,2,169,3,,,4,5485,1
7562,,,3,3,165,4,,,2,4176,1
7563,,,4,4,171,2,,,7,5190,1
7564,,,4,5,275,5,,,6,4450,0
7565,,,3,4,184,3,,,7,5438,0
7566,,,4,2,236,3,,,4,4800,0
7567,,,4,3,261,4,,,9,5116,1
7568,,,3,1,251,2,,,7,5368,1
7569,,,3,3,202,4,,,3,4003,1
7570,,,4,1,155,3,,,4,4397,0
7571,,,3,3,157,4,,,2,5715,1
7572,,,4,1,191,3,,,2,5189,0
7573,,,3,5,194,3,,,6,4295,1
7574,,,3,5,154,2,,,6,4675,1
7575,,,3,5,270,3,,,5,4843,1
7576,,,4,4,259,3,,,8,4223,1
7577,,,5,3,156,4,,,9,4098,0
7578,,,5,3,236,4,,,7,4308,0
7579,,,4,4,188,3,,,7,5720,0
7580,,,6,3,183,4,,,3,4842,0
7581,,,4,4,149,3,,,6,5508,0
7582,,,5,4,199,4,,,7,5740,0
7583,,,4,4,245,2,,,2,4297,1
7584,,,3,2,158,3,,,1,5438,0
7585,,,3,5,146,5,,,3,5489,0
7586,,,5,5,260,3,,,8,4586,1
7587,,,5,1,238,6,,,10,5508,0
7588,,,4,1,201,6,,,8,5529,0
7589,,,3,1,220,4,,,7,5894,1
7590,,,4,4,172,4,,,7,4834,0
7591,,,4,2,274,3,,,7,4477,1
7592,,,5,2,169,3,,,3,5692,0
7593,,,5,1,256,2,,,1,5352,1
7594,,,5,3,150,4,,,1,5211,0
7595,,,3,3,176,3,,,10,5284,1
7596,,,5,2,269,2,,,9,5672,0
7597,,,3,5,224,2,,,10,4380,1
7598,,,5,4,201,3,,,5,5137,0
7599,,,3,1,179,2,,,2,4085,0
7600,,,5,3,245,4,,,1,5743,0
7601,,,4,3,139,2,,,2,4041,1
7602,,,3,3,261,4,,,4,4307,1
7603,,,4,3,147,3,,,1,5454,0
7604,,,4,1,240,4,,,7,4818,1
7605,,,3,5,224,3,,,6,5115,0
7606,,,3,1,236,3,,,2,4298,0
7607,,,5,2,173,3,,,8,4797,1
7608,,,3,3,201,2,,,2,5361,0
7609,,,5,5,140,3,,,7,4799,1
7610,,,3,3,203,3,,,3,5440,0
7611,,,3,4,173,3,,,8,5979,0
7612,,,3,2,198,4,,,4,4564,0
7613,,,4,2,273,3,,,2,5712,0
7614,,,5,4,131,6,,,8,4005,1
7615,,,5,3,178,4,,,10,5382,1
7616,,,4,4,175,3,,,8,5944,1
7617,,,4,5,145,2,,,2,4686,1
7618,,,5,1,256,4,,,5,4970,1
7619,,,4,2,175,6,,,5,5445,1
7620,,,4,4,170,4,,,5,4574,0
7621,,,2,3,206,4,,,2,5443,0
7622,,,3,4,145,4,,,4,5801,0
7623,,,3,5,266,2,,,3,5195,0
7624,,,5,5,183,3,,,3,4071,1
7625,,,5,1,210,2,,,2,4079,1
7626,,,5,1,134,2,,,7,5610,0
7627,,,3,3,223,3,,,10,5243,1
7628,,,5,5,223,3,,,5,4373,1
7629,,,4,4,255,3,,,3,5616,0
7630,,,4,1,270,3,,,6,5212,0
7631,,,4,2,260,2,,,7,5684,0
7632,,,5,4,225,2,,,8,4725,0
7633,,,4,1,237,4,,,4,4697,1
7634,,,4,5,111,4,,,7,5988,1
7635,,,5,1,230,4,,,4,5363,0
7636,,,2,4,193,2,,,5,5706,0
7637,,,3,4,162,4,,,10,4235,0
7638,,,3,4,195,4,,,3,4743,0
7639,,,5,2,123,5,,,4,5284,0
7640,,,4,3,248,2,,,10,5211,0
7641,,,4,1,151,3,,,4,5610,1
7642,,,4,3,252,4,,,2,5226,0
7643,,,5,2,134,4,,,5,5090,0
7644,,,3,2,189,2,,,4,4160,0
7645,,,3,4,159,2,,,6,4990,1
7646,,,4,2,173,3,,,6,4963,0
7647,,,5,5,254,2,,,6,4934,0
7648,,,5,3,241,2,,,5,5666,0
7649,,,4,4,262,2,,,1,4357,0
7650,,,5,1,265,4,,,2,5416,1
7651,,,6,4,201,4,,,8,5355,1
7652,,,5,2,233,4,,,9,5539,0
7653,,,3,1,164,10,,,6,5603,0
7654,,,4,5,180,2,,,1,5622,0
7655,,,3,4,199,3,,,1,4490,1
7656,,,4,3,140,8,,,8,4065,1
7657,,,4,5,140,2,,,5,4347,1
7658,,,5,2,146,7,,,9,5631,0
7659,,,5,3,216,10,,,4,4409,1
7660,,,3,5,159,2,,,9,4099,1
7661,,,4,4,222,3,,,4,5857,0
7662,,,4,3,240,8,,,8,4319,1
7663,,,3,3,189,3,,,9,4278,1
7664,,,3,1,252,2,,,9,5050,0
7665,,,2,2,149,4,,,7,4598,0
7666,,,5,4,199,5,,,6,4417,1
7667,,,4,5,244,3,,,7,4172,0
7668,,,7,2,272,4,,,8,1816,0
7669,,,5,3,269,5,,,3,1667,1
7670,,,4,1,263,5,,,8,1257,0
7671,,,6,4,284,4,,,9,1436,0
7672,,,5,5,232,5,,,6,1246,0
7673,,,6,5,219,5,,,2,1475,1
7674,,,4,5,206,4,,,1,1593,0
7675,,,5,4,242,5,,,2,1717,1
7676,,,5,1,250,4,,,4,1438,0
7677,,,7,4,267,4,,,9,1378,1
7678,,,6,3,269,4,,,3,1022,0
7679,,,3,2,189,2,,,3,4617,0
7680,,,3,1,159,2,,,3,5691,0
7681,,,4,3,173,3,,,2,4351,0
7682,,,5,3,254,2,,,5,4764,1
7683,,,5,2,241,2,,,9,4965,0
7684,,,4,3,262,2,,,3,4064,1
7685,,,5,2,265,4,,,7,4883,0
7686,,,6,1,201,4,,,5,4592,1
7687,,,5,4,233,4,,,1,4255,1
7688,,,3,4,164,10,,,10,4134,0
7689,,,4,2,180,2,,,10,5666,1
7690,,,3,2,199,3,,,8,4164,1
7691,,,4,4,140,8,,,2,5481,0
7692,,,4,3,140,2,,,2,5042,0
7693,,,5,2,146,7,,,7,5204,0
7694,,,5,1,216,10,,,2,5672,0
7695,,,3,5,159,2,,,6,4295,0
7696,,,4,4,222,3,,,6,4199,1
7697,,,4,1,240,8,,,1,4638,0
7698,,,3,2,189,3,,,1,4997,1
7699,,,3,4,252,2,,,6,4630,1
7700,,,2,1,149,4,,,7,5434,0
7701,,,5,4,199,5,,,6,5210,1
7702,,,4,3,244,3,,,7,4761,0
7703,,,7,3,272,4,,,2,1754,0
7704,,,5,5,269,5,,,6,1630,0
7705,,,4,1,263,5,,,1,1605,1
7706,,,6,4,284,4,,,9,1845,1
7707,,,5,3,232,5,,,2,1057,1
7708,,,6,3,219,5,,,9,1483,1
7709,,,4,4,206,4,,,9,1074,1
7710,,,5,3,242,5,,,5,1820,0
7711,,,5,3,250,4,,,4,1111,1
7712,,,7,5,267,4,,,10,1067,0
7713,,,6,2,269,4,,,3,1665,0
7714,,,5,2,240,5,,,3,1079,0
7715,,,5,2,228,5,,,6,1726,1
7716,,,5,5,262,5,,,6,1887,1
7717,,,6,2,306,4,,,1,1815,1
7718,,,6,5,276,4,,,3,1136,0
7719,,,3,3,183,5,,,3,1504,0
7720,,,5,1,239,5,,,1,1239,0
7721,,,7,1,285,4,,,2,1516,0
7722,,,5,1,229,6,,,9,1883,1
7723,,,7,4,308,5,,,7,1563,1
7724,,,6,1,293,4,,,10,1534,1
7725,,,6,1,247,4,,,4,1623,1
7726,,,6,2,260,5,,,9,1667,1
7727,,,7,3,308,4,,,6,1113,0
7728,,,5,2,274,6,,,2,1748,1
7729,,,5,2,236,6,,,6,1552,0
7730,,,7,4,291,4,,,1,1817,1
7731,,,4,5,247,5,,,9,1499,0
7732,,,5,4,217,5,,,3,1007,1
7733,,,6,2,246,4,,,4,1555,0
7734,,,6,3,301,4,,,2,1083,0
7735,,,5,4,259,5,,,4,1991,1
7736,,,4,2,275,5,,,6,1438,0
7737,,,6,2,309,4,,,8,1289,1
7738,,,5,2,232,6,,,3,1540,0
7739,,,6,1,244,4,,,7,1007,0
7740,,,4,4,267,5,,,9,1716,1
7741,,,6,1,254,4,,,2,1071,0
7742,,,5,2,270,4,,,8,1631,1
7743,,,6,2,301,4,,,10,1747,1
7744,,,4,5,221,5,,,5,1608,1
7745,,,5,3,243,5,,,9,1312,1
7746,,,6,4,264,4,,,1,1711,1
7747,,,4,3,228,5,,,9,1044,0
7748,,,5,1,262,5,,,5,1916,1
7749,,,4,2,270,5,,,9,1167,0
7750,,,3,1,131,4,,,1,1628,0
7751,,,7,1,257,4,,,1,1405,1
7752,,,4,1,245,5,,,1,1472,0
7753,,,5,5,272,5,,,5,1868,1
7754,,,6,1,284,4,,,7,1153,0
7755,,,7,5,285,4,,,6,1591,1
7756,,,6,3,250,4,,,9,1618,0
7757,,,7,3,272,4,,,7,1067,1
7758,,,4,3,254,5,,,3,1248,0
7759,,,5,4,217,5,,,5,1360,1
7760,,,7,5,253,4,,,10,1166,1
7761,,,5,1,276,5,,,6,1793,0
7762,,,4,1,241,5,,,4,1145,0
7763,,,6,2,259,5,,,1,1357,0
7764,,,6,4,272,4,,,10,1171,1
7765,,,6,1,280,4,,,6,1735,1
7766,,,5,3,257,5,,,7,1090,0
7767,,,6,3,282,4,,,9,1417,1
7768,,,6,4,268,4,,,9,1354,1
7769,,,5,3,238,5,,,10,1841,1
7770,,,7,4,310,4,,,6,1003,1
7771,,,4,1,187,2,,,5,5691,0
7772,,,3,3,167,4,,,1,5301,0
7773,,,4,3,197,4,,,9,4429,0
7774,,,6,1,214,2,,,5,4708,0
7775,,,4,2,174,2,,,8,4295,0
7776,,,4,5,239,3,,,1,5482,1
7777,,,5,1,249,3,,,8,5940,0
7778,,,5,3,141,3,,,2,4124,1
7779,,,5,2,179,3,,,5,4325,1
7780,,,3,1,253,3,,,8,5030,1
7781,,,2,3,219,4,,,9,4086,0
7782,,,4,1,249,6,,,2,5720,1
7783,,,3,3,196,3,,,9,4431,0
7784,,,6,5,244,3,,,9,5634,0
7785,,,4,2,144,3,,,2,4264,0
7786,,,4,3,240,3,,,6,4964,0
7787,,,5,4,222,3,,,1,4834,1
7788,,,4,4,246,3,,,5,5029,1
7789,,,6,1,188,5,,,4,4887,0
7790,,,3,3,153,3,,,3,4829,0
7791,,,3,1,151,2,,,7,4437,0
7792,,,4,1,237,3,,,8,5668,1
7793,,,3,1,194,3,,,4,5383,1
7794,,,3,5,241,3,,,5,4861,1
7795,,,4,2,209,2,,,3,5607,0
7796,,,3,1,160,2,,,10,5642,1
7797,,,4,4,251,2,,,2,4800,0
7798,,,5,3,193,4,,,3,5026,0
7799,,,4,4,169,3,,,5,5743,0
7800,,,3,5,234,2,,,1,4455,1
7801,,,4,5,192,2,,,4,4518,0
7802,,,2,5,160,4,,,7,5754,0
7803,,,5,3,201,2,,,1,4548,1
7804,,,4,1,260,3,,,9,4239,0
7805,,,3,3,244,4,,,10,5181,0
7806,,,3,2,219,6,,,9,5263,1
7807,,,4,2,219,4,,,2,4422,1
7808,,,3,5,175,3,,,6,5150,0
7809,,,4,2,196,3,,,2,4474,0
7810,,,3,5,230,3,,,4,5189,1
7811,,,4,3,262,4,,,2,4783,1
7812,,,5,4,228,4,,,7,5913,0
7813,,,3,2,138,2,,,8,5714,0
7814,,,4,1,240,3,,,4,4787,0
7815,,,3,1,104,4,,,9,5211,1
7816,,,3,2,261,2,,,10,4035,0
7817,,,4,3,181,3,,,4,4399,1
7818,,,5,2,152,3,,,4,4699,1
7819,,,2,2,215,5,,,3,5185,1
7820,,,5,4,266,6,,,7,4486,0
7821,,,4,5,265,2,,,9,5135,1
7822,,,5,5,142,4,,,8,5372,0
7823,,,5,3,169,2,,,1,4500,1
7824,,,3,5,257,3,,,4,5196,1
7825,,,3,2,142,3,,,9,4234,0
7826,,,2,4,233,4,,,4,5408,0
7827,,,4,2,136,4,,,9,5038,0
7828,,,2,2,173,3,,,10,4736,0
7829,,,3,4,221,3,,,10,4927,1
7830,,,5,3,204,3,,,10,5610,1
7831,,,4,5,149,2,,,2,5724,1
7832,,,2,1,166,3,,,7,5990,1
7833,,,5,4,265,2,,,2,5164,1
7834,,,3,1,140,2,,,8,5253,1
7835,,,4,3,234,3,,,9,4868,1
7836,,,3,5,139,2,,,6,5181,0
7837,,,3,4,232,2,,,8,5629,1
7838,,,3,5,187,4,,,4,5640,0
7839,,,3,4,197,6,,,3,4890,1
7840,,,3,4,273,2,,,5,5223,0
7841,,,3,2,201,3,,,7,4890,0
7842,,,2,2,201,3,,,2,4865,1
7843,,,4,3,227,3,,,10,5782,1
7844,,,3,5,171,2,,,1,4783,1
7845,,,3,5,192,2,,,7,5069,1
7846,,,3,1,226,3,,,2,4831,1
7847,,,3,4,252,2,,,6,4040,1
7848,,,4,5,177,3,,,7,4243,1
7849,,,3,5,211,3,,,5,4058,1
7850,,,6,3,170,4,,,1,4912,0
7851,,,2,3,118,4,,,7,5510,0
7852,,,4,4,146,3,,,3,5225,1
7853,,,3,5,150,3,,,6,4565,0
7854,,,5,5,243,3,,,3,5700,1
7855,,,4,4,135,3,,,6,4335,1
7856,,,4,5,209,3,,,6,5899,1
7857,,,4,5,217,3,,,2,5461,1
7858,,,2,2,287,4,,,10,5972,0
7859,,,2,3,239,6,,,4,4022,0
7860,,,5,2,189,2,,,2,4636,1
7861,,,4,2,139,3,,,10,4648,0
7862,,,4,2,255,3,,,8,5865,0
7863,,,5,1,132,4,,,4,5461,0
7864,,,4,1,136,3,,,4,5060,1
7865,,,5,3,143,3,,,6,4761,1
7866,,,3,4,201,2,,,8,4394,0
7867,,,6,5,278,5,,,2,4361,1
7868,,,4,3,213,3,,,4,4367,0
7869,,,2,1,202,2,,,5,4456,0
7870,,,4,5,240,2,,,6,5045,1
7871,,,5,4,223,3,,,7,4671,1
7872,,,4,4,193,3,,,2,5975,1
7873,,,3,1,224,3,,,8,4908,0
7874,,,3,1,202,3,,,7,5818,0
7875,,,4,5,236,4,,,1,4082,0
7876,,,3,3,216,4,,,9,5107,1
7877,,,3,1,229,3,,,7,5324,1
7878,,,4,5,275,3,,,1,5394,1
7879,,,3,3,250,2,,,8,5067,0
7880,,,4,3,196,3,,,10,4433,1
7881,,,2,2,220,3,,,1,5289,0
7882,,,4,4,152,3,,,8,4430,0
7883,,,3,2,186,2,,,7,5522,0
7884,,,3,1,189,3,,,3,5866,1
7885,,,3,1,222,3,,,1,5362,1
7886,,,4,1,139,3,,,7,5317,0
7887,,,5,1,169,4,,,6,4253,1
7888,,,4,3,137,3,,,9,5016,0
7889,,,3,1,212,6,,,5,5339,0
7890,,,3,5,230,4,,,5,4450,1
7891,,,3,2,262,2,,,7,5141,1
7892,,,4,4,166,2,,,8,5192,0
7893,,,6,2,99,3,,,8,5872,0
7894,,,4,2,263,3,,,7,5395,1
7895,,,5,4,223,3,,,8,4310,1
7896,,,3,1,220,2,,,7,5653,0
7897,,,3,3,242,3,,,8,5915,1
7898,,,3,4,163,3,,,6,5912,0
7899,,,3,4,273,2,,,2,4219,1
7900,,,5,5,261,5,,,9,5385,0
7901,,,5,1,179,2,,,8,5198,1
7902,,,5,2,182,3,,,10,4128,1
7903,,,3,4,202,2,,,6,5030,0
7904,,,5,2,154,4,,,8,4820,0
7905,,,4,4,224,2,,,8,5754,1
7906,,,3,2,139,3,,,4,5531,0
7907,,,3,5,256,2,,,6,5375,0
7908,,,3,2,251,4,,,7,4038,0
7909,,,4,5,254,3,,,10,4148,0
7910,,,5,1,181,3,,,6,5423,0
7911,,,4,4,254,3,,,7,5637,0
7912,,,3,3,239,3,,,7,4942,0
7913,,,3,3,167,2,,,6,5101,0
7914,,,4,2,192,2,,,9,4140,0
7915,,,3,2,163,2,,,5,5021,0
7916,,,3,1,213,2,,,6,4747,0
7917,,,3,3,230,3,,,4,4018,1
7918,,,3,3,264,3,,,3,4970,0
7919,,,5,1,182,2,,,6,4121,1
7920,,,5,1,223,3,,,4,4905,1
7921,,,4,1,261,2,,,9,4158,0
7922,,,4,2,248,2,,,10,5783,0
7923,,,4,5,169,4,,,5,5347,0
7924,,,3,4,188,6,,,6,4031,1
7925,,,3,4,142,4,,,5,4429,0
7926,,,4,1,208,2,,,5,5707,1
7927,,,4,5,239,2,,,1,4247,0
7928,,,5,5,218,5,,,5,4303,1
7929,,,4,1,137,3,,,3,4962,1
7930,,,4,4,97,6,,,4,5801,0
7931,,,3,1,242,10,,,9,5151,1
7932,,,4,3,153,7,,,4,4499,1
7933,,,3,3,188,5,,,6,5713,0
7934,,,4,1,272,2,,,8,5328,1
7935,,,2,2,165,3,,,10,4080,1
7936,,,4,4,218,2,,,3,5692,1
7937,,,4,3,153,4,,,4,5161,0
7938,,,6,1,250,2,,,4,4016,0
7939,,,4,1,204,8,,,7,5359,0
7940,,,4,1,154,10,,,10,5674,1
7941,,,4,2,233,7,,,5,5361,0
7942,,,4,3,225,8,,,8,4718,1
7943,,,4,4,269,10,,,3,4488,0
7944,,,4,5,173,4,,,7,4978,1
7945,,,4,1,145,3,,,8,5127,0
7946,,,4,4,242,2,,,6,5866,0
7947,,,3,5,255,7,,,8,4091,1
7948,,,4,1,254,7,,,5,4104,1
7949,,,4,3,150,3,,,2,4383,0
7950,,,4,2,201,8,,,6,5128,0
7951,,,5,2,262,5,,,5,1751,0
7952,,,6,4,306,4,,,8,1465,0
7953,,,6,5,276,4,,,9,1319,0
7954,,,3,2,183,5,,,3,1336,1
7955,,,5,1,239,5,,,7,1859,1
7956,,,7,3,285,4,,,10,1935,1
7957,,,5,5,229,6,,,6,1857,0
7958,,,7,5,308,5,,,6,1154,0
7959,,,6,2,293,4,,,7,1477,0
7960,,,6,4,247,4,,,7,1831,0
7961,,,6,1,260,5,,,3,1434,0
7962,,,7,1,308,4,,,5,1705,0
7963,,,5,3,274,6,,,7,1293,0
7964,,,5,1,236,6,,,4,1123,1
7965,,,7,1,291,4,,,1,1796,0
7966,,,5,4,223,3,,,7,5738,0
7967,,,4,4,261,2,,,8,5006,1
7968,,,4,1,248,2,,,6,5621,0
7969,,,4,5,169,4,,,6,4213,0
7970,,,3,2,188,6,,,1,4856,0
7971,,,3,1,142,4,,,7,4780,0
7972,,,4,1,208,2,,,6,5266,0
7973,,,4,3,239,2,,,7,5384,0
7974,,,5,3,218,5,,,9,4435,1
7975,,,4,5,137,3,,,1,4861,0
7976,,,4,3,97,6,,,4,4375,0
7977,,,3,4,242,10,,,5,4127,0
7978,,,4,1,153,7,,,4,5761,1
7979,,,3,4,188,5,,,3,4835,1
7980,,,4,4,272,2,,,7,4042,1
7981,,,2,4,165,3,,,7,5856,0
7982,,,4,4,218,2,,,3,5039,0
7983,,,4,4,153,4,,,5,5162,0
7984,,,6,3,250,2,,,1,4747,0
7985,,,4,2,204,8,,,1,4038,1
7986,,,4,3,154,10,,,7,5317,0
7987,,,4,1,233,7,,,7,4272,1
7988,,,4,2,225,8,,,8,5623,0
7989,,,4,2,269,10,,,2,5616,1
7990,,,4,1,173,4,,,1,5789,0
7991,,,4,3,145,3,,,5,5802,1
7992,,,4,5,242,2,,,2,4806,1
7993,,,3,2,255,7,,,2,5282,0
7994,,,4,2,254,7,,,6,5121,0
7995,,,4,5,150,3,,,10,5767,1
7996,,,4,1,201,8,,,4,4295,0
7997,,,5,3,262,5,,,8,1493,1
7998,,,6,1,306,4,,,4,1449,1
7999,,,6,4,276,4,,,2,1120,1
8000,,,3,2,183,5,,,2,1158,1
8001,,,5,2,239,5,,,1,1518,1
8002,,,7,2,285,4,,,2,1491,1
8003,,,5,4,229,6,,,9,1733,0
8004,,,7,3,308,5,,,10,1152,1
8005,,,6,4,293,4,,,8,1145,1
8006,,,6,3,247,4,,,6,1537,0
8007,,,6,3,260,5,,,8,1324,1
8008,,,7,1,308,4,,,7,1841,1
8009,,,6,2,282,4,,,1,1857,1
8010,,,6,4,268,4,,,3,1586,0
8011,,,5,3,238,5,,,7,1848,0
8012,,,5,3,254,6,,,7,1064,0
8013,,,5,3,252,5,,,3,1474,0
8014,,,6,4,254,4,,,9,1594,0
8015,,,4,1,263,5,,,8,1426,1
8016,,,5,4,256,5,,,6,1551,0
8017,,,6,5,264,4,,,8,1755,0
8018,,,4,5,237,5,,,2,1357,1
8019,,,4,1,226,5,,,6,1510,1
8020,,,7,5,289,4,,,3,1656,1
8021,,,7,4,281,4,,,9,1970,0
8022,,,5,1,258,5,,,4,1032,0
8023,,,6,2,263,4,,,8,1635,0
8024,,,5,3,245,5,,,2,1937,0
8025,,,7,3,296,4,,,8,1826,1
8026,,,7,3,286,4,,,5,1866,1
8027,,,6,3,252,2,,,1,1756,0
8028,,,6,5,301,4,,,7,1393,1
8029,,,7,1,290,4,,,4,1488,0
8030,,,7,1,247,4,,,6,1297,1
8031,,,5,5,238,6,,,3,1965,1
8032,,,5,2,263,5,,,10,1059,0
8033,,,5,2,263,4,,,3,1740,1
8034,,,5,2,248,5,,,3,1046,1
8035,,,7,2,289,5,,,1,1178,0
8036,,,4,4,256,5,,,1,1927,1
8037,,,6,2,287,4,,,7,1837,1
8038,,,4,2,250,5,,,10,1026,1
8039,,,7,3,301,4,,,1,1966,1
8040,,,4,1,245,5,,,3,1537,0
8041,,,4,5,226,5,,,8,1133,0
8042,,,6,2,272,5,,,8,1045,0
8043,,,3,3,307,5,,,3,1578,1
8044,,,6,1,138,3,,,6,1604,0
8045,,,5,1,248,5,,,8,1810,0
8046,,,5,1,307,4,,,8,1511,1
8047,,,6,2,256,4,,,6,1507,0
8048,,,6,5,301,5,,,8,1443,0
8049,,,7,3,245,4,,,10,1610,1
8050,,,2,2,168,2,,,2,1227,1
8051,,,6,1,295,4,,,10,1600,0
8052,,,6,4,299,4,,,9,1527,0
8053,,,6,4,253,4,,,9,1488,0
8054,,,7,4,269,4,,,5,1073,0
8055,,,5,1,267,5,,,10,1818,0
8056,,,3,5,212,3,,,7,4411,1
8057,,,5,3,258,3,,,1,5719,0
8058,,,4,3,136,3,,,6,4911,1
8059,,,3,1,101,2,,,1,5560,0
8060,,,5,2,191,4,,,3,5578,0
8061,,,5,5,186,4,,,3,4287,0
8062,,,4,4,104,5,,,7,5590,0
8063,,,4,3,201,4,,,3,4797,0
8064,,,3,2,235,2,,,10,4172,0
8065,,,4,4,271,6,,,3,5204,0
8066,,,2,3,133,4,,,5,5989,1
8067,,,3,1,256,4,,,6,4814,1
8068,,,3,1,225,2,,,2,4438,1
8069,,,5,3,202,3,,,4,4134,1
8070,,,4,4,214,3,,,1,4717,0
8071,,,6,3,217,6,,,3,4209,0
8072,,,4,1,241,2,,,3,5672,0
8073,,,2,3,263,3,,,10,5997,0
8074,,,4,2,273,2,,,9,4221,0
8075,,,4,4,199,3,,,9,5016,0
8076,,,4,1,198,4,,,9,5382,0
8077,,,2,4,101,6,,,6,5080,1
8078,,,4,4,155,4,,,10,5483,1
8079,,,2,1,155,2,,,2,5661,1
8080,,,4,3,117,3,,,4,4666,0
8081,,,3,2,262,2,,,5,5747,1
8082,,,5,4,142,3,,,8,5468,1
8083,,,4,4,115,3,,,7,4609,0
8084,,,4,4,175,3,,,6,4600,1
8085,,,2,5,239,2,,,9,5363,1
8086,,,4,1,171,2,,,3,4271,0
8087,,,4,4,174,3,,,8,4348,0
8088,,,4,1,164,3,,,1,5492,0
8089,,,3,2,262,2,,,4,5738,0
8090,,,3,5,262,2,,,7,4422,1
8091,,,3,1,245,3,,,4,5449,0
8092,,,3,4,184,3,,,2,4875,0
8093,,,5,1,231,2,,,10,4892,1
8094,,,5,1,226,4,,,2,5600,0
8095,,,4,1,211,3,,,2,5851,0
8096,,,4,2,266,5,,,3,4578,0
8097,,,4,2,216,3,,,4,4309,1
8098,,,4,3,153,3,,,5,5743,1
8099,,,2,2,242,3,,,9,4717,0
8100,,,5,1,282,5,,,6,5182,1
8101,,,4,1,165,3,,,10,4574,0
8102,,,3,1,146,3,,,9,4944,1
8103,,,5,3,113,3,,,5,4743,0
8104,,,3,2,161,3,,,1,5757,0
8105,,,2,2,219,2,,,8,4518,0
8106,,,4,2,237,2,,,1,5261,0
8107,,,4,3,246,3,,,5,4384,0
8108,,,3,4,229,6,,,3,5471,0
8109,,,3,3,195,3,,,1,4224,0
8110,,,4,3,160,2,,,5,4522,1
8111,,,3,5,144,2,,,6,5983,0
8112,,,3,3,217,4,,,3,5602,0
8113,,,3,4,240,3,,,6,4412,0
8114,,,3,2,210,3,,,8,4011,0
8115,,,4,2,249,3,,,9,5459,1
8116,,,4,1,178,3,,,3,5520,1
8117,,,6,4,224,4,,,6,4493,0
8118,,,3,1,142,3,,,10,4915,1
8119,,,4,5,163,2,,,10,5529,1
8120,,,4,1,261,4,,,10,4632,0
8121,,,3,4,151,3,,,5,4767,1
8122,,,4,2,197,2,,,3,4715,1
8123,,,6,3,155,2,,,1,4182,1
8124,,,3,5,152,4,,,2,4809,0
8125,,,4,5,275,6,,,3,5008,0
8126,,,3,1,102,4,,,4,5936,1
8127,,,4,1,285,2,,,4,4401,0
8128,,,4,5,248,2,,,10,4366,1
8129,,,3,4,274,3,,,7,5036,1
8130,,,4,4,104,4,,,6,4323,1
8131,,,5,4,176,3,,,10,5456,0
8132,,,5,4,237,3,,,1,4369,0
8133,,,4,4,247,2,,,9,5095,0
8134,,,5,5,212,5,,,6,4463,0
8135,,,4,5,226,2,,,1,4532,0
8136,,,6,2,213,2,,,7,5415,0
8137,,,4,3,177,3,,,1,5282,0
8138,,,4,5,235,4,,,6,4633,1
8139,,,3,4,263,3,,,2,5741,1
8140,,,3,3,181,3,,,10,5337,0
8141,,,3,2,178,2,,,2,4122,0
8142,,,3,5,243,3,,,4,4130,1
8143,,,3,3,230,3,,,2,4742,1
8144,,,4,3,106,2,,,6,5867,0
8145,,,4,5,266,3,,,2,4867,0
8146,,,5,2,284,4,,,1,4171,1
8147,,,2,5,233,3,,,9,4751,1
8148,,,3,3,200,3,,,2,4777,1
8149,,,3,2,176,2,,,1,5292,0
8150,,,5,1,279,5,,,4,4405,1
8151,,,3,3,164,3,,,9,5070,0
8152,,,4,3,163,3,,,10,5002,1
8153,,,4,5,254,3,,,3,4404,0
8154,,,5,4,234,3,,,2,4269,0
8155,,,4,1,191,3,,,8,4021,1
8156,,,3,3,224,3,,,5,4214,1
8157,,,3,1,250,2,,,5,4232,0
8158,,,4,5,101,6,,,8,4146,0
8159,,,3,2,227,3,,,6,5058,0
8160,,,3,1,173,2,,,4,5521,0
8161,,,4,3,209,5,,,6,4384,0
8162,,,3,5,241,3,,,4,4132,0
8163,,,5,5,257,3,,,9,5972,0
8164,,,5,1,146,3,,,3,4345,1
8165,,,2,3,129,5,,,3,5444,1
8166,,,3,4,285,3,,,9,4768,1
8167,,,3,1,133,3,,,5,5213,1
8168,,,4,2,185,3,,,1,4786,0
8169,,,5,5,193,4,,,8,5714,0
8170,,,5,4,228,6,,,5,4974,1
8171,,,3,3,179,2,,,5,5058,0
8172,,,4,2,224,3,,,9,4896,0
8173,,,3,2,279,6,,,1,5855,0
8174,,,4,2,181,3,,,4,5717,0
8175,,,5,5,198,2,,,9,4526,0
8176,,,3,5,193,3,,,4,5817,0
8177,,,5,4,184,3,,,1,4208,1
8178,,,5,2,139,3,,,9,5920,0
8179,,,5,3,210,3,,,5,4560,1
8180,,,4,3,225,2,,,2,4520,1
8181,,,3,1,189,2,,,5,4738,0
8182,,,4,5,164,4,,,4,5736,0
8183,,,3,5,196,3,,,1,5303,1
8184,,,5,3,246,2,,,1,4533,0
8185,,,4,4,188,4,,,10,4571,1
8186,,,3,3,250,2,,,4,4380,0
8187,,,4,2,156,4,,,2,5795,1
8188,,,3,1,218,4,,,6,5480,1
8189,,,5,5,172,2,,,5,5791,0
8190,,,3,1,259,2,,,3,4380,0
8191,,,3,3,231,3,,,9,4623,1
8192,,,5,2,224,3,,,4,4271,0
8193,,,4,5,201,3,,,7,4048,0
8194,,,4,2,189,2,,,5,4374,0
8195,,,5,4,265,3,,,10,4565,0
8196,,,3,5,147,3,,,5,5357,1
8197,,,4,4,195,3,,,6,5783,0
8198,,,4,5,216,3,,,7,5891,0
8199,,,4,2,148,2,,,5,4031,0
8200,,,5,4,180,4,,,7,4200,1
8201,,,3,3,169,3,,,7,5976,0
8202,,,3,4,200,3,,,7,5400,0
8203,,,3,3,255,2,,,10,5632,0
8204,,,4,3,238,2,,,1,4051,0
8205,,,3,4,163,3,,,5,5088,1
8206,,,4,5,177,3,,,7,4031,1
8207,,,4,5,206,3,,,5,5785,1
8208,,,3,4,175,3,,,2,5272,0
8209,,,5,5,247,2,,,5,4250,0
8210,,,4,3,152,4,,,4,5809,0
8211,,,4,4,162,3,,,8,5394,0
8212,,,3,4,206,3,,,5,5915,0
8213,,,3,4,186,4,,,6,5540,0
8214,,,4,5,179,3,,,4,4487,0
8215,,,3,5,172,3,,,7,4929,0
8216,,,3,3,158,2,,,7,4865,0
8217,,,6,5,143,5,,,9,4060,0
8218,,,5,3,171,3,,,7,4994,0
8219,,,4,2,175,3,,,4,4426,0
8220,,,4,5,173,3,,,8,4040,1
8221,,,4,4,268,3,,,10,4531,0
8222,,,4,5,232,3,,,8,5923,0
8223,,,4,2,203,4,,,9,4217,0
8224,,,3,4,140,3,,,3,5300,0
8225,,,3,4,138,3,,,10,4327,1
8226,,,5,1,262,3,,,9,5146,0
8227,,,4,1,245,3,,,9,4024,1
8228,,,3,4,224,3,,,10,4806,1
8229,,,3,4,186,2,,,4,4585,0
8230,,,4,2,282,4,,,5,5422,1
8231,,,5,1,266,3,,,8,4786,1
8232,,,4,2,256,4,,,7,5571,0
8233,,,3,3,155,3,,,7,5464,0
8234,,,2,4,142,3,,,2,5700,0
8235,,,6,3,229,8,,,6,4600,0
8236,,,4,3,211,8,,,6,5583,0
8237,,,5,1,264,6,,,4,5337,0
8238,,,6,1,217,4,,,3,5571,0
8239,,,5,3,145,3,,,3,4077,1
8240,,,3,2,185,4,,,6,5854,0
8241,,,4,4,221,10,,,6,5582,1
8242,,,4,5,208,3,,,8,4632,0
8243,,,4,5,260,2,,,2,5368,0
8244,,,4,4,177,7,,,3,5646,1
8245,,,4,1,144,4,,,10,4175,0
8246,,,3,5,174,2,,,4,5692,0
8247,,,3,2,215,4,,,1,4158,0
8248,,,4,5,270,10,,,9,5085,1
8249,,,3,4,209,2,,,10,4540,0
8250,,,5,1,103,5,,,10,5413,1
8251,,,5,1,184,3,,,10,4674,1
8252,,,5,3,226,2,,,6,5033,0
8253,,,5,2,158,3,,,4,4324,0
8254,,,3,2,274,2,,,2,5029,0
8255,,,3,4,245,3,,,7,5429,0
8256,,,5,3,254,6,,,8,1932,0
8257,,,5,3,252,5,,,2,1312,1
8258,,,6,4,254,4,,,2,1174,0
8259,,,4,3,263,5,,,10,1762,0
8260,,,5,1,256,5,,,5,1970,0
8261,,,6,5,264,4,,,9,1922,1
8262,,,4,2,237,5,,,6,1734,1
8263,,,4,1,226,5,,,2,1912,0
8264,,,7,1,289,4,,,4,1543,1
8265,,,7,1,281,4,,,9,1235,0
8266,,,5,5,258,5,,,6,1068,1
8267,,,6,4,263,4,,,3,1276,0
8268,,,5,3,245,5,,,1,1605,0
8269,,,7,3,296,4,,,7,1427,0
8270,,,7,4,286,4,,,3,1262,1
8271,,,6,3,252,2,,,6,1470,1
8272,,,6,5,301,4,,,4,1707,1
8273,,,7,4,290,4,,,10,1886,1
8274,,,7,2,247,4,,,9,1096,1
8275,,,3,1,138,3,,,2,4766,1
8276,,,5,4,262,3,,,6,4428,0
8277,,,4,2,245,3,,,5,5226,0
8278,,,3,1,224,3,,,1,4862,1
8279,,,3,1,186,2,,,1,5054,1
8280,,,4,1,282,4,,,10,5065,0
8281,,,5,4,266,3,,,2,5260,1
8282,,,4,5,256,4,,,8,5244,1
8283,,,3,1,155,3,,,7,5709,0
8284,,,2,5,142,3,,,10,5174,0
8285,,,6,5,229,8,,,2,4271,1
8286,,,4,3,211,8,,,3,4550,0
8287,,,5,5,264,6,,,8,4644,1
8288,,,6,4,217,4,,,4,4247,1
8289,,,5,4,145,3,,,2,4492,1
8290,,,3,5,185,4,,,9,5704,0
8291,,,4,5,221,10,,,9,4646,0
8292,,,4,2,208,3,,,8,4342,0
8293,,,4,4,260,2,,,6,4474,0
8294,,,4,5,177,7,,,2,4299,0
8295,,,4,1,144,4,,,8,4970,0
8296,,,3,3,174,2,,,1,5556,0
8297,,,3,2,215,4,,,2,4673,1
8298,,,4,1,270,10,,,5,5494,1
8299,,,3,4,209,2,,,5,4363,0
8300,,,5,1,103,5,,,3,4966,0
8301,,,5,2,184,3,,,4,4552,0
8302,,,5,3,226,2,,,2,4219,0
8303,,,5,4,158,3,,,10,4670,1
8304,,,3,1,274,2,,,2,4352,0
8305,,,3,2,245,3,,,7,4121,0
8306,,,5,4,254,6,,,4,1850,1
8307,,,5,4,252,5,,,9,1133,1
8308,,,6,2,254,4,,,9,1626,0
8309,,,4,1,263,5,,,3,1777,0
8310,,,5,5,256,5,,,10,1333,1
8311,,,6,3,264,4,,,5,1397,0
8312,,,4,1,237,5,,,5,1041,0
8313,,,4,1,226,5,,,6,1723,0
8314,,,7,4,289,4,,,1,1657,0
8315,,,7,2,281,4,,,6,1118,1
8316,,,5,5,258,5,,,10,1719,1
8317,,,6,5,263,4,,,10,1669,0
8318,,,5,3,245,5,,,10,1112,0
8319,,,7,3,296,4,,,2,1304,1
8320,,,7,3,286,4,,,2,1712,1
8321,,,6,5,299,4,,,1,1629,1
8322,,,6,4,253,4,,,10,1248,0
8323,,,7,5,269,4,,,9,1835,0
8324,,,5,1,267,5,,,3,1194,1
8325,,,5,4,226,5,,,4,1518,0
8326,,,6,4,278,4,,,3,1141,1
8327,,,4,4,232,5,,,2,1386,0
8328,,,6,4,287,4,,,5,1972,1
8329,,,4,2,228,5,,,6,1718,0
8330,,,5,1,232,5,,,4,1776,0
8331,,,6,5,308,4,,,8,1569,1
8332,,,7,5,287,4,,,8,1748,0
8333,,,6,3,246,4,,,8,1741,0
8334,,,4,1,262,6,,,1,1627,1
8335,,,6,4,275,4,,,10,1005,0
8336,,,5,4,236,5,,,2,1664,1
8337,,,5,2,221,6,,,2,1781,1
8338,,,5,4,271,5,,,4,1320,0
8339,,,4,4,229,5,,,9,1361,0
8340,,,5,1,291,4,,,3,1663,1
8341,,,5,5,261,6,,,1,1082,0
8342,,,6,4,285,4,,,10,1422,0
8343,,,6,4,262,5,,,9,1369,0
8344,,,4,5,219,5,,,2,1260,0
8345,,,6,1,302,4,,,1,1622,1
8346,,,4,4,269,5,,,2,1473,0
8347,,,5,4,260,5,,,10,1708,1
8348,,,7,2,297,4,,,7,1383,1
8349,,,6,1,278,4,,,6,1576,0
8350,,,5,3,265,5,,,3,1005,1
8351,,,6,2,286,4,,,5,1248,1
8352,,,6,2,248,4,,,10,1563,1
8353,,,6,5,302,4,,,7,1592,0
8354,,,6,1,272,4,,,2,1018,0
8355,,,6,4,279,4,,,10,1462,1
8356,,,4,2,255,5,,,2,1255,0
8357,,,5,4,245,5,,,4,1771,1
8358,,,4,5,247,5,,,6,1737,0
8359,,,6,4,275,4,,,5,1989,0
8360,,,6,3,255,4,,,8,1805,0
8361,,,6,2,243,4,,,2,1665,1
8362,,,4,1,234,6,,,7,1711,0
8363,,,5,2,276,6,,,6,1043,0
8364,,,5,1,228,5,,,7,1818,0
8365,,,5,5,232,6,,,2,1550,1
8366,,,5,1,248,4,,,6,1944,1
8367,,,5,4,136,4,,,9,5469,0
8368,,,4,3,240,3,,,8,4423,0
8369,,,4,4,147,3,,,9,4534,1
8370,,,4,1,222,2,,,10,4714,1
8371,,,3,3,163,3,,,5,5362,0
8372,,,5,4,254,3,,,4,5611,1
8373,,,4,2,246,3,,,1,5113,0
8374,,,2,1,168,4,,,6,4800,0
8375,,,4,1,145,3,,,8,4915,0
8376,,,5,2,224,2,,,8,4047,1
8377,,,4,5,248,4,,,2,4427,0
8378,,,3,3,212,2,,,2,5125,0
8379,,,5,5,268,3,,,8,5480,0
8380,,,4,1,200,3,,,5,4120,1
8381,,,5,2,246,3,,,9,5795,0
8382,,,4,3,142,3,,,1,4900,0
8383,,,4,3,173,4,,,9,5672,0
8384,,,5,3,156,4,,,8,5868,0
8385,,,3,1,223,2,,,8,5719,1
8386,,,4,5,231,3,,,4,5174,1
8387,,,2,4,264,3,,,1,5437,1
8388,,,4,4,175,5,,,10,4498,1
8389,,,2,4,149,5,,,7,5541,0
8390,,,3,1,226,2,,,7,4703,0
8391,,,3,1,133,3,,,5,4538,0
8392,,,5,2,190,2,,,1,5005,0
8393,,,3,5,238,2,,,5,4052,0
8394,,,6,4,152,3,,,10,4376,1
8395,,,3,4,249,3,,,10,5629,1
8396,,,4,3,181,2,,,4,5622,1
8397,,,3,3,239,2,,,2,5625,0
8398,,,3,1,167,3,,,10,4341,1
8399,,,3,5,246,3,,,1,5650,1
8400,,,5,1,139,3,,,1,5953,1
8401,,,5,1,150,4,,,1,5098,0
8402,,,3,3,151,3,,,1,5297,0
8403,,,4,1,186,3,,,6,4758,0
8404,,,3,4,250,3,,,6,5565,0
8405,,,4,1,162,3,,,6,4343,1
8406,,,5,3,135,3,,,5,4484,0
8407,,,3,1,238,2,,,5,4355,1
8408,,,6,5,167,2,,,10,4013,1
8409,,,4,1,269,5,,,3,4534,1
8410,,,4,2,187,2,,,7,4470,1
8411,,,3,3,241,2,,,2,4836,1
8412,,,3,2,168,3,,,10,4979,1
8413,,,4,4,273,2,,,1,5759,1
8414,,,4,3,257,3,,,8,4447,1
8415,,,5,1,205,2,,,3,5682,1
8416,,,4,1,260,5,,,1,5559,1
8417,,,2,1,207,3,,,10,5394,0
8418,,,3,1,202,2,,,7,4598,0
8419,,,5,1,224,3,,,7,5870,1
8420,,,5,1,193,2,,,8,5184,0
8421,,,5,3,199,3,,,3,4885,1
8422,,,4,3,187,4,,,9,5699,1
8423,,,5,2,208,3,,,6,4744,1
8424,,,3,5,228,2,,,3,5208,0
8425,,,3,3,160,4,,,7,5147,0
8426,,,3,1,195,3,,,3,5961,0
8427,,,3,4,240,2,,,2,5661,0
8428,,,2,2,271,4,,,9,4066,0
8429,,,4,1,236,3,,,8,4114,0
8430,,,3,2,199,4,,,1,5660,0
8431,,,3,1,246,2,,,9,4947,0
8432,,,3,1,250,4,,,8,4028,1
8433,,,4,1,188,2,,,10,5085,1
8434,,,3,2,256,3,,,1,4932,0
8435,,,3,5,147,3,,,8,5272,1
8436,,,3,3,234,3,,,6,5652,0
8437,,,3,1,247,4,,,8,5376,1
8438,,,5,1,267,4,,,5,5792,0
8439,,,6,5,246,5,,,3,4660,1
8440,,,4,1,284,4,,,4,4795,1
8441,,,3,3,142,6,,,2,5748,1
8442,,,3,1,132,2,,,2,4129,0
8443,,,3,5,252,2,,,4,4098,1
8444,,,4,1,243,3,,,5,5989,0
8445,,,6,4,281,3,,,7,5180,0
8446,,,3,5,142,2,,,6,5974,1
8447,,,3,1,209,2,,,2,4855,0
8448,,,3,3,157,4,,,7,4487,1
8449,,,5,1,267,3,,,7,5789,1
8450,,,5,5,177,5,,,1,4379,1
8451,,,4,3,214,2,,,6,4345,0
8452,,,4,3,247,3,,,4,4962,1
8453,,,3,1,268,4,,,10,5226,1
8454,,,5,3,242,3,,,6,5013,1
8455,,,2,4,176,3,,,1,4509,0
8456,,,5,5,231,3,,,10,5361,0
8457,,,3,5,124,2,,,1,5709,1
8458,,,3,2,179,3,,,4,4102,1
8459,,,4,3,207,3,,,7,4220,1
8460,,,4,2,128,3,,,7,5675,1
8461,,,3,5,167,2,,,8,5083,0
8462,,,3,2,243,4,,,5,4670,1
8463,,,4,5,252,4,,,6,4983,0
8464,,,4,1,202,2,,,10,5428,1
8465,,,4,3,241,2,,,3,4636,1
8466,,,4,5,182,2,,,10,5098,1
8467,,,2,2,156,3,,,5,5628,1
8468,,,4,4,266,3,,,6,5758,1
8469,,,4,1,228,3,,,9,4678,0
8470,,,4,5,210,4,,,3,5432,1
8471,,,3,5,135,2,,,7,5331,0
8472,,,4,5,248,2,,,4,4789,1
8473,,,3,3,227,3,,,3,5644,0
8474,,,3,2,257,3,,,2,5486,1
8475,,,4,5,199,3,,,2,4462,0
8476,,,4,3,232,2,,,1,5398,0
8477,,,5,1,258,6,,,7,4344,0
8478,,,5,1,268,3,,,5,5663,0
8479,,,3,4,260,5,,,2,4461,0
8480,,,4,2,190,2,,,1,4020,1
8481,,,5,5,176,3,,,8,5335,1
8482,,,3,2,227,2,,,10,5401,0
8483,,,6,4,150,5,,,8,4709,0
8484,,,3,2,160,2,,,4,4376,0
8485,,,6,3,113,2,,,4,5130,1
8486,,,5,1,145,3,,,5,5019,0
8487,,,4,4,206,3,,,2,5572,1
8488,,,3,1,207,3,,,5,4643,1
8489,,,3,3,133,2,,,8,4241,0
8490,,,3,5,261,3,,,10,4224,1
8491,,,4,1,194,2,,,1,4198,0
8492,,,3,1,244,3,,,6,4062,1
8493,,,4,5,150,3,,,5,4512,0
8494,,,3,1,267,2,,,7,4486,1
8495,,,3,2,251,2,,,4,4074,0
8496,,,4,2,185,3,,,8,4322,1
8497,,,2,1,112,5,,,1,4543,0
8498,,,3,2,264,4,,,1,4877,0
8499,,,5,4,274,3,,,1,5017,1
8500,,,4,5,234,3,,,10,4204,1
8501,,,3,1,157,2,,,7,5560,0
8502,,,6,1,247,6,,,6,4691,0
8503,,,5,1,179,2,,,8,5301,1
8504,,,3,1,202,2,,,10,4412,1
8505,,,4,2,148,2,,,3,4651,0
8506,,,5,1,183,6,,,2,5082,0
8507,,,3,2,229,3,,,9,4491,1
8508,,,3,4,196,4,,,5,4749,1
8509,,,3,3,264,3,,,6,5482,1
8510,,,3,2,233,4,,,1,5886,0
8511,,,3,1,166,2,,,7,4375,0
8512,,,5,3,185,2,,,2,5420,0
8513,,,3,5,184,3,,,2,4357,1
8514,,,6,3,98,6,,,9,4787,1
8515,,,3,2,177,2,,,7,4764,1
8516,,,3,5,193,2,,,10,5776,0
8517,,,3,3,165,2,,,1,4768,0
8518,,,4,4,183,4,,,6,4562,1
8519,,,4,4,161,3,,,2,5257,0
8520,,,2,1,238,2,,,4,4992,0
8521,,,3,5,191,4,,,4,4008,1
8522,,,3,2,165,3,,,6,5642,0
8523,,,3,5,233,2,,,1,4913,0
8524,,,4,1,234,2,,,4,5066,1
8525,,,4,1,252,3,,,4,5540,0
8526,,,3,1,155,3,,,9,5539,0
8527,,,3,5,269,8,,,8,4462,0
8528,,,4,5,224,2,,,8,5871,0
8529,,,5,3,230,3,,,7,4844,0
8530,,,4,5,253,3,,,9,4205,0
8531,,,5,2,181,3,,,4,4323,0
8532,,,4,2,233,4,,,1,4316,0
8533,,,4,1,243,5,,,1,4624,1
8534,,,5,4,271,2,,,6,4801,1
8535,,,4,3,134,4,,,5,4507,1
8536,,,3,5,154,10,,,10,5282,1
8537,,,6,1,222,8,,,2,4914,0
8538,,,3,4,251,10,,,2,4336,1
8539,,,4,3,239,3,,,10,4020,0
8540,,,5,4,211,3,,,9,4908,0
8541,,,3,4,195,10,,,5,5950,1
8542,,,4,4,224,10,,,9,4149,0
8543,,,4,5,144,8,,,2,4956,1
8544,,,4,2,167,4,,,5,5250,0
8545,,,3,1,188,4,,,8,5884,1
8546,,,2,4,245,2,,,3,5850,1
8547,,,2,5,212,2,,,3,4389,0
8548,,,3,3,240,3,,,5,4888,1
8549,,,5,2,226,5,,,5,1323,0
8550,,,6,5,278,4,,,2,1167,1
8551,,,4,2,232,5,,,4,1783,0
8552,,,6,3,287,4,,,3,1824,0
8553,,,4,4,228,5,,,1,1788,1
8554,,,5,4,232,5,,,10,1512,0
8555,,,6,5,308,4,,,8,1164,1
8556,,,7,4,287,4,,,9,1667,1
8557,,,6,4,246,4,,,3,1852,0
8558,,,4,5,262,6,,,10,1156,0
8559,,,6,1,275,4,,,7,1767,0
8560,,,5,1,236,5,,,3,1699,0
8561,,,5,4,221,6,,,6,1488,1
8562,,,5,1,271,5,,,5,1869,1
8563,,,4,4,229,5,,,7,1049,1
8564,,,3,2,177,2,,,9,4648,0
8565,,,3,2,193,2,,,3,4799,1
8566,,,3,4,165,2,,,1,5745,0
8567,,,4,5,183,4,,,3,5881,0
8568,,,4,2,161,3,,,8,4382,0
8569,,,2,5,238,2,,,6,5325,1
8570,,,3,5,191,4,,,2,5177,1
8571,,,3,1,165,3,,,10,5823,0
8572,,,3,5,233,2,,,2,4193,0
8573,,,4,4,234,2,,,8,5744,0
8574,,,4,3,252,3,,,10,5802,1
8575,,,3,2,155,3,,,1,5731,1
8576,,,3,1,269,8,,,4,4290,0
8577,,,4,1,224,2,,,6,4454,1
8578,,,5,4,230,3,,,6,4257,0
8579,,,4,5,253,3,,,1,5402,0
8580,,,5,1,181,3,,,3,5118,0
8581,,,4,2,233,4,,,6,5256,0
8582,,,4,4,243,5,,,10,4356,0
8583,,,5,5,271,2,,,6,4788,1
8584,,,4,3,134,4,,,8,4879,1
8585,,,3,2,154,10,,,8,5811,1
8586,,,6,4,222,8,,,1,5808,1
8587,,,3,5,251,10,,,9,5962,0
8588,,,4,5,239,3,,,6,5154,1
8589,,,5,1,211,3,,,7,5594,1
8590,,,3,2,195,10,,,9,4256,0
8591,,,4,5,224,10,,,7,4521,1
8592,,,4,4,144,8,,,6,4390,1
8593,,,4,1,167,4,,,7,5264,0
8594,,,3,3,188,4,,,1,4296,1
8595,,,2,4,245,2,,,10,5389,0
8596,,,2,1,212,2,,,8,4128,0
8597,,,3,5,240,3,,,6,5642,0
8598,,,5,1,226,5,,,3,1409,0
8599,,,6,3,278,4,,,9,1368,0
8600,,,4,1,232,5,,,8,1943,0
8601,,,6,5,287,4,,,8,1465,0
8602,,,4,5,228,5,,,5,1373,1
8603,,,5,5,232,5,,,1,1127,0
8604,,,6,5,308,4,,,4,1202,0
8605,,,7,1,287,4,,,1,1660,0
8606,,,6,5,246,4,,,2,1581,0
8607,,,4,1,262,6,,,3,1830,1
8608,,,6,5,275,4,,,6,1872,0
8609,,,5,3,236,5,,,10,1630,0
8610,,,5,2,221,6,,,4,1952,1
8611,,,5,4,228,5,,,9,1549,1
8612,,,4,5,234,5,,,1,1991,1
8613,,,5,1,242,5,,,9,1767,0
8614,,,7,1,307,4,,,8,1339,0
8615,,,6,3,260,4,,,4,1358,0
8616,,,4,5,239,5,,,7,1380,0
8617,,,6,4,305,4,,,1,1384,0
8618,,,5,2,254,6,,,5,1951,0
8619,,,2,1,258,5,,,9,1548,1
8620,,,5,3,267,6,,,10,1027,0
8621,,,4,2,246,5,,,10,1720,0
8622,,,4,2,246,5,,,9,1206,1
8623,,,4,2,261,5,,,5,1073,1
8624,,,5,1,239,5,,,6,1815,0
8625,,,5,3,245,5,,,8,1471,0
8626,,,5,3,237,5,,,2,1869,1
8627,,,7,3,307,4,,,1,1793,1
8628,,,5,2,252,5,,,10,1568,0
8629,,,5,5,225,5,,,7,1168,0
8630,,,6,4,258,4,,,7,1726,1
8631,,,7,1,254,4,,,6,1279,1
8632,,,5,3,232,5,,,1,1835,1
8633,,,7,1,255,4,,,3,1450,0
8634,,,5,1,235,5,,,10,1920,0
8635,,,7,5,269,4,,,2,1592,0
8636,,,6,2,243,4,,,4,1768,0
8637,,,7,2,253,4,,,1,1294,1
8638,,,5,1,266,5,,,2,1798,0
8639,,,5,3,154,4,,,3,1066,1
8640,,,4,3,245,5,,,4,1470,0
8641,,,4,5,275,5,,,8,1093,1
8642,,,6,1,261,4,,,10,1290,1
8643,,,4,5,273,5,,,2,1441,0
8644,,,6,4,303,5,,,5,1195,1
8645,,,5,1,255,5,,,3,1574,1
8646,,,4,4,225,5,,,1,1476,1
8647,,,4,5,233,6,,,8,1176,0
8648,,,6,1,285,4,,,3,1448,1
8649,,,5,5,272,4,,,10,1383,1
8650,,,7,5,273,4,,,9,1329,1
8651,,,4,3,253,6,,,4,1788,1
8652,,,6,2,279,4,,,4,1148,0
8653,,,4,2,235,5,,,8,1021,0
8654,,,4,1,255,5,,,9,1793,1
8655,,,7,5,301,4,,,7,1727,0
8656,,,7,1,245,4,,,4,1653,1
8657,,,7,5,265,4,,,1,1601,0
8658,,,4,4,252,5,,,2,1995,1
8659,,,6,1,281,4,,,2,1592,0
8660,,,6,2,269,4,,,10,1166,0
8661,,,4,2,271,5,,,4,1633,1
8662,,,5,2,239,5,,,6,1365,1
8663,,,7,5,293,4,,,2,1080,1
8664,,,4,1,165,5,,,1,4170,1
8665,,,3,3,202,4,,,9,4917,0
8666,,,4,4,201,3,,,2,5385,0
8667,,,5,5,161,3,,,5,4702,0
8668,,,5,5,193,3,,,3,5037,0
8669,,,3,1,152,3,,,1,4949,1
8670,,,4,4,189,2,,,3,5837,1
8671,,,3,1,159,3,,,10,4784,1
8672,,,5,1,259,3,,,1,5725,0
8673,,,3,2,224,3,,,8,5869,0
8674,,,4,4,172,2,,,3,5538,1
8675,,,4,5,148,3,,,5,5216,0
8676,,,4,3,274,3,,,8,4276,0
8677,,,3,1,207,4,,,9,5889,0
8678,,,4,5,159,5,,,2,5654,1
8679,,,3,1,198,3,,,3,4965,1
8680,,,4,5,196,2,,,3,5505,0
8681,,,5,1,137,2,,,9,4580,1
8682,,,3,3,192,3,,,4,5479,0
8683,,,3,4,214,3,,,1,5722,0
8684,,,6,3,267,4,,,2,5917,1
8685,,,3,5,205,3,,,9,4565,1
8686,,,2,4,102,4,,,6,5421,0
8687,,,3,2,150,2,,,5,5264,0
8688,,,5,1,176,3,,,3,5919,0
8689,,,3,3,169,3,,,1,4647,0
8690,,,4,4,151,3,,,5,4732,0
8691,,,3,5,243,3,,,1,4623,0
8692,,,4,2,150,2,,,2,5301,0
8693,,,4,3,229,2,,,6,4226,1
8694,,,6,2,164,4,,,6,5264,0
8695,,,3,5,220,3,,,9,5672,1
8696,,,3,1,187,3,,,7,4607,0
8697,,,5,4,255,3,,,1,5775,1
8698,,,5,4,252,3,,,2,4162,0
8699,,,5,5,242,4,,,2,5359,0
8700,,,3,1,162,3,,,7,5073,0
8701,,,3,2,219,3,,,1,4918,1
8702,,,4,2,248,3,,,2,5028,1
8703,,,4,3,228,3,,,1,5408,1
8704,,,4,4,149,2,,,2,5881,0
8705,,,3,5,206,3,,,9,5751,0
8706,,,3,1,204,3,,,4,4619,1
8707,,,5,3,222,4,,,2,4060,0
8708,,,3,5,248,2,,,1,4108,1
8709,,,3,3,225,3,,,7,4961,1
8710,,,3,2,244,2,,,9,4142,0
8711,,,2,3,184,4,,,3,4719,0
8712,,,4,5,223,3,,,9,5649,1
8713,,,4,2,133,6,,,9,4879,0
8714,,,4,3,164,4,,,1,4257,0
8715,,,3,5,222,4,,,9,4247,0
8716,,,2,1,198,2,,,8,4323,0
8717,,,5,5,198,3,,,5,4754,1
8718,,,5,1,193,6,,,4,5964,0
8719,,,5,1,149,3,,,9,5173,1
8720,,,4,4,265,4,,,6,4607,1
8721,,,3,3,187,2,,,7,4859,0
8722,,,4,5,198,2,,,9,4108,0
8723,,,3,4,177,3,,,1,4965,0
8724,,,5,3,255,4,,,5,5870,0
8725,,,3,2,141,2,,,7,5231,0
8726,,,3,2,180,2,,,4,4758,1
8727,,,3,4,254,3,,,4,5830,1
8728,,,2,3,211,2,,,2,4611,0
8729,,,3,4,238,2,,,7,5974,0
8730,,,4,4,239,3,,,6,5632,0
8731,,,4,3,175,2,,,3,4961,1
8732,,,5,2,238,2,,,5,5703,0
8733,,,6,4,268,4,,,5,4126,1
8734,,,4,5,142,2,,,10,5428,1
8735,,,3,2,186,2,,,3,5712,0
8736,,,4,3,154,3,,,4,4867,1
8737,,,4,4,229,2,,,9,5672,1
8738,,,3,4,264,3,,,8,4575,1
8739,,,4,3,196,3,,,8,5541,0
8740,,,5,2,169,2,,,4,6000,1
8741,,,3,5,168,3,,,8,5877,0
8742,,,3,4,226,2,,,8,5793,0
8743,,,5,4,189,2,,,4,5575,1
8744,,,4,4,183,2,,,7,4572,1
8745,,,3,1,228,2,,,7,4977,0
8746,,,3,2,260,2,,,7,5553,1
8747,,,4,2,112,2,,,8,4599,0
8748,,,5,5,221,3,,,9,5295,0
8749,,,4,5,258,3,,,8,4046,1
8750,,,4,2,133,3,,,5,5950,0
8751,,,3,1,139,3,,,4,4666,0
8752,,,5,1,251,4,,,10,5931,0
8753,,,5,1,258,3,,,3,4908,0
8754,,,4,2,229,2,,,7,4855,1
8755,,,6,4,220,4,,,5,5465,1
8756,,,5,3,160,3,,,10,4416,1
8757,,,3,1,154,3,,,4,4631,0
8758,,,5,3,197,5,,,1,5581,0
8759,,,4,4,141,3,,,10,4289,0
8760,,,3,2,199,2,,,7,5531,1
8761,,,4,3,187,6,,,9,5872,0
8762,,,3,4,136,3,,,6,4631,0
8763,,,3,4,232,5,,,9,5759,0
8764,,,3,2,257,2,,,9,5085,1
8765,,,4,1,156,2,,,4,5225,0
8766,,,3,5,179,3,,,2,4913,0
8767,,,5,5,182,3,,,9,5388,0
8768,,,4,4,209,6,,,7,4852,0
8769,,,5,5,137,3,,,5,4814,0
8770,,,5,2,174,5,,,8,4656,0
8771,,,3,4,251,3,,,5,5608,1
8772,,,5,4,220,2,,,8,5073,0
8773,,,3,3,196,4,,,9,5631,1
8774,,,3,1,162,3,,,10,5726,0
8775,,,4,2,242,2,,,8,5243,1
8776,,,4,3,226,3,,,10,5305,0
8777,,,3,1,101,3,,,7,4275,1
8778,,,5,2,226,3,,,1,5451,0
8779,,,5,3,280,6,,,5,4585,0
8780,,,4,2,257,2,,,3,4108,1
8781,,,5,5,185,5,,,5,4078,0
8782,,,3,2,199,3,,,8,5431,0
8783,,,3,2,273,3,,,8,5754,1
8784,,,4,5,229,4,,,6,4157,0
8785,,,3,3,199,3,,,1,4006,1
8786,,,3,1,151,3,,,7,4072,0
8787,,,5,1,213,2,,,10,5607,1
8788,,,3,4,151,3,,,3,4938,0
8789,,,4,2,212,3,,,5,5413,0
8790,,,4,3,175,3,,,9,4840,1
8791,,,3,3,182,4,,,2,4746,1
8792,,,5,2,211,2,,,2,5077,0
8793,,,3,1,160,3,,,5,5524,0
8794,,,3,5,268,2,,,10,5895,0
8795,,,3,5,188,4,,,3,4033,0
8796,,,3,2,234,3,,,5,4757,1
8797,,,5,1,151,4,,,5,4549,0
8798,,,3,3,150,2,,,9,4100,0
8799,,,3,5,268,3,,,6,4172,1
8800,,,2,4,248,3,,,7,4142,0
8801,,,3,3,232,2,,,8,5544,1
8802,,,5,2,164,3,,,6,4302,0
8803,,,3,3,211,3,,,3,5379,1
8804,,,3,5,195,2,,,9,5832,0
8805,,,4,5,208,2,,,4,5831,0
8806,,,3,1,176,2,,,4,5726,0
8807,,,5,2,258,3,,,8,4921,0
8808,,,4,4,224,3,,,1,4231,0
8809,,,4,4,263,3,,,1,5283,1
8810,,,3,1,203,10,,,7,5917,1
8811,,,4,4,266,7,,,10,5901,0
8812,,,6,1,189,3,,,9,5316,0
8813,,,3,1,242,8,,,8,5401,0
8814,,,4,2,265,4,,,3,4120,1
8815,,,3,2,138,10,,,1,5721,1
8816,,,4,4,268,3,,,9,4118,1
8817,,,4,3,211,7,,,9,5652,1
8818,,,6,3,137,8,,,6,5992,1
8819,,,4,5,234,5,,,2,1087,1
8820,,,5,4,242,5,,,1,1571,1
8821,,,7,2,307,4,,,8,1551,0
8822,,,6,1,260,4,,,6,1766,0
8823,,,4,4,239,5,,,6,1239,0
8824,,,6,2,305,4,,,9,1567,0
8825,,,5,2,254,6,,,5,1885,0
8826,,,2,1,258,5,,,10,1221,1
8827,,,5,3,267,6,,,8,1421,1
8828,,,4,3,246,5,,,7,1134,0
8829,,,4,3,246,5,,,1,1673,1
8830,,,4,4,261,5,,,2,1690,1
8831,,,5,5,239,5,,,6,1887,1
8832,,,5,5,245,5,,,5,1381,1
8833,,,5,1,237,5,,,8,1150,1
8834,,,7,3,307,4,,,1,1589,1
8835,,,5,4,252,5,,,2,1847,1
8836,,,5,2,225,5,,,5,1015,0
8837,,,6,4,258,4,,,9,1104,0
8838,,,7,5,254,4,,,6,1491,1
8839,,,5,1,232,5,,,6,1427,0
8840,,,7,1,255,4,,,8,1088,1
8841,,,5,3,235,5,,,4,1990,0
8842,,,7,1,269,4,,,4,1118,1
8843,,,3,1,211,3,,,1,4889,1
8844,,,3,4,195,2,,,10,4031,0
8845,,,4,5,208,2,,,1,4039,0
8846,,,3,5,176,2,,,8,5597,1
8847,,,5,1,258,3,,,8,5694,0
8848,,,4,3,224,3,,,6,5054,1
8849,,,4,3,263,3,,,3,4677,0
8850,,,3,5,203,10,,,1,4996,0
8851,,,4,4,266,7,,,3,5672,1
8852,,,6,3,189,3,,,3,5062,0
8853,,,3,1,242,8,,,4,4943,0
8854,,,4,2,265,4,,,10,4575,1
8855,,,3,1,138,10,,,4,4496,1
8856,,,4,3,268,3,,,10,5998,0
8857,,,4,1,211,7,,,4,4476,1
8858,,,6,4,137,8,,,9,4374,1
8859,,,4,5,234,5,,,3,1469,1
8860,,,5,1,242,5,,,8,1815,0
8861,,,7,1,307,4,,,4,1371,1
8862,,,6,3,260,4,,,1,1775,0
8863,,,4,5,239,5,,,6,1336,0
8864,,,6,2,305,4,,,2,1196,0
8865,,,5,1,254,6,,,1,1021,0
8866,,,2,3,258,5,,,6,1727,0
8867,,,5,1,267,6,,,3,1803,0
8868,,,4,5,246,5,,,2,1024,1
8869,,,4,3,246,5,,,5,1395,0
8870,,,4,4,261,5,,,2,1829,0
8871,,,5,3,239,5,,,10,1784,0
8872,,,5,5,245,5,,,10,1289,1
8873,,,5,3,237,5,,,4,1567,0
8874,,,7,1,307,4,,,2,1983,0
8875,,,5,1,252,5,,,4,1308,0
8876,,,5,4,225,5,,,6,2000,0
8877,,,6,3,281,4,,,8,1884,0
8878,,,6,5,269,4,,,7,1249,1
8879,,,4,1,271,5,,,3,1328,0
8880,,,5,2,239,5,,,6,1310,1
8881,,,7,5,308,4,,,1,1477,1
8882,,,6,1,256,4,,,7,1372,1
8883,,,4,5,251,5,,,7,1070,1
8884,,,5,3,270,5,,,9,1764,1
8885,,,6,4,289,4,,,1,1656,0
8886,,,6,4,253,4,,,6,1961,0
8887,,,7,3,305,4,,,5,1198,0
8888,,,3,4,219,6,,,2,1837,0
8889,,,4,1,231,5,,,10,1144,0
8890,,,6,4,298,4,,,8,1437,1
8891,,,6,5,282,4,,,4,1035,0
8892,,,5,3,240,5,,,4,1389,0
8893,,,5,2,223,5,,,6,1883,0
8894,,,4,1,226,5,,,9,1530,0
8895,,,5,5,253,5,,,4,1482,0
8896,,,6,4,249,4,,,2,1516,0
8897,,,6,4,294,4,,,5,1174,0
8898,,,5,1,225,5,,,2,1812,0
8899,,,6,5,253,4,,,2,1893,1
8900,,,5,1,236,5,,,10,1961,0
8901,,,7,2,284,4,,,1,1085,1
8902,,,5,2,244,5,,,1,1875,1
8903,,,6,3,269,4,,,4,1948,1
8904,,,6,5,308,4,,,7,1078,0
8905,,,6,4,270,4,,,10,1698,0
8906,,,5,3,238,5,,,1,1871,1
8907,,,4,5,295,3,,,2,1693,0
8908,,,2,2,310,3,,,1,1549,1
8909,,,6,2,290,4,,,1,1111,0
8910,,,7,2,288,4,,,4,1321,0
8911,,,6,5,299,4,,,2,1192,0
8912,,,6,5,243,4,,,6,1898,1
8913,,,5,3,229,5,,,1,1196,0
8914,,,6,2,288,4,,,9,1405,1
8915,,,6,3,276,4,,,6,1670,1
8916,,,7,4,270,4,,,5,1735,0
8917,,,4,3,246,5,,,10,1646,1
8918,,,5,5,269,5,,,5,1742,0
8919,,,5,3,241,5,,,2,1834,1
8920,,,4,4,248,5,,,2,1651,0
8921,,,6,2,271,4,,,3,1636,0
8922,,,4,5,250,5,,,6,1662,0
8923,,,5,5,229,5,,,2,1975,1
8924,,,7,3,296,4,,,4,1392,0
8925,,,6,1,307,4,,,3,1977,0
8926,,,7,1,258,4,,,3,1482,0
8927,,,6,2,255,4,,,3,1355,0
8928,,,5,3,163,3,,,1,1836,0
8929,,,5,5,265,6,,,4,1937,1
8930,,,4,3,269,5,,,2,1273,1
8931,,,6,3,273,5,,,8,1746,1
8932,,,5,5,257,5,,,5,1657,0
8933,,,6,3,258,4,,,9,1924,0
8934,,,5,3,140,5,,,6,1823,0
8935,,,5,2,268,5,,,2,1061,1
8936,,,6,4,279,4,,,5,1241,0
8937,,,4,3,225,5,,,3,1224,0
8938,,,6,4,296,4,,,5,1782,1
8939,,,5,3,162,4,,,6,1968,0
8940,,,4,3,208,3,,,7,4525,1
8941,,,4,2,185,2,,,3,5356,0
8942,,,4,4,270,2,,,6,5221,0
8943,,,3,1,266,3,,,8,4574,0
8944,,,4,5,148,2,,,2,4883,1
8945,,,4,5,201,3,,,1,5898,1
8946,,,4,1,171,2,,,1,5717,0
8947,,,4,3,236,3,,,1,4752,0
8948,,,4,4,220,3,,,4,5622,0
8949,,,4,2,161,4,,,9,4713,1
8950,,,5,1,241,3,,,7,5342,0
8951,,,5,4,208,2,,,9,4569,0
8952,,,6,5,150,3,,,3,5747,0
8953,,,4,3,233,2,,,3,4748,0
8954,,,2,2,98,5,,,10,4368,0
8955,,,3,2,271,5,,,5,4880,0
8956,,,2,2,247,3,,,4,4686,1
8957,,,3,5,218,4,,,4,5330,0
8958,,,5,3,182,4,,,5,4770,1
8959,,,4,2,261,2,,,4,5926,1
8960,,,5,1,167,3,,,9,4660,0
8961,,,3,3,206,3,,,3,5746,1
8962,,,6,4,257,6,,,7,4265,0
8963,,,4,3,185,5,,,9,5648,0
8964,,,5,2,183,5,,,8,4820,0
8965,,,5,1,185,3,,,7,4855,1
8966,,,3,5,178,3,,,7,4135,0
8967,,,4,4,258,3,,,10,4958,1
8968,,,4,1,238,4,,,10,4860,0
8969,,,3,2,209,2,,,9,5203,0
8970,,,2,3,260,2,,,1,4547,0
8971,,,4,5,247,2,,,9,4656,0
8972,,,3,3,261,3,,,2,5629,1
8973,,,4,5,243,4,,,1,5328,0
8974,,,5,1,160,4,,,5,5841,0
8975,,,5,2,203,2,,,2,4712,1
8976,,,3,5,220,4,,,5,5677,0
8977,,,3,2,233,3,,,7,5838,0
8978,,,4,4,101,5,,,8,4192,0
8979,,,5,4,191,4,,,8,4566,1
8980,,,3,3,265,3,,,10,4093,1
8981,,,4,3,249,3,,,4,4811,0
8982,,,4,4,184,3,,,10,5705,1
8983,,,5,5,182,3,,,10,5060,0
8984,,,5,5,198,2,,,3,5249,0
8985,,,3,1,110,4,,,6,5474,1
8986,,,4,3,268,2,,,4,5280,1
8987,,,4,3,146,3,,,10,5372,0
8988,,,5,2,235,2,,,10,4938,0
8989,,,5,2,270,3,,,3,5266,1
8990,,,4,4,174,2,,,1,4541,1
8991,,,4,2,239,4,,,10,5528,1
8992,,,3,4,236,4,,,9,4744,0
8993,,,4,5,162,2,,,9,5345,1
8994,,,3,4,260,3,,,8,5215,0
8995,,,3,1,217,3,,,1,4177,1
8996,,,5,3,232,3,,,3,4526,0
8997,,,4,5,260,3,,,6,4221,0
8998,,,4,2,184,3,,,5,5931,1
8999,,,5,4,145,4,,,4,4790,0
9000,,,5,1,189,2,,,10,5248,0
9001,,,5,3,150,2,,,9,4446,0
9002,,,3,3,200,3,,,3,5739,0
9003,,,5,1,133,2,,,1,4643,0
9004,,,4,2,260,3,,,4,5504,1
9005,,,4,2,195,2,,,10,4640,0
9006,,,4,3,245,4,,,4,5940,0
9007,,,6,3,166,4,,,10,5783,1
9008,,,3,5,245,4,,,8,5600,0
9009,,,6,2,130,5,,,3,5654,0
9010,,,3,5,204,4,,,6,4879,1
9011,,,4,2,210,3,,,8,5672,1
9012,,,3,5,264,4,,,8,4324,0
9013,,,5,2,141,2,,,1,4287,0
9014,,,3,5,162,3,,,1,4432,0
9015,,,4,5,137,2,,,6,4055,1
9016,,,4,3,141,2,,,8,4331,0
9017,,,6,3,127,3,,,7,5574,1
9018,,,2,2,270,4,,,6,5585,0
9019,,,3,4,185,4,,,6,5322,0
9020,,,4,1,241,3,,,6,5836,0
9021,,,3,2,124,5,,,10,5348,0
9022,,,3,4,228,4,,,6,4947,0
9023,,,5,4,140,3,,,4,4623,0
9024,,,6,3,192,4,,,9,5239,1
9025,,,4,2,253,5,,,3,4676,1
9026,,,3,4,287,5,,,9,5308,0
9027,,,3,4,162,5,,,1,4240,1
9028,,,3,4,156,3,,,4,4628,0
9029,,,4,3,187,4,,,4,4757,0
9030,,,6,3,171,3,,,1,4952,0
9031,,,6,2,240,6,,,3,5967,1
9032,,,3,3,250,4,,,1,4717,0
9033,,,4,5,180,4,,,10,5176,1
9034,,,3,1,242,4,,,10,4809,1
9035,,,3,1,162,4,,,4,5683,0
9036,,,5,5,210,3,,,8,5906,1
9037,,,4,1,189,2,,,4,4122,0
9038,,,4,5,187,2,,,6,4316,1
9039,,,4,1,179,2,,,7,4605,0
9040,,,2,1,199,2,,,10,5345,0
9041,,,5,1,158,4,,,4,5687,1
9042,,,3,4,181,3,,,10,5276,1
9043,,,3,5,238,2,,,8,5769,0
9044,,,5,5,225,4,,,3,5274,1
9045,,,5,1,172,2,,,3,4892,0
9046,,,4,2,199,3,,,4,4070,0
9047,,,4,4,248,3,,,10,4532,0
9048,,,3,2,226,3,,,5,5484,0
9049,,,4,1,177,3,,,6,5215,0
9050,,,3,4,238,2,,,5,4349,1
9051,,,4,5,161,3,,,5,4732,0
9052,,,2,1,271,3,,,1,4537,0
9053,,,5,2,254,3,,,8,5892,1
9054,,,4,2,238,2,,,1,5229,0
9055,,,5,5,169,3,,,2,5942,1
9056,,,3,3,168,2,,,10,5334,1
9057,,,2,5,243,3,,,7,4486,0
9058,,,4,5,195,3,,,7,4835,0
9059,,,3,2,227,3,,,5,4167,1
9060,,,3,2,199,3,,,10,5768,1
9061,,,3,2,160,3,,,7,4468,0
9062,,,2,2,160,6,,,9,4972,1
9063,,,4,4,251,4,,,10,5984,0
9064,,,6,2,225,4,,,6,5787,1
9065,,,4,3,260,4,,,5,5307,0
9066,,,4,2,263,3,,,4,4935,1
9067,,,5,5,196,3,,,7,4084,1
9068,,,4,2,184,2,,,10,5959,0
9069,,,5,5,231,2,,,6,5862,0
9070,,,3,1,153,2,,,7,5292,1
9071,,,3,1,173,2,,,7,4684,0
9072,,,3,1,159,3,,,3,5044,0
9073,,,5,4,137,2,,,7,5338,1
9074,,,3,1,249,2,,,9,5987,1
9075,,,3,5,247,3,,,10,4286,1
9076,,,3,2,205,3,,,3,4563,1
9077,,,3,2,209,3,,,5,4999,0
9078,,,3,2,247,2,,,1,4242,0
9079,,,4,3,225,2,,,2,4169,1
9080,,,3,5,150,10,,,2,5042,0
9081,,,5,2,210,7,,,4,4525,1
9082,,,3,2,247,2,,,2,4677,0
9083,,,5,5,167,3,,,9,4319,1
9084,,,4,5,233,3,,,7,5604,1
9085,,,2,5,204,10,,,1,4709,0
9086,,,5,5,140,8,,,2,4793,1
9087,,,6,3,218,6,,,8,5879,0
9088,,,3,3,250,3,,,9,4993,0
9089,,,3,4,225,4,,,10,4460,1
9090,,,7,1,308,4,,,2,1504,0
9091,,,6,5,256,4,,,2,1163,0
9092,,,4,3,251,5,,,2,1482,0
9093,,,5,3,270,5,,,8,1862,0
9094,,,6,5,289,4,,,5,1600,1
9095,,,6,3,253,4,,,9,1823,0
9096,,,7,2,305,4,,,7,1813,0
9097,,,3,3,219,6,,,10,1116,0
9098,,,4,2,231,5,,,8,1562,0
9099,,,6,5,298,4,,,5,1804,0
9100,,,6,5,282,4,,,5,1364,1
9101,,,5,1,240,5,,,2,1400,1
9102,,,5,3,223,5,,,4,1817,0
9103,,,4,4,226,5,,,1,1761,0
9104,,,5,3,253,5,,,6,1028,0
9105,,,6,4,249,4,,,10,1318,0
9106,,,6,5,294,4,,,10,1628,1
9107,,,4,4,263,3,,,8,5475,0
9108,,,5,2,196,3,,,4,4868,1
9109,,,4,5,184,2,,,2,4429,0
9110,,,5,4,231,2,,,7,5491,1
9111,,,3,1,153,2,,,6,4996,0
9112,,,3,2,173,2,,,8,5492,0
9113,,,3,1,159,3,,,10,4358,1
9114,,,5,4,137,2,,,2,4077,1
9115,,,3,1,249,2,,,1,5190,1
9116,,,3,4,247,3,,,9,5383,0
9117,,,3,3,205,3,,,1,5851,1
9118,,,3,3,209,3,,,5,5831,0
9119,,,3,3,247,2,,,8,4593,1
9120,,,4,1,225,2,,,5,5714,1
9121,,,3,2,150,10,,,6,5580,0
9122,,,5,3,210,7,,,4,4362,0
9123,,,3,1,247,2,,,7,5557,0
9124,,,5,5,167,3,,,1,4314,0
9125,,,4,5,233,3,,,2,4501,0
9126,,,2,4,204,10,,,4,4679,1
9127,,,5,1,140,8,,,7,5437,0
9128,,,6,3,218,6,,,5,4352,1
9129,,,3,1,250,3,,,7,4760,0
9130,,,3,1,225,4,,,10,4080,1
9131,,,7,5,308,4,,,6,1165,0
9132,,,6,3,256,4,,,9,1212,1
9133,,,4,5,251,5,,,7,1381,0
9134,,,5,1,270,5,,,10,1397,0
9135,,,6,1,289,4,,,3,1181,1
9136,,,6,5,253,4,,,8,1899,1
9137,,,7,3,305,4,,,6,1167,0
9138,,,3,5,219,6,,,1,1394,0
9139,,,4,1,231,5,,,6,1231,0
9140,,,6,5,298,4,,,8,1759,1
9141,,,6,1,282,4,,,7,1758,0
9142,,,5,3,240,5,,,6,1489,0
9143,,,5,5,223,5,,,8,1132,0
9144,,,5,2,140,5,,,2,1521,0
9145,,,5,3,268,5,,,5,1365,0
9146,,,6,3,279,4,,,7,1090,1
9147,,,4,3,225,5,,,6,1573,0
9148,,,6,3,296,4,,,7,1515,0
9149,,,5,5,162,4,,,8,1311,0
9150,,,6,5,255,4,,,2,1218,1
9151,,,7,5,255,4,,,9,1367,0
9152,,,6,2,286,4,,,6,1556,1
9153,,,7,2,267,4,,,8,1285,0
9154,,,5,1,226,6,,,5,1078,0
9155,,,6,5,285,4,,,5,1631,1
9156,,,6,3,276,4,,,5,1637,1
9157,,,6,2,257,4,,,5,1565,1
9158,,,6,4,287,4,,,10,1811,1
9159,,,6,1,283,5,,,10,1304,1
9160,,,6,3,309,4,,,2,1270,1
9161,,,4,3,274,5,,,3,1637,1
9162,,,7,4,244,4,,,4,1953,1
9163,,,5,3,222,6,,,9,1656,0
9164,,,6,1,264,4,,,5,1900,0
9165,,,4,2,232,5,,,3,1197,0
9166,,,5,2,227,6,,,6,1620,0
9167,,,6,4,294,3,,,7,1455,0
9168,,,6,4,260,4,,,1,1883,0
9169,,,4,3,260,5,,,8,1756,0
9170,,,6,1,277,5,,,2,1190,1
9171,,,5,3,257,5,,,7,1451,1
9172,,,5,5,271,6,,,6,1450,1
9173,,,6,1,308,4,,,7,1260,1
9174,,,7,2,281,4,,,2,1291,0
9175,,,5,4,307,5,,,8,1903,0
9176,,,5,3,224,5,,,9,1643,1
9177,,,5,5,233,6,,,4,1924,1
9178,,,3,4,179,2,,,5,1340,0
9179,,,4,3,267,5,,,9,1538,0
9180,,,5,3,218,6,,,6,1519,1
9181,,,7,3,302,4,,,7,1915,0
9182,,,7,3,247,4,,,5,1060,0
9183,,,6,3,266,4,,,8,1547,0
9184,,,5,1,247,5,,,10,1562,1
9185,,,4,3,219,5,,,8,1702,1
9186,,,7,1,287,4,,,9,1150,1
9187,,,6,3,297,5,,,5,1657,0
9188,,,5,5,273,5,,,4,1597,1
9189,,,5,5,219,5,,,6,1234,0
9190,,,5,1,232,5,,,7,1069,1
9191,,,4,4,264,5,,,3,1782,0
9192,,,6,3,266,4,,,9,1106,1
9193,,,7,1,280,5,,,10,1199,1
9194,,,7,4,264,4,,,6,1265,0
9195,,,4,2,258,5,,,8,1878,0
9196,,,5,1,236,5,,,8,1441,0
9197,,,5,5,262,5,,,2,1304,0
9198,,,5,3,255,6,,,1,5874,0
9199,,,4,4,267,4,,,8,5219,1
9200,,,4,1,240,4,,,10,5965,1
9201,,,4,2,215,2,,,10,4061,1
9202,,,5,5,252,5,,,9,4135,0
9203,,,4,5,136,2,,,4,5512,0
9204,,,3,4,225,4,,,9,5575,0
9205,,,3,3,187,6,,,2,4549,0
9206,,,4,4,144,3,,,6,4137,1
9207,,,3,2,226,2,,,10,4254,0
9208,,,5,2,229,3,,,3,4916,0
9209,,,3,3,255,3,,,4,4628,1
9210,,,5,3,227,5,,,9,4990,0
9211,,,5,1,248,3,,,6,5081,1
9212,,,3,2,151,2,,,3,4759,0
9213,,,4,5,188,3,,,8,4125,0
9214,,,4,2,160,2,,,3,4304,1
9215,,,4,2,156,3,,,1,5361,0
9216,,,3,4,162,3,,,7,5313,0
9217,,,4,4,270,3,,,4,5888,0
9218,,,4,5,200,4,,,2,4947,0
9219,,,3,3,224,4,,,10,4147,0
9220,,,4,4,146,4,,,7,4953,1
9221,,,5,3,156,3,,,6,5231,1
9222,,,4,3,235,3,,,4,5748,1
9223,,,4,1,231,3,,,5,4118,1
9224,,,4,5,141,2,,,10,5907,1
9225,,,3,1,178,4,,,9,5727,1
9226,,,5,4,244,6,,,3,4089,0
9227,,,4,2,247,2,,,7,4955,1
9228,,,3,1,132,3,,,5,5978,0
9229,,,4,5,190,3,,,6,4671,1
9230,,,3,2,113,5,,,1,5993,0
9231,,,5,5,253,2,,,3,4851,0
9232,,,4,3,235,3,,,4,4739,0
9233,,,3,3,264,2,,,6,4102,0
9234,,,3,5,286,6,,,3,4424,0
9235,,,4,3,141,3,,,3,4249,0
9236,,,4,2,243,3,,,3,5703,0
9237,,,5,4,209,4,,,10,5461,0
9238,,,4,4,246,2,,,2,4633,1
9239,,,4,3,257,3,,,1,5717,1
9240,,,4,2,217,2,,,8,4907,1
9241,,,4,4,246,3,,,9,5041,0
9242,,,4,4,166,6,,,6,4100,1
9243,,,3,3,183,2,,,3,5189,0
9244,,,4,5,136,2,,,4,5923,1
9245,,,4,1,224,2,,,10,4653,1
9246,,,4,3,174,3,,,2,4069,1
9247,,,4,5,209,3,,,4,4809,0
9248,,,4,3,256,2,,,3,4679,1
9249,,,4,2,231,4,,,9,5194,0
9250,,,2,1,228,2,,,2,5435,0
9251,,,4,2,198,3,,,10,5487,1
9252,,,5,5,223,3,,,3,4382,0
9253,,,3,4,257,4,,,8,4780,0
9254,,,4,4,265,3,,,10,4741,0
9255,,,3,3,258,3,,,7,4068,1
9256,,,3,2,272,3,,,7,5657,1
9257,,,5,3,273,4,,,1,5119,0
9258,,,3,5,287,5,,,1,5263,1
9259,,,5,1,176,4,,,1,4270,1
9260,,,5,4,136,3,,,4,5413,0
9261,,,3,5,204,2,,,1,4025,1
9262,,,4,3,213,3,,,2,5432,1
9263,,,3,3,160,3,,,1,4769,0
9264,,,3,5,148,2,,,9,5095,1
9265,,,4,3,255,4,,,10,4740,0
9266,,,3,3,212,3,,,10,5724,1
9267,,,3,3,217,3,,,10,5439,0
9268,,,4,2,145,3,,,7,5823,0
9269,,,3,1,170,3,,,6,5750,0
9270,,,3,2,244,3,,,5,5781,1
9271,,,3,1,151,4,,,2,5016,0
9272,,,4,1,202,3,,,10,4454,0
9273,,,4,1,195,3,,,2,4682,0
9274,,,3,3,150,3,,,9,5852,0
9275,,,4,3,225,2,,,10,5523,1
9276,,,4,5,142,4,,,6,5027,0
9277,,,3,3,262,4,,,5,4782,0
9278,,,3,1,251,6,,,10,4912,0
9279,,,5,5,221,2,,,10,4255,1
9280,,,3,2,202,2,,,7,5328,0
9281,,,4,3,216,4,,,3,4750,0
9282,,,4,2,239,3,,,4,5916,0
9283,,,2,3,192,3,,,4,5524,0
9284,,,3,4,185,2,,,5,4574,0
9285,,,5,4,235,3,,,3,4411,1
9286,,,3,2,253,2,,,8,5608,0
9287,,,3,4,180,3,,,2,5659,1
9288,,,3,5,150,2,,,10,5187,0
9289,,,4,2,168,6,,,9,4030,0
9290,,,5,4,274,3,,,1,4030,0
9291,,,3,2,179,3,,,9,5224,1
9292,,,6,1,237,5,,,3,5299,1
9293,,,3,4,160,3,,,10,4602,0
9294,,,4,1,225,2,,,4,4102,0
9295,,,4,2,217,2,,,4,5539,0
9296,,,3,5,263,3,,,1,4645,0
9297,,,4,4,128,6,,,3,5459,0
9298,,,3,3,167,3,,,8,4420,0
9299,,,3,2,221,2,,,10,4312,0
9300,,,3,3,173,2,,,5,4703,0
9301,,,4,2,149,6,,,6,4904,0
9302,,,3,5,234,2,,,8,5241,1
9303,,,3,3,237,3,,,6,4918,0
9304,,,2,4,269,4,,,2,4267,1
9305,,,3,5,182,3,,,5,4183,1
9306,,,6,3,199,4,,,1,5204,0
9307,,,4,1,264,4,,,6,4863,0
9308,,,6,5,167,3,,,2,5761,1
9309,,,4,4,155,3,,,6,5778,1
9310,,,5,1,274,2,,,8,4647,1
9311,,,4,1,213,5,,,10,5492,0
9312,,,3,2,204,2,,,8,4562,1
9313,,,5,2,259,2,,,7,4764,0
9314,,,3,1,174,3,,,2,4972,0
9315,,,3,1,230,2,,,4,4387,1
9316,,,5,4,260,4,,,4,5911,1
9317,,,4,5,176,2,,,1,4155,0
9318,,,5,2,217,2,,,6,4120,1
9319,,,4,2,219,3,,,9,5703,0
9320,,,4,1,189,3,,,5,4133,0
9321,,,4,1,252,4,,,7,5459,1
9322,,,3,2,189,3,,,2,4152,1
9323,,,5,2,159,3,,,5,4930,0
9324,,,4,2,262,3,,,6,5381,0
9325,,,6,1,191,5,,,8,5156,1
9326,,,4,1,271,4,,,2,4133,1
9327,,,4,5,196,5,,,2,5840,0
9328,,,4,3,261,6,,,6,5068,0
9329,,,4,5,233,6,,,1,5284,0
9330,,,5,4,235,4,,,5,4506,0
9331,,,3,2,154,3,,,8,5149,1
9332,,,4,5,167,4,,,3,4658,0
9333,,,6,4,144,4,,,5,4631,0
9334,,,5,3,194,4,,,9,5851,0
9335,,,5,4,242,4,,,5,5375,0
9336,,,3,3,144,3,,,8,5727,0
9337,,,5,4,157,7,,,9,4272,0
9338,,,4,3,184,7,,,5,5920,1
9339,,,5,1,151,3,,,2,4172,1
9340,,,4,1,175,3,,,2,5861,0
9341,,,3,2,177,3,,,5,5941,0
9342,,,6,1,141,3,,,2,5144,0
9343,,,4,2,210,3,,,5,4746,0
9344,,,2,4,224,2,,,8,4754,0
9345,,,4,1,253,3,,,9,5502,1
9346,,,4,1,157,2,,,7,4690,1
9347,,,3,2,172,3,,,8,4982,1
9348,,,3,5,193,10,,,6,5247,1
9349,,,6,2,255,4,,,9,1157,0
9350,,,7,5,255,4,,,2,1826,1
9351,,,6,4,286,4,,,1,1570,0
9352,,,7,1,267,4,,,9,1261,1
9353,,,5,4,226,6,,,3,1223,1
9354,,,6,3,285,4,,,1,1606,0
9355,,,6,4,276,4,,,4,1662,1
9356,,,6,4,257,4,,,4,1451,0
9357,,,6,4,287,4,,,7,1141,1
9358,,,6,1,283,5,,,9,1311,1
9359,,,6,1,309,4,,,10,1904,1
9360,,,4,5,274,5,,,7,1225,0
9361,,,7,2,244,4,,,8,1477,1
9362,,,5,4,222,6,,,9,1003,0
9363,,,6,1,264,4,,,9,1243,0
9364,,,4,1,232,5,,,7,1899,1
9365,,,5,1,217,2,,,10,4264,0
9366,,,4,5,219,3,,,1,5221,0
9367,,,4,3,189,3,,,4,5613,1
9368,,,4,2,252,4,,,1,4705,1
9369,,,3,3,189,3,,,1,5896,1
9370,,,5,3,159,3,,,7,5462,1
9371,,,4,3,262,3,,,3,4176,0
9372,,,6,2,191,5,,,1,4314,0
9373,,,4,5,271,4,,,9,5057,0
9374,,,4,2,196,5,,,5,4994,0
9375,,,4,1,261,6,,,6,5861,0
9376,,,4,1,233,6,,,2,5406,0
9377,,,5,4,235,4,,,10,4880,0
9378,,,3,1,154,3,,,5,4720,1
9379,,,4,4,167,4,,,2,5908,1
9380,,,6,1,144,4,,,5,5121,0
9381,,,5,2,194,4,,,8,5650,1
9382,,,5,3,242,4,,,8,4410,1
9383,,,3,5,144,3,,,9,5912,0
9384,,,5,4,157,7,,,3,4723,0
9385,,,4,1,184,7,,,6,4956,0
9386,,,5,1,151,3,,,9,5667,0
9387,,,4,4,175,3,,,2,4004,0
9388,,,3,2,177,3,,,9,5427,0
9389,,,6,3,141,3,,,7,5222,1
9390,,,4,2,210,3,,,9,4102,1
9391,,,2,3,224,2,,,5,5050,0
9392,,,4,4,253,3,,,4,5236,0
9393,,,4,5,157,2,,,1,5054,0
9394,,,3,1,172,3,,,5,5696,1
9395,,,3,1,193,10,,,1,4459,0
9396,,,6,3,255,4,,,6,1654,1
9397,,,7,5,255,4,,,7,1104,0
9398,,,6,4,286,4,,,1,1539,1
9399,,,7,3,267,4,,,10,1548,0
9400,,,5,4,226,6,,,1,1327,0
9401,,,6,4,285,4,,,4,1244,1
9402,,,6,3,276,4,,,8,1754,1
9403,,,6,3,257,4,,,2,1694,0
9404,,,6,1,287,4,,,5,1791,1
9405,,,6,1,283,5,,,5,1298,0
9406,,,6,2,309,4,,,8,1930,0
9407,,,4,1,274,5,,,5,1581,1
9408,,,7,3,244,4,,,10,1629,0
9409,,,5,5,222,6,,,1,1962,0
9410,,,7,1,264,4,,,5,1238,0
9411,,,4,4,258,5,,,7,1261,1
9412,,,5,5,236,5,,,7,1137,0
9413,,,6,3,304,4,,,9,1401,0
9414,,,6,3,244,5,,,5,1092,0
9415,,,7,1,301,4,,,10,1869,0
9416,,,4,4,275,5,,,5,1117,0
9417,,,5,4,236,5,,,6,1829,1
9418,,,6,3,286,4,,,4,1169,0
9419,,,5,4,238,6,,,6,1850,1
9420,,,7,3,300,4,,,5,1244,0
9421,,,6,2,292,4,,,2,1149,1
9422,,,5,2,172,2,,,9,1097,0
9423,,,2,1,181,5,,,3,1038,0
9424,,,7,5,289,4,,,9,1904,0
9425,,,7,5,256,4,,,4,1139,1
9426,,,4,5,251,5,,,10,1683,1
9427,,,6,5,245,4,,,3,1716,0
9428,,,5,2,266,5,,,8,1367,0
9429,,,4,1,220,5,,,9,1817,0
9430,,,4,2,274,5,,,8,1246,0
9431,,,7,5,301,4,,,9,1660,1
9432,,,6,5,285,4,,,8,1028,1
9433,,,6,3,271,4,,,2,1364,1
9434,,,4,3,241,5,,,2,1442,0
9435,,,3,1,146,5,,,10,1737,0
9436,,,6,4,256,4,,,9,1791,0
9437,,,6,2,235,5,,,5,1051,1
9438,,,5,5,275,3,,,9,1691,1
9439,,,6,4,205,4,,,10,1974,1
9440,,,5,4,244,5,,,1,1320,0
9441,,,5,2,269,6,,,5,1097,0
9442,,,4,1,238,5,,,3,1913,0
9443,,,5,4,217,5,,,8,1803,0
9444,,,5,2,258,5,,,3,1824,0
9445,,,7,1,269,5,,,5,1402,0
9446,,,4,2,259,5,,,6,1827,1
9447,,,6,5,260,4,,,8,1347,1
9448,,,5,5,227,5,,,2,1436,1
9449,,,4,2,223,6,,,10,1650,1
9450,,,5,2,221,5,,,10,1160,0
9451,,,7,4,296,4,,,10,1033,0
9452,,,5,3,228,5,,,9,1924,0
9453,,,4,4,275,5,,,7,1562,1
9454,,,5,3,230,5,,,4,1123,0
9455,,,5,1,241,5,,,3,1379,0
9456,,,4,2,270,5,,,5,1747,1
9457,,,6,4,264,5,,,7,1220,1
9458,,,4,4,260,5,,,5,1178,1
9459,,,5,1,271,5,,,4,1353,0
9460,,,5,5,286,4,,,10,1071,1
9461,,,6,1,279,4,,,4,1263,1
9462,,,6,3,271,4,,,6,1934,0
9463,,,3,5,206,4,,,6,5038,0
9464,,,5,2,205,3,,,1,4351,0
9465,,,5,2,233,3,,,10,4233,1
9466,,,5,1,207,3,,,1,4112,0
9467,,,4,1,174,4,,,3,5295,0
9468,,,3,4,191,3,,,10,4667,0
9469,,,4,4,156,2,,,7,5938,0
9470,,,4,4,137,3,,,8,4066,1
9471,,,3,3,251,3,,,8,4246,0
9472,,,5,3,194,3,,,7,5545,0
9473,,,4,1,141,3,,,6,5273,0
9474,,,5,1,137,3,,,10,4641,0
9475,,,3,1,221,3,,,10,5696,1
9476,,,3,1,270,2,,,6,4966,0
9477,,,3,3,133,3,,,2,4926,0
9478,,,4,4,181,3,,,9,4425,1
9479,,,6,4,147,3,,,4,4549,1
9480,,,4,3,250,2,,,10,4885,1
9481,,,3,5,184,2,,,3,4883,0
9482,,,5,1,234,3,,,4,5033,0
9483,,,3,3,126,6,,,8,5084,1
9484,,,3,2,241,3,,,9,4301,0
9485,,,3,5,218,2,,,6,4072,0
9486,,,3,5,98,3,,,3,5553,1
9487,,,3,5,211,2,,,9,4577,1
9488,,,4,2,216,3,,,2,4750,1
9489,,,3,3,203,3,,,4,5548,0
9490,,,3,4,266,3,,,9,5908,1
9491,,,4,1,155,3,,,9,4443,0
9492,,,3,5,156,2,,,8,5848,0
9493,,,5,2,169,5,,,2,4542,0
9494,,,4,5,241,4,,,10,4126,1
9495,,,4,5,199,4,,,1,5585,1
9496,,,4,3,184,3,,,9,5602,0
9497,,,3,3,221,3,,,5,4388,0
9498,,,4,3,258,3,,,7,4887,1
9499,,,5,4,193,3,,,3,4559,0
9500,,,2,2,156,4,,,9,4184,1
9501,,,4,2,201,3,,,4,4613,0
9502,,,4,2,171,3,,,4,5859,0
9503,,,3,4,193,6,,,2,5584,0
9504,,,5,2,254,2,,,4,4180,1
9505,,,4,4,251,3,,,9,5350,1
9506,,,5,3,171,3,,,7,4946,0
9507,,,4,1,243,3,,,10,5832,0
9508,,,3,4,253,3,,,4,4269,0
9509,,,3,5,137,3,,,3,5497,1
9510,,,5,2,149,2,,,6,4661,0
9511,,,4,1,183,3,,,3,5178,1
9512,,,4,5,171,3,,,10,4752,1
9513,,,4,5,102,5,,,3,5767,0
9514,,,3,3,249,4,,,7,5868,1
9515,,,3,4,255,3,,,10,5291,1
9516,,,3,1,150,2,,,6,5697,0
9517,,,4,4,169,4,,,8,5493,0
9518,,,4,1,208,3,,,8,4890,1
9519,,,3,3,154,4,,,2,4921,1
9520,,,2,2,101,5,,,6,4196,0
9521,,,5,1,203,3,,,10,4750,0
9522,,,5,3,234,6,,,8,5003,0
9523,,,3,1,133,4,,,6,5162,0
9524,,,3,3,222,4,,,6,5284,1
9525,,,3,5,258,3,,,5,4494,0
9526,,,3,5,251,3,,,1,5073,0
9527,,,4,2,241,6,,,5,4880,1
9528,,,4,1,164,4,,,3,5318,1
9529,,,5,4,273,2,,,1,5008,1
9530,,,3,1,266,3,,,6,4010,0
9531,,,4,2,144,5,,,3,5807,1
9532,,,2,1,208,2,,,10,4671,1
9533,,,2,4,178,4,,,8,4620,0
9534,,,3,3,246,4,,,3,4316,0
9535,,,3,1,131,6,,,8,5352,0
9536,,,2,2,156,3,,,5,4151,1
9537,,,3,2,222,4,,,10,5720,0
9538,,,3,3,275,3,,,7,4968,0
9539,,,3,2,212,3,,,10,4117,0
9540,,,5,4,275,2,,,7,5292,0
9541,,,5,1,189,2,,,8,5219,0
9542,,,3,4,171,3,,,10,4839,0
9543,,,3,1,242,5,,,3,4026,0
9544,,,3,5,247,3,,,7,4966,0
9545,,,3,3,149,2,,,8,4556,0
9546,,,3,3,190,3,,,9,5279,0
9547,,,3,2,189,2,,,6,4488,1
9548,,,3,2,153,4,,,7,4750,1
9549,,,4,1,173,2,,,5,4688,0
9550,,,5,3,117,4,,,3,5078,0
9551,,,6,5,204,3,,,7,4119,0
9552,,,3,1,274,4,,,3,5979,0
9553,,,6,1,276,2,,,10,5108,0
9554,,,3,1,189,4,,,4,4785,0
9555,,,3,2,204,2,,,2,5033,1
9556,,,3,3,229,3,,,8,4549,0
9557,,,3,1,257,2,,,2,5815,0
9558,,,4,5,184,3,,,5,4039,1
9559,,,3,5,157,4,,,2,4640,0
9560,,,4,3,173,3,,,5,5331,1
9561,,,3,2,236,2,,,2,4239,1
9562,,,4,1,234,3,,,2,4282,0
9563,,,4,4,237,3,,,2,4760,0
9564,,,4,5,191,2,,,10,5068,1
9565,,,4,4,222,3,,,2,5140,0
9566,,,4,4,153,2,,,8,4248,0
9567,,,4,1,224,2,,,2,4581,1
9568,,,5,4,201,2,,,5,5593,1
9569,,,4,2,169,3,,,10,4309,1
9570,,,3,2,133,5,,,9,5744,1
9571,,,4,4,146,2,,,5,4356,0
9572,,,4,1,230,3,,,8,4107,1
9573,,,3,1,195,5,,,4,4034,0
9574,,,4,4,204,3,,,9,4757,0
9575,,,6,2,191,6,,,7,5333,1
9576,,,5,5,199,3,,,6,5547,1
9577,,,3,4,192,4,,,3,4030,0
9578,,,3,1,187,2,,,10,5064,1
9579,,,3,1,236,3,,,8,5341,1
9580,,,4,5,176,3,,,1,5096,1
9581,,,6,2,239,4,,,7,4589,0
9582,,,4,4,280,3,,,5,5624,0
9583,,,5,5,184,2,,,9,4649,1
9584,,,3,2,145,2,,,3,4409,0
9585,,,6,5,248,3,,,3,5709,1
9586,,,2,4,184,5,,,9,5812,0
9587,,,4,5,265,2,,,9,5040,0
9588,,,5,1,170,4,,,4,5113,1
9589,,,2,1,181,4,,,2,4747,0
9590,,,3,4,166,4,,,1,5533,1
9591,,,4,4,137,4,,,5,5095,0
9592,,,4,1,173,5,,,5,5049,1
9593,,,4,3,249,4,,,10,5614,0
9594,,,5,4,205,3,,,3,4157,1
9595,,,4,5,251,5,,,8,4573,0
9596,,,4,5,249,3,,,7,5509,0
9597,,,4,3,177,3,,,7,4834,1
9598,,,3,5,268,3,,,7,4910,0
9599,,,6,1,215,4,,,1,4581,1
9600,,,4,1,149,3,,,2,4499,0
9601,,,4,4,132,3,,,5,4613,0
9602,,,3,1,246,3,,,10,4707,1
9603,,,3,4,155,3,,,9,5718,1
9604,,,5,3,206,2,,,7,4531,1
9605,,,4,2,134,3,,,1,4064,1
9606,,,5,2,255,2,,,9,5609,0
9607,,,3,1,168,4,,,9,5136,0
9608,,,4,1,140,2,,,8,4926,0
9609,,,5,3,191,3,,,6,4244,0
9610,,,4,3,231,3,,,8,5069,1
9611,,,3,3,264,2,,,2,4350,0
9612,,,5,3,137,3,,,6,5357,0
9613,,,5,3,170,3,,,4,4446,1
9614,,,4,4,256,3,,,5,5399,0
9615,,,5,1,176,6,,,9,4839,1
9616,,,3,2,198,4,,,3,4172,1
9617,,,4,1,272,2,,,1,5666,0
9618,,,4,4,149,3,,,2,4241,1
9619,,,5,3,192,7,,,10,5976,0
9620,,,6,5,117,7,,,6,5529,1
9621,,,2,4,180,2,,,6,5579,0
9622,,,3,2,158,2,,,8,5907,0
9623,,,5,2,266,10,,,9,4784,1
9624,,,6,3,304,4,,,3,1752,1
9625,,,6,3,244,5,,,1,1847,1
9626,,,7,4,301,4,,,1,1150,0
9627,,,4,2,275,5,,,5,1900,0
9628,,,5,5,236,5,,,3,1933,1
9629,,,6,1,286,4,,,10,1177,1
9630,,,5,5,238,6,,,3,1351,0
9631,,,7,1,300,4,,,10,1148,1
9632,,,6,4,292,4,,,8,1779,1
9633,,,5,1,172,2,,,9,1723,0
9634,,,2,4,181,5,,,9,1368,0
9635,,,7,3,289,4,,,3,1037,1
9636,,,7,3,256,4,,,4,1628,0
9637,,,4,4,251,5,,,2,1329,1
9638,,,6,5,245,4,,,2,1832,1
9639,,,4,4,140,2,,,6,4703,0
9640,,,5,4,191,3,,,7,4435,1
9641,,,4,3,231,3,,,8,4991,0
9642,,,3,2,264,2,,,6,5702,1
9643,,,5,2,137,3,,,1,5242,0
9644,,,5,3,170,3,,,6,5226,0
9645,,,4,1,256,3,,,6,5818,0
9646,,,5,4,176,6,,,9,4605,0
9647,,,3,5,198,4,,,10,4829,0
9648,,,4,1,272,2,,,2,5022,0
9649,,,4,3,149,3,,,5,4031,0
9650,,,5,2,192,7,,,2,4045,1
9651,,,6,1,117,7,,,4,4211,0
9652,,,2,4,180,2,,,5,4010,1
9653,,,3,2,158,2,,,9,4881,0
9654,,,5,5,266,10,,,2,5890,0
9655,,,6,3,304,4,,,5,1215,1
9656,,,6,3,244,5,,,4,1121,1
9657,,,7,2,301,4,,,1,1339,0
9658,,,4,3,275,5,,,5,1329,0
9659,,,5,4,236,5,,,1,1682,0
9660,,,6,5,286,4,,,3,1773,1
9661,,,5,1,238,6,,,9,1192,0
9662,,,7,2,300,4,,,3,1070,1
9663,,,6,4,292,4,,,1,1372,1
9664,,,5,2,172,2,,,2,1680,0
9665,,,2,5,181,5,,,5,1043,0
9666,,,7,5,289,4,,,10,1074,1
9667,,,7,5,256,4,,,2,1396,0
9668,,,4,5,251,5,,,6,1434,0
9669,,,6,4,279,4,,,1,1621,0
9670,,,6,5,271,4,,,3,1710,1
9671,,,4,2,258,5,,,1,1920,0
9672,,,6,5,245,4,,,7,1521,0
9673,,,6,4,296,4,,,7,1969,0
9674,,,5,3,267,5,,,1,1505,0
9675,,,6,5,268,4,,,2,1462,0
9676,,,7,2,277,5,,,1,1700,1
9677,,,6,2,259,4,,,5,1771,1
9678,,,5,1,275,5,,,3,1062,0
9679,,,6,5,298,4,,,3,1009,1
9680,,,5,2,243,5,,,4,1013,1
9681,,,7,3,255,4,,,4,1373,0
9682,,,4,3,232,5,,,9,1856,0
9683,,,6,5,254,4,,,4,1887,1
9684,,,4,1,234,5,,,3,1134,0
9685,,,6,1,303,4,,,9,1080,0
9686,,,6,3,262,4,,,5,1563,0
9687,,,5,5,218,5,,,7,1692,0
9688,,,4,5,241,5,,,2,1043,0
9689,,,6,3,267,4,,,1,1942,1
9690,,,7,1,301,4,,,6,1052,1
9691,,,5,4,221,5,,,8,1927,1
9692,,,6,5,275,4,,,2,1700,1
9693,,,6,4,292,4,,,5,1793,0
9694,,,5,4,245,6,,,9,1660,0
9695,,,6,3,301,5,,,2,1452,1
9696,,,6,3,245,4,,,3,1772,1
9697,,,7,5,288,4,,,1,1269,1
9698,,,6,3,274,4,,,5,1452,0
9699,,,4,2,231,5,,,2,1465,1
9700,,,6,3,310,5,,,6,1139,0
9701,,,5,3,256,6,,,3,1441,0
9702,,,6,5,281,4,,,5,1484,0
9703,,,6,3,264,4,,,3,1498,1
9704,,,7,3,274,5,,,9,1764,0
9705,,,5,2,272,5,,,8,1317,0
9706,,,4,5,257,5,,,6,1008,0
9707,,,6,3,310,4,,,2,1189,0
9708,,,5,2,249,6,,,8,1170,1
9709,,,7,5,244,4,,,2,1330,1
9710,,,4,3,219,6,,,2,1634,0
9711,,,7,1,264,4,,,2,1540,0
9712,,,4,5,217,5,,,3,1572,1
9713,,,6,1,280,4,,,5,1624,0
9714,,,4,2,247,5,,,10,1515,0
9715,,,3,4,270,6,,,7,4098,1
9716,,,4,5,248,3,,,2,5310,1
9717,,,4,3,167,2,,,1,5409,1
9718,,,4,5,268,3,,,9,5521,1
9719,,,3,4,257,5,,,10,4901,1
9720,,,5,2,152,3,,,4,4770,1
9721,,,4,2,147,3,,,3,4152,1
9722,,,3,4,179,2,,,5,4882,1
9723,,,3,4,201,3,,,10,4032,1
9724,,,3,2,140,3,,,8,5724,0
9725,,,5,1,139,3,,,2,5632,0
9726,,,4,1,152,5,,,8,5711,0
9727,,,6,4,171,5,,,9,4376,1
9728,,,5,4,97,3,,,8,4577,0
9729,,,4,2,257,3,,,8,5772,0
9730,,,4,1,154,4,,,1,5480,0
9731,,,3,5,138,2,,,1,4881,1
9732,,,5,5,173,2,,,7,4716,0
9733,,,3,5,252,3,,,8,4557,1
9734,,,5,2,251,2,,,2,4245,1
9735,,,3,5,223,4,,,7,5042,1
9736,,,5,2,261,3,,,3,5303,1
9737,,,4,2,111,2,,,4,5393,0
9738,,,3,2,210,3,,,9,4731,1
9739,,,4,1,161,3,,,1,4789,0
9740,,,3,4,143,3,,,10,5261,0
9741,,,4,3,170,2,,,2,5607,0
9742,,,2,5,151,3,,,9,4767,1
9743,,,3,3,154,2,,,1,5884,1
9744,,,4,4,146,3,,,6,4672,1
9745,,,5,1,238,5,,,5,5854,0
9746,,,4,2,264,2,,,9,4490,0
9747,,,4,5,196,3,,,4,5610,0
9748,,,5,4,164,3,,,9,5135,1
9749,,,4,2,144,4,,,2,4316,0
9750,,,3,5,147,2,,,6,4350,0
9751,,,3,4,181,3,,,9,5470,0
9752,,,4,3,212,3,,,1,4518,0
9753,,,2,3,258,2,,,4,5052,1
9754,,,3,5,202,2,,,8,4552,1
9755,,,4,5,143,3,,,2,5286,1
9756,,,5,3,175,3,,,7,5047,1
9757,,,5,1,135,3,,,10,5301,1
9758,,,2,5,249,3,,,3,4169,0
9759,,,4,2,202,3,,,7,5821,0
9760,,,4,5,135,3,,,6,4557,0
9761,,,3,2,268,4,,,6,4415,0
9762,,,4,3,103,2,,,4,5146,0
9763,,,6,4,225,4,,,10,4723,0
9764,,,6,5,211,6,,,3,4957,0
9765,,,3,5,161,2,,,8,5021,0
9766,,,4,4,155,2,,,6,5942,0
9767,,,5,2,182,4,,,9,5159,0
9768,,,5,5,124,3,,,10,4331,0
9769,,,4,3,167,3,,,4,6000,1
9770,,,4,4,246,3,,,7,4090,0
9771,,,3,2,196,5,,,6,5692,0
9772,,,3,5,211,2,,,5,5877,1
9773,,,2,1,234,4,,,9,5075,0
9774,,,3,5,174,6,,,6,5713,0
9775,,,5,4,190,3,,,4,4424,1
9776,,,4,1,255,3,,,6,4313,1
9777,,,3,1,192,3,,,4,4997,1
9778,,,5,2,174,3,,,10,5973,1
9779,,,3,1,263,3,,,4,4208,0
9780,,,5,5,251,2,,,3,4741,1
9781,,,5,3,223,3,,,2,4671,1
9782,,,3,3,168,2,,,1,5097,1
9783,,,3,4,213,3,,,7,5516,1
9784,,,4,3,99,6,,,9,5903,0
9785,,,4,4,267,3,,,9,5254,0
9786,,,5,1,183,3,,,8,4531,0
9787,,,4,4,180,3,,,3,5031,0
9788,,,2,1,206,2,,,7,4721,0
9789,,,4,2,216,3,,,10,4636,0
9790,,,5,5,167,3,,,10,5591,0
9791,,,3,2,162,3,,,4,4812,1
9792,,,3,1,250,3,,,6,5832,0
9793,,,4,2,245,3,,,1,4731,1
9794,,,3,4,226,3,,,7,4411,1
9795,,,5,1,226,2,,,6,5395,0
9796,,,5,4,222,2,,,8,4996,1
9797,,,4,1,177,2,,,2,5911,0
9798,,,4,4,223,3,,,5,5654,0
9799,,,5,5,210,6,,,3,5051,0
9800,,,4,2,170,2,,,3,4299,0
9801,,,5,5,135,4,,,8,5029,0
9802,,,3,5,192,4,,,7,4741,1
9803,,,4,2,204,3,,,3,4001,0
9804,,,3,4,244,3,,,4,4458,0
9805,,,3,2,255,4,,,8,5511,0
9806,,,4,5,160,2,,,8,5234,0
9807,,,4,1,150,2,,,5,4133,0
9808,,,4,2,242,6,,,10,5655,1
9809,,,4,5,240,6,,,9,5498,1
9810,,,2,4,246,2,,,10,5337,1
9811,,,3,1,232,2,,,3,4562,1
9812,,,4,3,274,3,,,5,4409,0
9813,,,4,3,253,3,,,5,5703,0
9814,,,5,1,229,4,,,1,4584,1
9815,,,4,4,131,3,,,10,4625,0
9816,,,4,3,125,3,,,10,5883,0
9817,,,3,3,201,3,,,2,5540,1
9818,,,4,4,207,3,,,1,4019,0
9819,,,3,1,144,2,,,8,5378,1
9820,,,3,5,109,4,,,4,4308,0
9821,,,4,2,161,2,,,8,5654,1
9822,,,4,2,151,3,,,3,5154,1
9823,,,3,3,149,4,,,2,5282,0
9824,,,5,5,239,3,,,5,4122,0
9825,,,4,3,287,5,,,6,4376,1
9826,,,3,3,132,2,,,8,5810,1
9827,,,5,2,165,5,,,9,5313,0
9828,,,5,4,143,2,,,1,5872,1
9829,,,4,4,262,3,,,2,5429,0
9830,,,5,3,201,6,,,3,4025,1
9831,,,4,3,213,4,,,8,4220,0
9832,,,2,3,269,2,,,3,5976,0
9833,,,6,5,217,4,,,2,4073,0
9834,,,4,3,133,2,,,10,4195,0
9835,,,3,4,248,3,,,7,5299,0
9836,,,4,3,244,3,,,9,5339,0
9837,,,4,1,197,3,,,9,4917,0
9838,,,5,5,268,4,,,9,4208,0
9839,,,5,5,203,4,,,6,4557,1
9840,,,4,4,224,2,,,3,4817,0
9841,,,3,4,212,3,,,6,5935,1
9842,,,5,4,208,6,,,8,5098,0
9843,,,4,5,155,3,,,3,5939,1
9844,,,5,4,260,3,,,8,4535,0
9845,,,2,2,174,3,,,3,5348,0
9846,,,4,1,161,3,,,3,4590,0
9847,,,5,5,246,3,,,7,5167,0
9848,,,5,1,173,4,,,2,4615,0
9849,,,3,2,175,2,,,9,4859,0
9850,,,5,1,243,3,,,10,4037,0
9851,,,3,2,122,4,,,9,5299,1
9852,,,4,2,219,2,,,1,5071,1
9853,,,3,2,217,3,,,7,5910,0
9854,,,4,3,250,6,,,2,4246,0
9855,,,3,3,274,3,,,5,5981,1
9856,,,2,2,260,3,,,6,4747,0
9857,,,4,4,185,2,,,1,4729,0
9858,,,4,5,270,3,,,1,4131,0
9859,,,6,3,166,5,,,3,4596,1
9860,,,4,4,160,4,,,1,5520,1
9861,,,3,2,247,3,,,3,4338,0
9862,,,4,2,272,2,,,1,5703,1
9863,,,4,5,171,2,,,1,4439,0
9864,,,5,2,211,3,,,8,4962,0
9865,,,3,4,271,3,,,1,4444,1
9866,,,6,4,155,5,,,8,5982,0
9867,,,4,1,220,3,,,7,4552,1
9868,,,3,3,220,3,,,10,5234,1
9869,,,2,4,285,3,,,6,4427,1
9870,,,3,1,109,6,,,5,4374,1
9871,,,3,4,194,3,,,7,4565,0
9872,,,3,3,214,2,,,9,4185,0
9873,,,3,5,161,3,,,4,5629,0
9874,,,3,5,202,4,,,7,4458,0
9875,,,3,3,179,8,,,3,5429,1
9876,,,5,1,137,5,,,8,4584,0
9877,,,6,1,173,3,,,2,4892,0
9878,,,3,4,243,3,,,6,4950,0
9879,,,4,2,258,5,,,2,1494,0
9880,,,6,3,245,4,,,3,1982,1
9881,,,6,3,296,4,,,4,1650,0
9882,,,5,4,267,5,,,9,1113,0
9883,,,6,5,268,4,,,1,1248,1
9884,,,7,4,277,5,,,4,1373,0
9885,,,6,1,259,4,,,4,1198,0
9886,,,5,1,275,5,,,6,1156,1
9887,,,6,3,298,4,,,9,1515,1
9888,,,5,2,243,5,,,4,1385,0
9889,,,7,2,255,4,,,10,1372,0
9890,,,4,5,232,5,,,3,1817,0
9891,,,3,4,247,3,,,4,5844,0
9892,,,4,4,272,2,,,1,4013,1
9893,,,4,1,171,2,,,10,4536,0
9894,,,5,5,211,3,,,7,5983,1
9895,,,3,1,271,3,,,1,5486,1
9896,,,6,1,155,5,,,8,4882,0
9897,,,4,5,220,3,,,1,4912,1
9898,,,3,5,220,3,,,5,4407,0
9899,,,2,1,285,3,,,7,4999,0
9900,,,3,1,109,6,,,6,5457,1
9901,,,3,2,194,3,,,7,4727,1
9902,,,3,5,214,2,,,6,4578,0
9903,,,3,5,161,3,,,10,5663,1
9904,,,3,3,202,4,,,10,5137,1
9905,,,3,2,179,8,,,3,4584,0
9906,,,5,1,137,5,,,4,4586,1
9907,,,6,2,173,3,,,4,5970,0
9908,,,3,1,243,3,,,6,5371,0
9909,,,4,5,258,5,,,2,1481,0
9910,,,6,2,245,4,,,9,1594,0
9911,,,6,4,296,4,,,4,1973,0
9912,,,5,5,267,5,,,1,1352,1
9913,,,6,1,268,4,,,10,1958,0
9914,,,7,2,277,5,,,7,1260,1
9915,,,6,2,259,4,,,10,2000,1
9916,,,5,3,275,5,,,2,1816,0
9917,,,6,2,298,4,,,2,1648,0
9918,,,5,5,243,5,,,2,1817,0
9919,,,6,5,280,4,,,3,1819,1
9920,,,6,3,277,4,,,6,1623,1
9921,,,6,4,284,4,,,7,1518,1
9922,,,4,1,258,5,,,8,1306,0
9923,,,7,1,254,4,,,5,1865,1
9924,,,5,4,263,5,,,8,1548,0
9925,,,6,2,267,4,,,10,1580,0
9926,,,6,3,247,4,,,7,1626,1
9927,,,5,1,233,5,,,6,1631,1
9928,,,7,2,254,4,,,9,1788,0
9929,,,6,1,289,5,,,7,1223,0
9930,,,6,2,282,4,,,6,1674,0
9931,,,5,3,243,6,,,10,1729,1
9932,,,5,3,243,5,,,8,1223,1
9933,,,4,2,228,5,,,3,1473,1
9934,,,5,5,235,5,,,4,1758,0
9935,,,4,4,274,6,,,10,1355,1
9936,,,6,4,254,5,,,10,1435,0
9937,,,4,5,251,6,,,1,1625,0
9938,,,7,1,310,4,,,8,1601,1
9939,,,7,3,288,4,,,3,1989,0
9940,,,4,3,218,5,,,9,1024,0
9941,,,5,5,251,5,,,10,1683,0
9942,,,5,3,263,5,,,6,1192,0
9943,,,4,4,266,6,,,2,1776,1
9944,,,6,2,307,4,,,9,1674,0
9945,,,7,5,268,4,,,9,1754,1
9946,,,6,5,157,5,,,10,1133,0
9947,,,7,3,262,4,,,1,1384,1
9948,,,4,2,245,5,,,10,1668,1
9949,,,5,5,217,6,,,5,1616,0
9950,,,6,3,259,4,,,7,1208,0
9951,,,5,2,238,5,,,4,1962,0
9952,,,6,4,288,4,,,9,1575,0
9953,,,7,4,284,4,,,3,1751,1
9954,,,4,4,243,5,,,2,1842,0
9955,,,6,2,260,4,,,8,1522,0
9956,,,4,3,264,5,,,2,1541,0
9957,,,5,2,269,5,,,10,1113,1
9958,,,7,4,282,4,,,6,1800,0
9959,,,5,2,250,6,,,1,1296,1
9960,,,5,5,230,5,,,8,1067,0
9961,,,6,5,254,4,,,10,1217,0
9962,,,5,4,256,5,,,2,1723,1
9963,,,4,2,255,5,,,7,1378,0
9964,,,7,3,306,4,,,2,1790,1
9965,,,6,2,189,2,,,2,1837,0
9966,,,6,3,280,4,,,2,1753,0
9967,,,6,5,310,4,,,10,1553,0
9968,,,5,4,266,2,,,1,5494,0
9969,,,3,3,196,3,,,4,5622,0
9970,,,3,2,198,5,,,6,5443,0
9971,,,5,5,163,2,,,6,5253,1
9972,,,3,3,137,3,,,8,4742,0
9973,,,3,1,167,2,,,8,4171,1
9974,,,3,5,115,2,,,10,4200,0
9975,,,5,2,192,2,,,5,4046,0
9976,,,4,2,238,5,,,9,4618,0
9977,,,4,2,142,3,,,2,4790,1
9978,,,3,2,256,2,,,7,5725,1
9979,,,4,1,208,3,,,7,4592,0
9980,,,3,2,257,2,,,8,4242,1
9981,,,4,3,227,3,,,8,5829,1
9982,,,4,2,219,4,,,8,5660,0
9983,,,5,3,202,2,,,9,5645,1
9984,,,4,2,158,3,,,9,4078,1
9985,,,6,3,235,3,,,7,4829,1
9986,,,4,4,233,3,,,9,4300,1
9987,,,4,5,244,3,,,3,5857,1
9988,,,3,5,244,5,,,10,4163,0
9989,,,3,5,148,3,,,4,5919,0
9990,,,5,5,171,2,,,8,4602,0
9991,,,5,2,197,5,,,4,4196,1
9992,,,3,1,256,3,,,5,5643,0
9993,,,6,3,223,2,,,7,5007,0
9994,,,5,2,271,4,,,4,4066,0
9995,,,2,1,135,4,,,8,5001,1
9996,,,6,4,272,2,,,7,4145,0
9997,,,3,1,265,3,,,10,4244,0
9998,,,5,5,180,2,,,5,4585,1
9999,,,5,3,187,3,,,2,5967,0
10000,,,3,3,158,3,,,1,5502,0
10001,,,4,1,234,2,,,4,5164,0
10002,,,6,4,224,5,,,10,5602,0
10003,,,4,4,153,3,,,3,4422,1
10004,,,3,5,125,2,,,2,4182,1
10005,,,4,1,204,3,,,3,4310,0
10006,,,3,1,199,3,,,3,5127,0
10007,,,3,4,216,3,,,3,5149,0
10008,,,4,3,183,3,,,6,5712,1
10009,,,4,3,136,3,,,4,5769,1
10010,,,4,1,269,3,,,3,4409,1
10011,,,5,5,105,4,,,6,5135,1
10012,,,4,2,253,2,,,4,4502,1
10013,,,3,1,263,3,,,4,4616,0
10014,,,4,1,266,3,,,10,4382,0
10015,,,3,3,185,2,,,4,4746,0
10016,,,3,4,245,2,,,1,4427,0
10017,,,3,5,184,3,,,9,4969,0
10018,,,5,4,235,3,,,8,4636,0
10019,,,3,2,247,3,,,8,5194,0
10020,,,4,4,145,2,,,9,5070,0
10021,,,3,3,158,2,,,4,5960,0
10022,,,4,5,268,2,,,2,4721,1
10023,,,3,1,186,3,,,4,5515,1
10024,,,2,3,226,3,,,8,5106,1
10025,,,5,1,258,3,,,7,4466,1
10026,,,3,4,189,3,,,2,5464,0
10027,,,5,3,255,4,,,4,4178,1
10028,,,5,5,207,4,,,1,5035,0
10029,,,3,5,271,3,,,2,5229,1
10030,,,3,4,239,4,,,10,5455,1
10031,,,4,4,186,3,,,8,4969,1
10032,,,4,1,139,3,,,7,4275,0
10033,,,3,3,224,6,,,10,4221,0
10034,,,4,2,198,2,,,2,5662,0
10035,,,4,4,102,3,,,9,5644,1
10036,,,3,3,219,3,,,5,4321,0
10037,,,4,5,240,5,,,8,4314,0
10038,,,3,2,222,2,,,1,4021,1
10039,,,2,2,221,2,,,3,4500,1
10040,,,5,3,229,2,,,1,5294,1
10041,,,5,2,146,3,,,5,4725,0
10042,,,3,3,165,2,,,1,5661,0
10043,,,4,4,200,3,,,7,5807,1
10044,,,4,2,232,2,,,5,4907,0
10045,,,5,5,240,2,,,2,5655,0
10046,,,5,4,240,4,,,7,4552,1
10047,,,3,2,187,3,,,7,5334,0
10048,,,5,4,239,3,,,7,4960,0
10049,,,3,1,171,4,,,6,5398,0
10050,,,4,2,239,4,,,8,4039,0
10051,,,4,2,166,5,,,8,4493,0
10052,,,6,1,113,2,,,7,5234,1
10053,,,4,3,104,5,,,6,4617,1
10054,,,3,4,270,3,,,10,5417,0
10055,,,5,1,145,2,,,8,4485,1
10056,,,3,5,171,3,,,5,4075,1
10057,,,4,5,160,3,,,9,5799,1
10058,,,4,2,210,2,,,1,5437,1
10059,,,4,1,256,4,,,3,5324,0
10060,,,4,5,155,3,,,10,5315,1
10061,,,5,1,126,5,,,2,5659,1
10062,,,3,1,189,3,,,1,4886,0
10063,,,4,1,206,3,,,2,5013,1
10064,,,4,3,242,2,,,2,5879,0
10065,,,3,1,258,2,,,4,5262,0
10066,,,4,4,196,4,,,10,4871,1
10067,,,3,3,209,3,,,1,5186,0
10068,,,4,4,259,2,,,6,4308,1
10069,,,2,1,140,2,,,8,4965,0
10070,,,5,3,141,2,,,10,4651,0
10071,,,3,1,160,2,,,5,4435,1
10072,,,5,4,208,4,,,8,4116,0
10073,,,3,4,198,3,,,3,5322,0
10074,,,4,4,264,3,,,6,5959,1
10075,,,4,3,136,4,,,10,5911,0
10076,,,4,4,221,4,,,2,5595,1
10077,,,5,3,242,3,,,10,4889,1
10078,,,4,2,162,3,,,7,5614,0
10079,,,4,5,258,3,,,3,5422,1
10080,,,5,3,172,3,,,3,4056,0
10081,,,4,4,222,4,,,6,4733,0
10082,,,3,2,215,2,,,7,4305,0
10083,,,3,4,164,2,,,1,4067,1
10084,,,5,1,233,3,,,6,5560,0
10085,,,4,4,249,3,,,1,5743,0
10086,,,4,5,217,3,,,3,5380,1
10087,,,4,3,260,3,,,1,4796,0
10088,,,4,1,219,2,,,6,5314,0
10089,,,4,1,267,4,,,2,4024,0
10090,,,5,3,137,4,,,9,4754,0
10091,,,4,5,141,2,,,1,4395,1
10092,,,4,2,201,2,,,6,5729,0
10093,,,5,1,125,4,,,3,5595,0
10094,,,3,1,173,2,,,1,5927,1
10095,,,3,5,271,2,,,6,4020,1
10096,,,4,5,243,3,,,9,5263,0
10097,,,5,1,151,3,,,9,4895,0
10098,,,4,4,224,4,,,2,4503,1
10099,,,3,2,141,3,,,7,4682,0
10100,,,3,2,133,3,,,10,5803,0
10101,,,3,2,239,3,,,4,5628,1
10102,,,4,3,203,2,,,8,5597,0
10103,,,4,2,220,3,,,9,5896,0
10104,,,4,3,212,2,,,8,5513,0
10105,,,2,4,252,4,,,4,4787,0
10106,,,5,5,265,3,,,3,5637,0
10107,,,4,2,199,3,,,7,5342,0
10108,,,3,5,209,3,,,4,5413,0
10109,,,4,5,254,3,,,7,4363,0
10110,,,2,3,216,3,,,9,4032,1
10111,,,5,4,196,2,,,2,5515,0
10112,,,4,4,258,3,,,2,5420,0
10113,,,3,3,137,3,,,7,5794,1
10114,,,6,5,282,4,,,10,4901,0
10115,,,3,2,156,2,,,10,4276,0
10116,,,4,5,237,5,,,4,4917,0
10117,,,4,5,170,3,,,3,4695,1
10118,,,4,1,243,3,,,9,4277,0
10119,,,4,5,163,3,,,2,4887,0
10120,,,3,4,257,3,,,4,4883,0
10121,,,5,4,179,6,,,1,5433,0
10122,,,3,3,274,4,,,7,4828,0
10123,,,3,4,174,2,,,4,4295,1
10124,,,4,2,162,6,,,4,4094,0
10125,,,6,2,269,6,,,4,4423,0
10126,,,4,1,147,2,,,8,4600,1
10127,,,6,4,286,4,,,5,4262,0
10128,,,2,5,271,3,,,6,5471,1
10129,,,5,2,130,4,,,4,4371,0
10130,,,4,5,258,2,,,2,4303,1
10131,,,5,1,151,3,,,1,4981,0
10132,,,5,4,208,8,,,4,5155,1
10133,,,6,2,137,10,,,5,4510,0
10134,,,3,1,250,3,,,8,5509,0
10135,,,4,5,211,2,,,4,4106,1
10136,,,4,1,196,3,,,9,5216,1
10137,,,3,4,174,3,,,3,5366,1
10138,,,6,5,277,4,,,5,1845,1
10139,,,6,2,284,4,,,7,1181,1
10140,,,4,5,258,5,,,3,1162,0
10141,,,7,1,254,4,,,9,1876,0
10142,,,5,5,263,5,,,10,1789,1
10143,,,6,5,267,4,,,3,1550,0
10144,,,6,4,247,4,,,2,1858,1
10145,,,5,1,233,5,,,4,1622,0
10146,,,7,5,254,4,,,6,1014,0
10147,,,6,3,289,5,,,1,1949,1
10148,,,6,2,282,4,,,9,1385,0
10149,,,5,3,243,6,,,10,1189,1
10150,,,5,1,243,5,,,8,1732,0
10151,,,4,5,228,5,,,2,1996,0
10152,,,5,4,235,5,,,8,1549,0
10153,,,4,1,274,6,,,8,1141,1
10154,,,6,3,254,5,,,7,1615,1
10155,,,4,4,237,5,,,6,4586,0
10156,,,4,4,170,3,,,4,4062,0
10157,,,4,4,243,3,,,4,5082,1
10158,,,4,5,163,3,,,1,4049,1
10159,,,3,3,257,3,,,5,4937,1
10160,,,5,3,179,6,,,1,4930,1
10161,,,3,1,274,4,,,4,4057,0
10162,,,3,4,174,2,,,7,4596,0
10163,,,4,1,162,6,,,1,5525,1
10164,,,6,1,269,6,,,2,5363,0
10165,,,4,3,147,2,,,2,5431,0
10166,,,6,5,286,4,,,4,4889,0
10167,,,2,5,271,3,,,9,4185,0
10168,,,5,1,130,4,,,9,4946,1
10169,,,4,4,258,2,,,5,4562,0
10170,,,5,5,151,3,,,2,5506,0
10171,,,5,2,208,8,,,5,4751,0
10172,,,6,2,137,10,,,4,4490,0
10173,,,3,2,250,3,,,6,4636,0
10174,,,4,3,211,2,,,6,5473,1
10175,,,4,4,196,3,,,2,4320,1
10176,,,3,2,174,3,,,3,5207,1
10177,,,6,3,277,4,,,6,1433,0
10178,,,6,3,284,4,,,3,1291,0
10179,,,4,4,258,5,,,9,1947,1
10180,,,7,2,254,4,,,6,1006,0
10181,,,5,5,263,5,,,2,1417,0
10182,,,6,1,267,4,,,9,1146,1
10183,,,6,2,247,4,,,3,1118,0
10184,,,5,3,233,5,,,3,1398,0
10185,,,7,5,254,4,,,1,1347,0
10186,,,6,2,289,5,,,10,1607,1
10187,,,6,3,282,4,,,8,1375,0
10188,,,5,2,243,6,,,7,1752,0
10189,,,5,4,243,5,,,4,1813,0
10190,,,4,1,228,5,,,6,1874,0
10191,,,5,5,235,5,,,8,1332,1
10192,,,7,3,306,4,,,4,1630,0
10193,,,6,1,189,2,,,6,1269,0
10194,,,6,4,280,4,,,4,1831,1
10195,,,6,4,310,4,,,1,1494,1
10196,,,4,3,264,6,,,10,1962,1
10197,,,5,5,243,6,,,9,1348,0
10198,,,5,5,245,5,,,5,1252,0
10199,,,5,5,239,6,,,1,1384,0
10200,,,4,3,248,5,,,7,1789,1
10201,,,6,1,268,4,,,1,1654,1
10202,,,6,4,271,4,,,6,1503,0
10203,,,4,5,233,5,,,8,1040,1
10204,,,5,1,245,5,,,9,1694,1
10205,,,5,2,248,5,,,1,1845,1
10206,,,5,2,234,5,,,6,1703,0
10207,,,4,2,259,5,,,2,1054,0
10208,,,5,1,259,6,,,2,1876,0
10209,,,5,2,263,6,,,2,1851,0
10210,,,3,1,158,5,,,4,1171,1
10211,,,5,5,270,5,,,5,1852,1
10212,,,4,3,271,5,,,6,1555,1
10213,,,5,5,237,5,,,9,1709,0
10214,,,6,1,250,4,,,5,1747,0
10215,,,4,2,270,5,,,10,1340,0
10216,,,4,5,242,6,,,9,1858,0
10217,,,5,1,271,5,,,4,1557,1
10218,,,4,3,254,5,,,8,1851,0
10219,,,5,3,274,5,,,7,1696,1
10220,,,4,3,249,5,,,10,1067,1
10221,,,4,3,245,5,,,7,1182,0
10222,,,4,5,237,5,,,9,1978,1
10223,,,4,3,238,6,,,2,1898,0
10224,,,5,3,242,5,,,6,1681,0
10225,,,5,5,217,6,,,1,1761,0
10226,,,4,2,242,6,,,10,1531,1
10227,,,6,1,265,4,,,1,1345,1
10228,,,3,4,267,3,,,3,4566,0
10229,,,3,1,238,2,,,9,5158,0
10230,,,5,3,284,5,,,4,5343,1
10231,,,4,3,137,3,,,5,4854,1
10232,,,2,1,232,6,,,2,5281,1
10233,,,3,3,262,2,,,10,5951,1
10234,,,5,1,158,2,,,6,4873,0
10235,,,5,5,226,4,,,10,5676,1
10236,,,4,3,199,2,,,4,5855,0
10237,,,4,4,175,2,,,10,4927,0
10238,,,5,1,233,3,,,9,5039,0
10239,,,2,5,111,2,,,5,4038,1
10240,,,5,2,218,3,,,4,5363,1
10241,,,5,1,189,4,,,10,4166,1
10242,,,4,3,257,3,,,8,5944,0
10243,,,4,2,160,3,,,5,4492,0
10244,,,3,3,197,3,,,4,4858,1
10245,,,3,5,283,2,,,2,4207,0
10246,,,5,5,197,4,,,7,4141,1
10247,,,3,1,259,4,,,9,4084,1
10248,,,4,3,195,3,,,5,5863,0
10249,,,3,1,159,2,,,5,4906,1
10250,,,3,1,267,3,,,8,5415,1
10251,,,5,2,155,3,,,10,4485,1
10252,,,3,1,267,2,,,9,5744,0
10253,,,4,1,239,3,,,9,4930,1
10254,,,3,1,263,3,,,10,4911,0
10255,,,3,5,217,3,,,3,5433,0
10256,,,4,3,173,3,,,4,4793,1
10257,,,2,2,163,3,,,5,5887,0
10258,,,5,5,232,5,,,2,5561,0
10259,,,3,3,155,3,,,5,4957,1
10260,,,3,4,160,4,,,1,5341,0
10261,,,5,4,200,3,,,3,4225,0
10262,,,4,1,160,2,,,1,5741,1
10263,,,3,3,220,3,,,7,5323,1
10264,,,3,3,160,2,,,3,4665,0
10265,,,3,4,136,3,,,4,5368,0
10266,,,5,1,252,3,,,2,5032,0
10267,,,3,4,138,5,,,5,5690,0
10268,,,4,4,173,3,,,10,4616,0
10269,,,4,5,198,3,,,2,4272,0
10270,,,4,1,194,2,,,3,5503,0
10271,,,4,5,157,3,,,10,5898,1
10272,,,3,3,220,3,,,2,5065,1
10273,,,4,4,160,3,,,5,4440,0
10274,,,3,4,214,2,,,7,5256,1
10275,,,5,5,213,3,,,5,5247,0
10276,,,3,5,146,3,,,8,5637,1
10277,,,4,3,176,5,,,2,5751,1
10278,,,3,2,219,4,,,6,4314,1
10279,,,4,3,164,3,,,4,4495,0
10280,,,3,4,168,2,,,7,4699,1
10281,,,5,3,167,3,,,9,5026,0
10282,,,3,2,152,3,,,7,4244,0
10283,,,5,4,248,3,,,7,5335,1
10284,,,3,5,177,2,,,2,4906,1
10285,,,4,4,148,3,,,4,5716,1
10286,,,4,2,107,2,,,8,4460,0
10287,,,6,2,196,2,,,10,5180,1
10288,,,3,3,215,2,,,2,5661,0
10289,,,4,5,260,3,,,10,4331,0
10290,,,5,5,156,2,,,8,4817,0
10291,,,4,1,266,2,,,4,5116,0
10292,,,4,1,146,3,,,1,4831,1
10293,,,4,2,210,3,,,10,5354,0
10294,,,2,4,144,2,,,5,5867,0
10295,,,3,5,181,4,,,1,5812,0
10296,,,5,5,132,4,,,8,4339,1
10297,,,5,3,243,6,,,9,5640,0
10298,,,4,3,166,4,,,1,4536,0
10299,,,5,5,148,4,,,4,5909,0
10300,,,6,4,221,5,,,9,4360,0
10301,,,4,2,207,3,,,5,4702,1
10302,,,4,1,228,3,,,4,5347,1
10303,,,3,2,161,3,,,2,4174,1
10304,,,4,2,259,2,,,10,5265,0
10305,,,4,5,272,2,,,10,4962,0
10306,,,4,4,154,3,,,4,5393,1
10307,,,4,2,174,3,,,4,5625,0
10308,,,4,2,225,2,,,5,5943,0
10309,,,3,5,209,3,,,8,5591,0
10310,,,6,1,208,5,,,6,4537,0
10311,,,4,4,163,3,,,8,4921,1
10312,,,3,5,174,3,,,7,5672,1
10313,,,3,5,236,3,,,1,5220,0
10314,,,3,2,229,6,,,3,5689,1
10315,,,3,4,195,2,,,5,4660,1
10316,,,4,2,146,3,,,9,5871,1
10317,,,3,2,211,2,,,4,4978,1
10318,,,2,2,161,3,,,5,5999,1
10319,,,2,5,243,3,,,9,4182,0
10320,,,3,3,169,2,,,8,4281,1
10321,,,3,4,273,3,,,8,4530,1
10322,,,4,2,137,2,,,3,4622,1
10323,,,2,1,96,2,,,9,4449,1
10324,,,5,5,177,4,,,2,4873,0
10325,,,4,1,269,3,,,7,5211,1
10326,,,3,2,188,5,,,7,5673,0
10327,,,4,1,238,3,,,10,4172,0
10328,,,5,2,172,5,,,5,4805,0
10329,,,4,4,134,5,,,2,5865,1
10330,,,4,2,191,2,,,8,4806,1
10331,,,5,3,210,6,,,6,4203,1
10332,,,4,5,161,3,,,2,5378,0
10333,,,5,4,161,5,,,1,5779,1
10334,,,4,1,166,5,,,9,4472,0
10335,,,4,3,170,4,,,9,4375,0
10336,,,3,1,251,3,,,4,5291,0
10337,,,3,3,214,3,,,3,4056,1
10338,,,4,3,197,3,,,6,5395,0
10339,,,3,3,227,2,,,5,4269,1
10340,,,4,5,265,2,,,6,4660,1
10341,,,6,5,287,5,,,2,5611,1
10342,,,3,5,206,2,,,3,5113,1
10343,,,4,2,192,3,,,4,5578,1
10344,,,2,1,109,4,,,3,5264,1
10345,,,4,3,180,2,,,7,5546,1
10346,,,3,2,224,3,,,2,4015,0
10347,,,3,2,259,6,,,1,5873,0
10348,,,3,4,269,3,,,8,5364,1
10349,,,5,4,187,4,,,1,4147,0
10350,,,4,4,185,3,,,2,5288,1
10351,,,5,2,241,2,,,2,5448,0
10352,,,2,5,228,3,,,8,5643,1
10353,,,3,2,214,2,,,9,4512,0
10354,,,3,2,196,6,,,6,5414,0
10355,,,3,1,175,3,,,6,4695,0
10356,,,3,5,171,3,,,7,5318,1
10357,,,4,2,185,2,,,5,4066,0
10358,,,2,4,226,3,,,9,4098,1
10359,,,4,1,265,3,,,4,4249,0
10360,,,4,4,205,4,,,2,4690,1
10361,,,4,3,189,3,,,9,4825,0
10362,,,3,4,141,3,,,2,5512,0
10363,,,3,3,217,3,,,6,4887,0
10364,,,4,2,198,3,,,4,5863,0
10365,,,4,4,246,3,,,2,4150,0
10366,,,3,4,261,4,,,7,5731,0
10367,,,4,3,160,2,,,9,5940,0
10368,,,5,5,135,3,,,4,5734,0
10369,,,5,2,213,3,,,9,5526,0
10370,,,3,4,189,6,,,9,4668,1
10371,,,4,1,259,3,,,9,5148,1
10372,,,4,5,170,3,,,2,5671,0
10373,,,3,3,257,2,,,5,4681,1
10374,,,3,5,143,2,,,8,4754,1
10375,,,4,1,258,3,,,10,4906,0
10376,,,4,3,216,2,,,4,5997,0
10377,,,4,3,169,3,,,8,4613,0
10378,,,4,3,165,2,,,2,5210,0
10379,,,4,4,245,3,,,7,4480,1
10380,,,4,1,171,2,,,6,5719,1
10381,,,2,5,238,4,,,9,4086,0
10382,,,4,2,265,3,,,1,5385,0
10383,,,4,3,207,2,,,5,4286,0
10384,,,3,4,257,3,,,10,4670,1
10385,,,3,4,252,2,,,9,4278,0
10386,,,5,5,272,2,,,4,5342,0
10387,,,3,2,180,6,,,3,5780,1
10388,,,5,1,217,2,,,9,4345,0
10389,,,3,1,149,3,,,9,5952,1
10390,,,4,5,185,2,,,6,4610,0
10391,,,5,2,222,3,,,10,5644,1
10392,,,4,3,180,3,,,4,5471,0
10393,,,4,2,156,3,,,1,4097,1
10394,,,3,5,241,3,,,10,5099,1
10395,,,4,1,170,10,,,3,5211,1
10396,,,3,2,286,6,,,1,5035,1
10397,,,3,4,232,5,,,7,5653,1
10398,,,5,2,171,3,,,6,4656,1
10399,,,4,4,146,10,,,3,4152,1
10400,,,4,2,189,10,,,5,5470,0
10401,,,2,1,235,3,,,8,4522,1
10402,,,4,2,187,3,,,5,4897,1
10403,,,3,5,166,3,,,5,5206,0
10404,,,4,4,264,6,,,6,1748,1
10405,,,5,3,243,6,,,1,1856,0
10406,,,5,2,245,5,,,9,1466,0
10407,,,5,5,239,6,,,1,1984,0
10408,,,4,3,248,5,,,3,1093,0
10409,,,6,4,268,4,,,9,1793,0
10410,,,6,2,271,4,,,2,1893,1
10411,,,4,3,233,5,,,2,1079,0
10412,,,5,1,245,5,,,7,1092,0
10413,,,5,5,248,5,,,8,1881,1
10414,,,5,1,234,5,,,2,1030,1
10415,,,4,5,259,5,,,2,1066,1
10416,,,5,4,259,6,,,1,1206,1
10417,,,5,2,263,6,,,6,1511,1
10418,,,3,1,158,5,,,9,1537,1
10419,,,5,3,270,5,,,1,1568,1
10420,,,2,1,238,4,,,4,4780,0
10421,,,4,1,265,3,,,3,5177,0
10422,,,4,3,207,2,,,4,5227,1
10423,,,3,2,257,3,,,9,5236,0
10424,,,3,3,252,2,,,1,5707,1
10425,,,5,5,272,2,,,1,4883,1
10426,,,3,4,180,6,,,3,5605,0
10427,,,5,4,217,2,,,2,5469,1
10428,,,3,4,149,3,,,3,4540,0
10429,,,4,5,185,2,,,4,5428,0
10430,,,5,4,222,3,,,8,5559,1
10431,,,4,2,180,3,,,6,4417,0
10432,,,4,2,156,3,,,5,4946,1
10433,,,3,3,241,3,,,10,5275,1
10434,,,4,2,170,10,,,4,4696,1
10435,,,3,5,286,6,,,8,4777,0
10436,,,3,3,232,5,,,10,5580,0
10437,,,5,4,171,3,,,1,5011,0
10438,,,4,4,146,10,,,1,4351,0
10439,,,4,1,189,10,,,2,4505,1
10440,,,2,5,235,3,,,10,5775,1
10441,,,4,4,187,3,,,6,4567,0
10442,,,3,4,166,3,,,6,4247,0
10443,,,4,3,264,6,,,7,1178,1
10444,,,5,3,243,6,,,10,1078,1
10445,,,5,2,245,5,,,8,1528,0
10446,,,5,5,239,6,,,9,1417,1
10447,,,4,5,248,5,,,6,1754,0
10448,,,6,5,268,4,,,7,1600,1
10449,,,6,4,271,4,,,6,1091,0
10450,,,4,3,233,5,,,5,1799,1
10451,,,5,1,245,5,,,7,1038,0
10452,,,5,5,248,5,,,1,1945,1
10453,,,5,5,234,5,,,9,1812,0
10454,,,4,3,259,5,,,2,1574,0
10455,,,5,5,259,6,,,5,1382,1
10456,,,5,1,263,6,,,3,1665,1
10457,,,5,4,217,6,,,6,1483,1
10458,,,4,3,242,6,,,5,1411,0
10459,,,4,4,255,6,,,2,1430,1
10460,,,2,3,277,3,,,1,1738,0
10461,,,4,2,267,5,,,3,1933,1
10462,,,5,4,260,5,,,5,1370,0
10463,,,4,5,259,5,,,9,1951,1
10464,,,5,5,257,5,,,6,1101,0
10465,,,5,1,228,5,,,2,1950,1
10466,,,5,1,255,6,,,3,1014,0
10467,,,5,5,262,6,,,10,1816,1
10468,,,5,1,262,5,,,4,1196,0
10469,,,5,1,241,5,,,4,1348,1
10470,,,4,2,262,6,,,4,1644,1
10471,,,4,2,263,6,,,4,1644,0
10472,,,4,3,233,5,,,4,1668,0
10473,,,5,3,221,5,,,8,1109,0
10474,,,5,5,254,5,,,7,1967,0
10475,,,3,4,236,4,,,2,1016,0
10476,,,5,1,258,5,,,9,1856,1
10477,,,4,2,223,5,,,8,1559,1
10478,,,5,1,248,5,,,3,1642,1
10479,,,4,1,204,4,,,3,1667,0
10480,,,4,1,276,5,,,2,1246,0
10481,,,5,4,241,5,,,1,1924,1
10482,,,5,4,263,5,,,5,1181,0
10483,,,5,2,265,5,,,5,1864,0
10484,,,4,2,253,5,,,3,1092,0
10485,,,5,1,257,5,,,2,1323,0
10486,,,4,2,259,6,,,8,1096,1
10487,,,6,4,206,5,,,10,1680,0
10488,,,5,2,254,5,,,4,1030,0
10489,,,5,1,143,3,,,3,4907,1
10490,,,3,2,169,2,,,6,4033,0
10491,,,3,1,194,4,,,8,4308,0
10492,,,4,5,248,3,,,7,5853,0
10493,,,4,1,153,3,,,5,5952,0
10494,,,3,3,151,3,,,9,5082,0
10495,,,3,4,148,3,,,7,4531,0
10496,,,4,2,214,6,,,9,4736,1
10497,,,4,1,251,2,,,2,4839,1
10498,,,2,3,136,3,,,10,4933,0
10499,,,3,4,247,3,,,8,5792,0
10500,,,3,4,239,2,,,10,5674,1
10501,,,4,1,247,3,,,5,5636,1
10502,,,2,1,184,2,,,3,4331,0
10503,,,3,1,248,3,,,7,5588,0
10504,,,5,5,244,3,,,7,4078,1
10505,,,5,2,252,3,,,7,5058,0
10506,,,4,2,136,4,,,3,4190,0
10507,,,4,5,200,4,,,1,4885,0
10508,,,3,1,187,2,,,6,5448,0
10509,,,4,2,222,2,,,10,5115,1
10510,,,3,4,247,2,,,2,4975,1
10511,,,3,2,195,2,,,2,4669,1
10512,,,4,3,190,2,,,7,5834,1
10513,,,4,5,226,2,,,10,4706,1
10514,,,3,4,205,3,,,7,4490,0
10515,,,4,1,225,3,,,9,4242,1
10516,,,2,3,275,3,,,10,4183,1
10517,,,3,4,154,2,,,2,4998,0
10518,,,5,5,141,3,,,4,4534,0
10519,,,3,2,198,2,,,8,5889,0
10520,,,4,3,263,2,,,9,4210,0
10521,,,4,4,184,3,,,9,4500,0
10522,,,3,2,221,2,,,9,4466,0
10523,,,3,5,259,3,,,7,4480,1
10524,,,4,4,238,4,,,1,5702,1
10525,,,3,5,188,3,,,6,4234,1
10526,,,3,2,164,2,,,3,4666,0
10527,,,4,1,204,6,,,1,4943,0
10528,,,5,5,237,3,,,5,4285,1
10529,,,6,1,235,6,,,3,5591,0
10530,,,3,2,235,2,,,9,5116,0
10531,,,3,5,263,3,,,4,4081,1
10532,,,5,4,236,4,,,6,4457,0
10533,,,5,2,146,2,,,2,4075,0
10534,,,3,2,188,3,,,8,5709,0
10535,,,5,1,152,3,,,3,5981,0
10536,,,4,1,211,3,,,7,4083,1
10537,,,4,3,195,3,,,1,4236,1
10538,,,4,4,180,4,,,7,5609,1
10539,,,3,2,213,6,,,9,5418,1
10540,,,4,1,171,3,,,10,5971,0
10541,,,3,5,253,4,,,5,4761,1
10542,,,5,4,228,4,,,8,4831,1
10543,,,3,4,158,2,,,8,4086,0
10544,,,3,5,158,3,,,10,4861,0
10545,,,4,1,195,2,,,3,4165,0
10546,,,5,1,202,4,,,2,5748,0
10547,,,4,4,209,3,,,7,4717,1
10548,,,2,5,156,5,,,7,5780,0
10549,,,3,4,199,3,,,10,4925,1
10550,,,6,2,205,5,,,6,4756,0
10551,,,6,3,165,4,,,10,5965,0
10552,,,5,3,119,2,,,8,5290,1
10553,,,3,1,185,2,,,9,4316,0
10554,,,6,3,178,5,,,5,4567,0
10555,,,4,3,248,3,,,5,4667,0
10556,,,3,5,190,3,,,4,5069,0
10557,,,4,1,227,3,,,8,4795,0
10558,,,4,2,255,5,,,6,4053,0
10559,,,3,5,214,2,,,4,4077,1
10560,,,4,5,134,3,,,3,5000,1
10561,,,3,4,216,3,,,3,5817,0
10562,,,2,4,183,2,,,5,5335,1
10563,,,3,5,190,5,,,7,4457,0
10564,,,4,5,219,2,,,4,4197,1
10565,,,3,2,207,2,,,10,4070,1
10566,,,5,4,135,4,,,4,4541,0
10567,,,3,4,254,2,,,2,5957,0
10568,,,3,5,233,4,,,9,4541,0
10569,,,4,4,233,3,,,5,5421,0
10570,,,4,4,156,2,,,5,5216,0
10571,,,5,1,262,2,,,4,5761,0
10572,,,3,1,201,3,,,8,4315,0
10573,,,5,1,208,2,,,9,4887,0
10574,,,3,1,174,3,,,9,4380,1
10575,,,3,2,144,4,,,8,4867,1
10576,,,4,3,184,3,,,5,4712,1
10577,,,3,5,196,3,,,5,4891,0
10578,,,6,3,251,4,,,10,4889,1
10579,,,4,4,160,3,,,1,4770,0
10580,,,5,2,176,4,,,10,5532,0
10581,,,3,1,235,3,,,9,5735,0
10582,,,4,2,152,4,,,3,4006,0
10583,,,4,3,184,4,,,4,4030,1
10584,,,3,2,209,2,,,5,5713,0
10585,,,5,5,187,3,,,5,4613,0
10586,,,4,4,160,5,,,6,4055,0
10587,,,4,2,258,3,,,5,5393,1
10588,,,3,5,166,3,,,9,5275,1
10589,,,4,1,193,3,,,3,5919,0
10590,,,3,2,167,2,,,3,4722,1
10591,,,4,5,272,2,,,9,5055,1
10592,,,4,2,222,2,,,1,5028,1
10593,,,5,5,189,3,,,10,5554,1
10594,,,2,5,188,2,,,9,4610,0
10595,,,3,2,183,2,,,6,4313,1
10596,,,4,5,183,2,,,1,4741,0
10597,,,3,1,167,3,,,4,5943,1
10598,,,2,2,258,3,,,3,5365,1
10599,,,4,2,177,3,,,5,5757,0
10600,,,3,1,226,3,,,8,5000,0
10601,,,5,1,240,5,,,5,4144,0
10602,,,3,3,158,3,,,6,5261,1
10603,,,5,2,176,4,,,1,5810,0
10604,,,6,4,230,4,,,3,4736,1
10605,,,4,2,238,3,,,3,5265,1
10606,,,5,2,254,3,,,9,5714,1
10607,,,4,4,209,3,,,5,5979,0
10608,,,4,3,245,4,,,5,4660,0
10609,,,3,1,133,3,,,10,5640,0
10610,,,4,4,233,2,,,1,5320,0
10611,,,3,1,257,4,,,8,4692,1
10612,,,5,3,262,5,,,7,4157,0
10613,,,5,2,252,3,,,6,4013,1
10614,,,3,3,231,3,,,3,4649,1
10615,,,3,5,228,4,,,7,4068,1
10616,,,3,2,100,4,,,10,5163,0
10617,,,4,2,253,3,,,7,5813,1
10618,,,3,4,160,3,,,3,5662,0
10619,,,6,3,153,6,,,7,4975,1
10620,,,4,1,270,2,,,4,4369,0
10621,,,4,3,156,3,,,8,4701,1
10622,,,4,1,132,2,,,1,5025,1
10623,,,5,5,98,2,,,2,4125,1
10624,,,5,5,161,3,,,7,5338,1
10625,,,4,1,258,3,,,10,5916,0
10626,,,3,2,228,2,,,2,5640,0
10627,,,5,4,180,2,,,9,5208,0
10628,,,3,5,136,3,,,7,4147,0
10629,,,3,3,228,2,,,5,4470,0
10630,,,4,5,274,4,,,3,5145,0
10631,,,3,2,208,2,,,6,5344,0
10632,,,4,2,230,3,,,5,5888,0
10633,,,2,3,273,4,,,3,5079,0
10634,,,5,1,253,2,,,3,5159,1
10635,,,3,1,241,3,,,10,4120,0
10636,,,4,2,205,2,,,10,4641,1
10637,,,5,5,132,3,,,2,5552,0
10638,,,5,4,151,3,,,10,4611,0
10639,,,4,3,163,4,,,5,5593,0
10640,,,3,3,176,8,,,1,4895,1
10641,,,3,5,169,3,,,1,4636,1
10642,,,3,4,133,4,,,10,4571,0
10643,,,5,3,184,5,,,3,5219,1
10644,,,2,4,258,3,,,3,4811,0
10645,,,2,2,237,5,,,6,4622,1
10646,,,4,3,260,3,,,4,5770,1
10647,,,3,2,159,2,,,8,4326,0
10648,,,3,3,223,10,,,7,4273,1
10649,,,3,3,207,10,,,7,4423,0
10650,,,4,5,261,10,,,7,5208,0
10651,,,4,4,239,3,,,7,5297,1
10652,,,3,4,222,3,,,6,5819,0
10653,,,3,2,143,4,,,3,5845,0
10654,,,2,2,157,3,,,9,4547,1
10655,,,5,1,251,4,,,1,5011,1
10656,,,4,4,255,6,,,5,1708,1
10657,,,2,5,277,3,,,6,1032,0
10658,,,4,5,267,5,,,7,1983,0
10659,,,5,4,260,5,,,2,1178,1
10660,,,4,4,259,5,,,5,1065,1
10661,,,5,1,257,5,,,8,1128,1
10662,,,5,1,228,5,,,4,1316,0
10663,,,5,2,255,6,,,6,1610,0
10664,,,5,4,262,6,,,3,1700,0
10665,,,5,2,262,5,,,1,1483,0
10666,,,5,1,241,5,,,1,1146,0
10667,,,4,5,262,6,,,1,1249,0
10668,,,4,3,263,6,,,8,1123,1
10669,,,4,4,233,5,,,10,1173,1
10670,,,5,2,221,5,,,2,1855,0
10671,,,5,3,254,5,,,10,1501,1
10672,,,3,1,236,4,,,10,1551,0
10673,,,5,2,258,5,,,6,1059,0
10674,,,4,2,223,5,,,3,1395,1
10675,,,3,4,208,2,,,3,5811,1
10676,,,4,3,230,3,,,1,5114,1
10677,,,2,4,273,4,,,7,4743,1
10678,,,5,2,253,2,,,9,5530,0
10679,,,3,3,241,3,,,6,5261,0
10680,,,4,4,205,2,,,8,5876,0
10681,,,5,3,132,3,,,7,4462,1
10682,,,5,4,151,3,,,4,5522,0
10683,,,4,2,163,4,,,5,5751,0
10684,,,3,3,176,8,,,10,4376,1
10685,,,3,5,169,3,,,4,5659,0
10686,,,3,5,133,4,,,10,4151,0
10687,,,5,4,184,5,,,5,4782,0
10688,,,2,4,258,3,,,7,5736,0
10689,,,2,2,237,5,,,8,4461,0
10690,,,4,1,260,3,,,6,4816,0
10691,,,3,3,159,2,,,6,5269,0
10692,,,3,4,223,10,,,9,4337,0
10693,,,3,4,207,10,,,6,5856,0
10694,,,4,3,261,10,,,6,4347,1
10695,,,4,3,239,3,,,7,5511,1
10696,,,3,5,222,3,,,10,5185,1
10697,,,3,1,143,4,,,6,5474,0
10698,,,2,5,157,3,,,4,4888,0
10699,,,5,4,251,4,,,8,4190,1
10700,,,4,4,255,6,,,9,1322,0
10701,,,2,5,277,3,,,6,1057,0
10702,,,4,2,267,5,,,2,1876,0
10703,,,5,5,260,5,,,2,1128,0
10704,,,4,3,259,5,,,6,1867,1
10705,,,5,1,257,5,,,1,1619,0
10706,,,5,4,228,5,,,9,1044,0
10707,,,5,4,255,6,,,4,1255,1
10708,,,5,2,262,6,,,7,1774,0
10709,,,5,1,262,5,,,9,1893,0
10710,,,5,1,241,5,,,5,1116,1
10711,,,4,2,262,6,,,2,1069,0
10712,,,4,3,263,6,,,10,1345,1
10713,,,4,2,233,5,,,8,1097,0
10714,,,5,5,221,5,,,8,1123,1
10715,,,5,4,254,5,,,10,1350,0
10716,,,5,2,254,5,,,4,1926,0
10717,,,5,2,224,5,,,2,1022,0
10718,,,4,3,225,5,,,10,1310,0
10719,,,5,2,246,5,,,4,1072,1
10720,,,5,5,221,6,,,6,1429,0
10721,,,4,3,257,5,,,9,1080,0
10722,,,5,1,234,5,,,8,1837,0
10723,,,4,1,216,6,,,9,1678,1
10724,,,5,5,221,5,,,7,1958,1
10725,,,4,2,249,5,,,2,1195,0
10726,,,5,5,240,5,,,8,1750,1
10727,,,5,1,219,5,,,8,1419,1
10728,,,5,4,219,5,,,10,1363,1
10729,,,3,2,278,4,,,7,1879,0
10730,,,5,4,232,5,,,5,1861,0
10731,,,4,1,253,5,,,1,1235,0
10732,,,4,3,253,5,,,10,1464,0
10733,,,4,1,261,5,,,6,1129,0
10734,,,5,1,251,6,,,5,1827,0
10735,,,5,5,275,5,,,4,1646,0
10736,,,4,4,229,6,,,8,1175,0
10737,,,5,3,257,5,,,10,1812,0
10738,,,5,3,229,5,,,1,1424,0
10739,,,4,1,255,5,,,1,1918,1
10740,,,5,3,242,5,,,9,1716,0
10741,,,4,3,192,4,,,3,1406,1
10742,,,5,3,218,5,,,4,1433,0
10743,,,5,3,219,6,,,9,1019,0
10744,,,5,1,261,5,,,3,1644,1
10745,,,5,4,236,5,,,7,1017,0
10746,,,5,1,257,6,,,2,1258,1
10747,,,4,4,252,5,,,1,1539,1
10748,,,4,2,232,5,,,3,1500,0
10749,,,5,4,229,5,,,9,1069,1
10750,,,3,1,202,3,,,5,1556,1
10751,,,4,5,228,5,,,4,1618,0
10752,,,5,5,244,6,,,1,1222,0
10753,,,5,1,260,5,,,4,1257,0
10754,,,4,5,245,5,,,8,1841,0
10755,,,5,5,227,5,,,5,1186,0
10756,,,4,1,300,5,,,6,1027,0
10757,,,2,4,160,5,,,3,1645,0
10758,,,5,4,274,5,,,6,1969,0
10759,,,4,4,260,5,,,5,1952,1
10760,,,4,3,253,5,,,6,1367,1
10761,,,4,5,218,5,,,8,1574,1
10762,,,5,1,220,5,,,4,1156,1
10763,,,5,2,253,5,,,6,1326,0
10764,,,5,1,259,5,,,7,1871,1
10765,,,5,1,235,5,,,4,1259,1
10766,,,5,1,274,5,,,2,1558,1
10767,,,5,2,264,5,,,4,1318,0
10768,,,4,2,258,5,,,1,1010,0
10769,,,4,1,237,5,,,5,1154,1
10770,,,4,1,273,6,,,1,1826,0
10771,,,4,1,249,6,,,7,1415,1
10772,,,4,1,250,6,,,7,1292,0
10773,,,4,4,229,5,,,7,1716,1
10774,,,5,4,223,5,,,2,1713,0
10775,,,4,1,272,5,,,1,1149,0
10776,,,5,3,230,5,,,7,1996,0
10777,,,5,2,226,6,,,5,1981,1
10778,,,5,5,263,5,,,1,1114,1
10779,,,4,5,243,5,,,7,1243,1
10780,,,5,2,269,5,,,9,1165,0
10781,,,4,4,234,5,,,7,1871,0
10782,,,4,2,267,5,,,2,1307,1
10783,,,2,1,240,2,,,8,1144,1
10784,,,5,1,247,5,,,8,1842,1
10785,,,5,3,137,4,,,2,1034,0
10786,,,5,1,248,5,,,5,1861,0
10787,,,5,5,222,6,,,3,1861,0
10788,,,4,2,169,3,,,7,1897,0
10789,,,4,3,241,5,,,6,1324,0
10790,,,6,3,136,3,,,10,1826,0
10791,,,4,4,224,5,,,5,1184,0
10792,,,4,2,259,5,,,7,1042,1
10793,,,6,1,260,3,,,4,1338,1
10794,,,4,2,217,5,,,10,1744,0
10795,,,5,5,224,5,,,7,1505,0
10796,,,4,3,232,5,,,8,1265,0
10797,,,3,5,156,4,,,6,1015,0
10798,,,4,2,251,6,,,3,1297,0
10799,,,4,2,253,5,,,9,1438,0
10800,,,4,3,245,6,,,2,1727,1
10801,,,5,5,253,6,,,1,1300,0
10802,,,5,3,234,5,,,7,1691,1
10803,,,4,5,229,5,,,3,1954,0
10804,,,5,2,250,5,,,9,1897,0
10805,,,4,3,268,5,,,7,1932,1
10806,,,5,5,269,5,,,3,1120,0
10807,,,5,3,242,5,,,3,1276,1
10808,,,5,5,223,6,,,10,1711,0
10809,,,2,4,155,5,,,9,1740,1
10810,,,4,2,220,6,,,10,1878,1
10811,,,4,3,256,3,,,3,4480,0
10812,,,5,1,162,3,,,4,5869,1
10813,,,3,3,139,3,,,7,5199,1
10814,,,4,3,207,3,,,5,4847,1
10815,,,5,1,174,5,,,6,4677,0
10816,,,3,2,216,2,,,1,4350,1
10817,,,3,3,176,3,,,9,5575,0
10818,,,4,3,223,2,,,3,5765,1
10819,,,4,1,135,4,,,5,5934,0
10820,,,4,4,249,3,,,4,5809,1
10821,,,4,1,157,5,,,10,4871,0
10822,,,3,1,102,3,,,9,4459,1
10823,,,3,3,197,3,,,8,4568,0
10824,,,5,5,203,2,,,10,4790,1
10825,,,5,1,244,2,,,6,5217,0
10826,,,4,4,258,3,,,8,5324,1
10827,,,4,5,167,2,,,10,5067,0
10828,,,6,5,225,3,,,10,4972,0
10829,,,3,3,192,3,,,4,4339,1
10830,,,4,4,199,4,,,1,4163,1
10831,,,5,5,142,4,,,5,5749,0
10832,,,5,4,145,2,,,2,4753,0
10833,,,3,1,148,4,,,9,5536,0
10834,,,6,5,258,5,,,1,5376,0
10835,,,2,4,114,5,,,3,4423,0
10836,,,5,4,143,2,,,8,5291,0
10837,,,6,4,186,2,,,5,4851,1
10838,,,3,4,212,2,,,7,4742,0
10839,,,4,2,145,3,,,1,5400,0
10840,,,4,3,148,3,,,8,4240,1
10841,,,3,1,139,2,,,2,4534,0
10842,,,3,5,169,2,,,4,4466,1
10843,,,5,5,251,2,,,5,5178,1
10844,,,4,1,154,2,,,1,5578,0
10845,,,5,2,150,3,,,7,5980,0
10846,,,4,5,272,4,,,9,5034,1
10847,,,4,4,197,2,,,7,4684,0
10848,,,4,1,169,2,,,2,5702,1
10849,,,3,2,201,4,,,10,5565,0
10850,,,3,4,168,3,,,3,5303,1
10851,,,4,1,202,3,,,7,4788,0
10852,,,5,1,241,4,,,7,5519,1
10853,,,5,5,152,4,,,10,5913,1
10854,,,5,3,139,2,,,3,5261,0
10855,,,5,5,204,5,,,10,4251,0
10856,,,3,3,198,2,,,7,4996,1
10857,,,6,5,206,2,,,6,5646,1
10858,,,3,4,231,6,,,3,5910,1
10859,,,3,1,166,3,,,4,4716,0
10860,,,3,1,125,3,,,9,5489,0
10861,,,5,3,237,3,,,7,4208,1
10862,,,4,1,145,3,,,7,4386,1
10863,,,6,4,242,3,,,9,5920,0
10864,,,4,2,261,3,,,4,5345,1
10865,,,5,3,148,3,,,7,4714,0
10866,,,3,3,148,4,,,2,5557,0
10867,,,4,3,185,2,,,3,5914,1
10868,,,4,3,195,3,,,7,4915,1
10869,,,4,4,219,3,,,10,4947,0
10870,,,4,2,146,3,,,7,4381,1
10871,,,4,3,125,4,,,7,4203,1
10872,,,3,5,205,4,,,9,4819,1
10873,,,3,4,177,2,,,3,4240,1
10874,,,5,1,190,2,,,9,5226,0
10875,,,3,3,137,4,,,6,4803,1
10876,,,3,2,255,3,,,8,4471,0
10877,,,3,3,141,2,,,2,5923,0
10878,,,4,4,151,2,,,8,5724,0
10879,,,3,5,272,2,,,6,4652,0
10880,,,5,3,265,2,,,4,4641,1
10881,,,3,4,148,3,,,1,4387,0
10882,,,3,2,123,4,,,10,5891,0
10883,,,5,2,244,2,,,4,4992,1
10884,,,3,4,181,4,,,3,5163,1
10885,,,4,4,221,3,,,5,4024,0
10886,,,4,4,177,5,,,7,4070,1
10887,,,4,2,226,2,,,2,4332,0
10888,,,4,1,275,3,,,7,5382,1
10889,,,4,4,192,2,,,1,4429,0
10890,,,5,5,243,2,,,5,4709,0
10891,,,4,3,188,4,,,7,4024,1
10892,,,3,3,149,2,,,2,5311,0
10893,,,4,5,167,2,,,7,5800,0
10894,,,4,2,211,3,,,4,5989,0
10895,,,3,2,248,3,,,8,5171,0
10896,,,6,3,244,3,,,4,5277,1
10897,,,4,1,133,4,,,10,5258,0
10898,,,4,3,242,2,,,9,4876,0
10899,,,4,1,222,2,,,3,5665,1
10900,,,2,1,229,3,,,9,5075,0
10901,,,5,5,196,4,,,8,4604,1
10902,,,4,4,201,2,,,7,4320,0
10903,,,5,3,210,3,,,9,5912,0
10904,,,3,5,241,4,,,9,5526,1
10905,,,4,2,218,2,,,4,4299,1
10906,,,2,2,210,3,,,10,4324,1
10907,,,4,1,261,3,,,3,4673,1
10908,,,2,1,125,4,,,1,4097,1
10909,,,4,1,192,4,,,10,4570,1
10910,,,4,2,229,4,,,8,5385,0
10911,,,5,5,264,8,,,10,5759,1
10912,,,4,5,227,10,,,7,4403,0
10913,,,4,2,258,3,,,9,4977,1
10914,,,3,2,164,4,,,10,4560,1
10915,,,4,1,261,4,,,6,4888,0
10916,,,4,4,220,10,,,7,4598,0
10917,,,5,1,224,5,,,1,1600,0
10918,,,4,1,225,5,,,3,1488,0
10919,,,5,3,246,5,,,2,1185,0
10920,,,5,1,221,6,,,7,1841,1
10921,,,4,4,257,5,,,9,1869,1
10922,,,5,1,234,5,,,9,1932,1
10923,,,4,4,216,6,,,10,1255,0
10924,,,5,5,221,5,,,3,1220,0
10925,,,4,2,249,5,,,1,1200,0
10926,,,5,1,240,5,,,10,1373,1
10927,,,5,3,219,5,,,6,1553,0
10928,,,5,3,219,5,,,7,1993,1
10929,,,3,5,278,4,,,8,1785,0
10930,,,5,4,232,5,,,5,1337,0
10931,,,4,4,253,5,,,2,1709,0
10932,,,4,3,253,5,,,6,1366,1
10933,,,4,2,261,5,,,8,1235,1
10934,,,5,1,251,6,,,3,1562,0
10935,,,5,4,275,5,,,4,1522,1
10936,,,4,2,229,6,,,5,1689,0
10937,,,5,3,257,5,,,8,1981,1
10938,,,5,3,229,5,,,10,1951,0
10939,,,4,2,255,5,,,2,1186,1
10940,,,5,4,242,5,,,10,1365,0
10941,,,4,1,192,4,,,3,1689,0
10942,,,5,1,218,5,,,8,1651,1
10943,,,5,1,219,6,,,2,1650,1
10944,,,5,3,261,5,,,10,1434,1
10945,,,5,4,236,5,,,4,1948,0
10946,,,5,2,257,6,,,3,1379,1
10947,,,4,2,252,5,,,7,1134,1
10948,,,4,1,232,5,,,9,1145,0
10949,,,5,4,229,5,,,3,1861,1
10950,,,3,4,202,3,,,7,1946,0
10951,,,4,3,228,5,,,8,1753,1
10952,,,5,2,244,6,,,1,1199,0
10953,,,5,1,260,5,,,3,1705,0
10954,,,4,1,245,5,,,3,1496,1
10955,,,4,1,261,3,,,8,5206,1
10956,,,2,5,125,4,,,5,5866,0
10957,,,4,3,192,4,,,7,4949,0
10958,,,4,3,229,4,,,7,4829,0
10959,,,5,2,264,8,,,2,5252,1
10960,,,4,2,227,10,,,10,4619,0
10961,,,4,4,258,3,,,4,4578,0
10962,,,3,2,164,4,,,6,5761,0
10963,,,4,1,261,4,,,7,5600,1
10964,,,4,5,220,10,,,8,4100,1
10965,,,5,3,224,5,,,5,1842,0
10966,,,4,3,225,5,,,1,1755,0
10967,,,5,5,246,5,,,6,1300,0
10968,,,5,4,221,6,,,5,1944,0
10969,,,4,4,257,5,,,4,1668,0
10970,,,5,2,234,5,,,7,1524,0
10971,,,4,4,216,6,,,5,1272,0
10972,,,5,5,221,5,,,8,1718,0
10973,,,4,1,249,5,,,10,1762,1
10974,,,5,2,240,5,,,7,1923,0
10975,,,5,2,219,5,,,9,1505,0
10976,,,5,2,219,5,,,10,1276,0
10977,,,3,2,278,4,,,9,1631,0
10978,,,5,4,232,5,,,4,1561,0
10979,,,4,1,253,5,,,2,1362,0
10980,,,4,2,253,5,,,3,1086,1
10981,,,4,4,261,5,,,4,1649,1
10982,,,5,2,251,6,,,10,1196,0
10983,,,5,1,275,5,,,7,1623,1
10984,,,4,3,229,6,,,1,1235,1
10985,,,5,1,257,5,,,1,1102,1
10986,,,5,1,229,5,,,10,1040,1
10987,,,4,5,255,5,,,5,1458,1
10988,,,5,3,242,5,,,10,1846,1
10989,,,4,3,192,4,,,2,1830,0
10990,,,5,1,218,5,,,9,1603,0
10991,,,5,4,219,6,,,3,1098,0
10992,,,5,2,261,5,,,9,1227,1
10993,,,5,1,236,5,,,3,1906,0
10994,,,5,1,257,6,,,1,1150,0
10995,,,4,1,252,5,,,1,1538,1
10996,,,4,1,232,5,,,6,1247,0
10997,,,5,4,242,5,,,4,1155,0
10998,,,5,2,223,6,,,2,1210,0
10999,,,2,5,155,5,,,6,1639,0
